data;horario;n_da_ocorrencia;tipo_de_ocorrencia;km;trecho;sentido;tipo_de_acidente;automovel;bicicleta;caminhao;moto;onibus;outros;tracao_animal;transporte_de_cargas_especiais;trator_maquinas;utilitarios;ilesos;levemente_feridos;moderadamente_feridos;gravemente_feridos;mortos
"20/08/2023";"19:09:00";"245";"ac02 - Aci";"42";"BR-116/RJ";"Norte";"Colisão lateral no sentido contrário";1;0;0;1;0;0;0;0;0;0;1;0;0;1;0
"20/08/2023";"19:20:00";"248";"ac03 - Aci";"173";"BR-116/RJ";"Sul";"Choque - Defensa metálica";1;0;0;0;0;0;0;0;0;0;1;0;0;0;0
"20/08/2023";"20:40:00";"265";"ac03 - Aci";"101,68";"BR-493/RJ";"Sul";"Colisão Traseira";2;0;0;0;0;0;0;0;0;0;2;0;0;0;0
"20/08/2023";"21:02:00";"268";"ac03 - Aci";"86,5";"BR-493/RJ";"Sul";"Choque - New jersey";1;0;1;0;0;0;0;0;0;0;2;0;0;0;0
"21/08/2023";"03:41:00";"14";"ac03 - Aci";"482,5";"BR-116/MG";"Norte";"Choque - Arvore";1;0;0;0;0;0;0;0;0;0;1;0;0;0;0
"21/08/2023";"06:45:00";"37";"ac01 - Aci";"515,54";"BR-116/MG";"Norte";"Colisão Frontal";1;0;1;0;0;0;0;0;0;0;1;0;2;2;3
"21/08/2023";"07:10:00";"45";"ac03 - Aci";"180";"BR-116/RJ";"Norte";"Colisão Traseira";1;0;0;0;0;1;0;0;0;0;2;0;0;0;0
"21/08/2023";"16:05:00";"190";"ac02 - Aci";"169";"BR-116/RJ";"Sul";"Colisão lateral no mesmo sentido";1;0;0;1;0;0;0;0;0;0;1;0;1;0;0
"21/08/2023";"17:31:00";"204";"ac02 - Aci";"172";"BR-116/RJ";"Sul";"Colisão lateral no mesmo sentido";1;0;0;1;0;0;0;0;0;0;0;2;0;0;0
"21/08/2023";"18:58:00";"225";"ac03 - Aci";"79";"BR-116/RJ";"Norte";"Queda de Moto";0;0;0;1;0;0;0;0;0;0;1;0;0;0;0
"21/08/2023";"19:24:00";"232";"ac02 - Aci";"91";"BR-493/RJ";"Sul";"Atropelamento - Pedestre";0;0;1;0;0;1;0;0;0;0;1;1;0;0;0
"21/08/2023";"19:26:00";"233";"ac03 - Aci";"487,75";"BR-116/MG";"Sul";"Colisão Traseira";1;0;1;0;0;0;0;0;0;1;3;0;0;0;0
"21/08/2023";"20:35:00";"243";"ac02 - Aci";"501,45";"BR-116/MG";"Sul";"Atropelamento - Pedestre";1;0;0;0;0;0;0;0;0;0;1;0;1;0;0
"21/08/2023";"22:38:00";"251";"ac02 - Aci";"469,661";"BR-116/MG";"Sul";"Tombamento";0;0;1;0;0;0;0;0;0;0;0;1;0;0;0
"22/08/2023";"05:14:00";"18";"ac02 - Aci";"142,134";"BR-116/RJ";"Sul";"Atropelamento - Pedestre";1;0;0;0;0;0;0;0;0;0;4;0;1;0;0
"22/08/2023";"11:32:00";"120";"ac03 - Aci";"13";"BR-465/RJ";"Norte";"Colisão lateral no mesmo sentido";1;0;0;0;1;0;0;0;0;0;2;0;0;0;0
"22/08/2023";"16:03:00";"193";"ac02 - Aci";"175,109";"BR-116/RJ";"Norte";"Colisão lateral no mesmo sentido";1;0;0;1;0;0;0;0;0;0;1;0;1;0;0
"22/08/2023";"16:16:00";"196";"ac01 - Aci";"85,48";"BR-493/RJ";"Norte";"Atropelamento - Pedestre";0;0;0;0;0;1;0;0;0;0;1;0;0;0;1
"22/08/2023";"16:50:00";"206";"ac02 - Aci";"105,526";"BR-493/RJ";"Norte";"Saida de Pista";1;0;0;0;0;0;0;0;0;0;0;0;1;0;0
"22/08/2023";"18:26:00";"222";"ac03 - Aci";"21,14";"BR-493/RJ";"Sul";"Colisão lateral no mesmo sentido";1;0;1;0;0;0;0;0;0;0;2;0;0;0;0
"22/08/2023";"19:23:00";"231";"ac03 - Aci";"20";"BR-465/RJ";"Sul";"Colisão lateral no sentido contrário";1;0;0;1;0;0;0;0;0;0;2;0;0;0;0
"22/08/2023";"21:52:00";"254";"ac02 - Aci";"86,221";"BR-493/RJ";"Sul";"Atropelamento de Animal";1;0;0;0;0;0;0;0;0;0;0;0;1;0;0
"22/08/2023";"22:22:00";"259";"ac02 - Aci";"86,221";"BR-493/RJ";"Sul";"Atropelamento de Animal";1;0;0;0;0;0;0;0;0;0;0;1;0;0;0
"23/08/2023";"02:31:00";"10";"ac02 - Aci";"105,192";"BR-493/RJ";"Sul";"Atropelamento de Animal";0;0;1;0;0;0;0;0;0;0;0;1;0;0;0
"23/08/2023";"12:05:00";"179";"ac01 - Aci";"800,869";"BR-116/MG";"Sul";"Colisão Traseira";0;0;2;0;0;0;0;0;0;0;0;1;0;0;1
"23/08/2023";"13:36:00";"221";"ac02 - Aci";"197,568";"BR-116/RJ";"Norte";"Colisão lateral no mesmo sentido";1;0;1;0;0;0;0;0;0;0;1;1;0;0;0
"23/08/2023";"13:41:00";"224";"ac01 - Aci";"127,711";"BR-116/RJ";"Sul";"Choque - Talude ou Barranco";0;0;1;0;0;0;0;0;0;0;0;1;1;0;1
"23/08/2023";"15:48:00";"252";"ac02 - Aci";"527,073";"BR-116/MG";"Sul";"Colisão Transversal";1;0;0;1;0;0;0;0;0;0;1;0;1;0;0
"23/08/2023";"17:53:00";"275";"ac02 - Aci";"13,204";"BR-465/RJ";"Sul";"Colisão Traseira";0;0;0;1;0;1;0;0;0;0;1;1;0;0;0
"23/08/2023";"18:25:00";"282";"ac02 - Aci";"683";"BR-116/MG";"Norte";"Colisão Traseira";1;0;0;0;0;0;0;0;0;1;1;1;0;0;0
"23/08/2023";"20:21:00";"308";"ac02 - Aci";"102,35";"BR-493/RJ";"Norte";"Saida de Pista";1;0;0;0;0;0;0;0;0;0;0;0;1;0;0
"23/08/2023";"21:06:00";"319";"ac02 - Aci";"496,71";"BR-116/MG";"Norte";"Atropelamento - Pedestre";0;0;0;1;0;0;0;0;0;0;1;0;2;0;0
"23/08/2023";"21:24:00";"322";"ac01 - Aci";"701,673";"BR-116/MG";"Norte";"Colisão Transversal";0;0;1;1;0;0;0;0;0;0;1;0;0;0;1
"23/08/2023";"22:33:00";"334";"ac03 - Aci";"148";"BR-116/RJ";"Norte";"Colisão Traseira";1;0;0;0;1;0;0;0;0;0;2;0;0;0;0
"24/08/2023";"00:11:00";"2";"ac03 - Aci";"19,8";"BR-465/RJ";"Norte";"Colisão Traseira";1;0;0;0;0;0;1;0;0;0;2;0;0;0;0
"24/08/2023";"03:21:00";"16";"ac02 - Aci";"177";"BR-116/RJ";"Sul";"Colisão lateral no mesmo sentido";1;0;0;2;0;0;0;0;0;0;1;1;1;0;0
"24/08/2023";"05:42:00";"21";"ac02 - Aci";"185,662";"BR-116/RJ";"Sul";"Colisão Traseira";1;0;0;0;1;0;0;0;0;0;1;1;1;0;0
"24/08/2023";"07:23:00";"31";"ac02 - Aci";"499,479";"BR-116/MG";"Norte";"Choque - Pilar";0;0;1;0;0;0;0;0;0;0;0;1;0;0;0
"24/08/2023";"07:45:00";"43";"ac02 - Aci";"544,401";"BR-116/MG";"Sul";"Queda de Moto";0;0;0;1;0;0;0;0;0;0;0;0;0;1;0
"24/08/2023";"11:53:00";"161";"ac02 - Aci";"171,543";"BR-116/RJ";"Sul";"Colisão lateral no mesmo sentido";0;0;0;1;1;0;0;0;0;0;1;1;0;0;0
"24/08/2023";"12:00:00";"162";"ac03 - Aci";"796,841";"BR-116/MG";"Sul";"Saida de Pista";1;0;0;0;0;0;0;0;0;0;1;0;0;0;0
"24/08/2023";"15:24:00";"283";"ac02 - Aci";"14,574";"BR-465/RJ";"Norte";"Atropelamento Ciclista";0;0;1;0;0;0;0;0;0;0;1;0;0;1;0
"24/08/2023";"17:29:00";"317";"ac03 - Aci";"197,74";"BR-116/RJ";"Sul";"Engavetamento";1;0;1;0;1;0;0;0;0;0;3;0;0;0;0
"24/08/2023";"18:13:00";"327";"ac03 - Aci";"212,9";"BR-116/RJ";"Norte";"Colisão Traseira";1;0;1;0;0;0;0;0;0;0;2;0;0;0;0
"24/08/2023";"18:20:00";"331";"ac03 - Aci";"6";"BR-493/RJ";"Norte";"Queda de Moto";0;0;0;1;0;0;0;0;0;0;1;0;0;0;0
"24/08/2023";"19:18:00";"352";"ac03 - Aci";"191";"BR-116/RJ";"Norte";"Colisão lateral no mesmo sentido";1;0;1;0;0;0;0;0;0;0;2;0;0;0;0
"24/08/2023";"20:11:00";"365";"ac02 - Aci";"786";"BR-116/MG";"Norte";"Atropelamento - Andarilho";0;0;0;0;0;1;0;0;0;0;1;1;0;0;0
"24/08/2023";"21:50:00";"382";"ac03 - Aci";"6";"BR-493/RJ";"Sul";"Queda de Moto";0;0;0;1;0;0;0;0;0;0;1;0;0;0;0
"24/08/2023";"23:06:00";"393";"ac03 - Aci";"18";"BR-465/RJ";"Norte";"Choque - Meio Fio";1;0;0;0;0;0;0;0;0;0;1;0;0;0;0
"24/08/2023";"23:34:00";"395";"ac03 - Aci";"535";"BR-116/MG";"Sul";"Colisão Traseira";2;0;0;0;0;0;0;0;0;0;2;0;0;0;0
"25/08/2023";"00:04:00";"1";"ac02 - Aci";"174";"BR-116/RJ";"Sul";"Choque - Barreira";1;0;0;0;0;0;0;0;0;0;0;1;0;0;0
"25/08/2023";"05:17:00";"15";"ac02 - Aci";"64,148";"BR-116/RJ";"Sul";"Choque - Arvore";1;0;0;0;0;0;0;0;0;0;0;1;0;0;0
"25/08/2023";"08:34:00";"85";"ac03 - Aci";"702,421";"BR-116/MG";"Sul";"Colisão Frontal";2;0;0;0;0;0;0;0;0;0;2;0;0;0;0
"25/08/2023";"16:51:00";"204";"ac02 - Aci";"4,4";"BR-493/RJ";"Sul";"Capotamento";0;0;0;0;0;0;0;0;0;1;3;3;2;0;0
"25/08/2023";"16:59:00";"206";"ac03 - Aci";"19";"BR-465/RJ";"Sul";"Colisão lateral no sentido contrário";1;0;0;1;0;0;0;0;0;0;2;0;0;0;0
"25/08/2023";"17:17:00";"211";"ac03 - Aci";"555,23";"BR-116/MG";"Sul";"Saida de Pista";1;0;0;0;0;0;0;0;0;0;1;0;0;0;0
"25/08/2023";"18:23:00";"231";"ac02 - Aci";"191";"BR-116/RJ";"Sul";"Colisão lateral no mesmo sentido";1;0;1;0;0;0;0;0;0;0;1;1;0;0;0
"25/08/2023";"19:08:00";"240";"ac02 - Aci";"528,95";"BR-116/MG";"Norte";"Colisão lateral no mesmo sentido";2;0;0;0;0;0;0;0;0;0;1;1;0;0;0
"25/08/2023";"20:05:00";"254";"ac03 - Aci";"696,86";"BR-116/MG";"Norte";"Saida de Pista";0;0;0;0;1;0;0;0;0;0;6;0;0;0;0
"25/08/2023";"20:22:00";"257";"ac02 - Aci";"415";"BR-116/MG";"Sul";"Colisão lateral no mesmo sentido";2;0;0;0;0;0;0;0;0;0;2;0;1;0;0
"25/08/2023";"22:21:00";"273";"ac02 - Aci";"96,8";"BR-116/RJ";"Sul";"Tombamento";1;0;1;0;0;0;0;0;0;0;0;5;0;0;0
"25/08/2023";"23:47:00";"284";"ac02 - Aci";"175,131";"BR-116/RJ";"Norte";"Colisão Traseira";2;0;0;0;0;0;0;0;0;0;0;2;0;0;0
"25/08/2023";"23:50:00";"285";"ac02 - Aci";"70,25";"BR-116/RJ";"Norte";"Queda de Moto";0;0;0;1;0;0;0;0;0;0;0;0;1;0;0
"26/08/2023";"00:04:00";"1";"ac02 - Aci";"140,869";"BR-116/RJ";"Sul";"Queda de Moto";0;0;0;1;0;0;0;0;0;0;0;0;1;0;0
"26/08/2023";"04:36:00";"23";"ac02 - Aci";"54";"BR-493/RJ";"Norte";"Saida de Pista";1;0;0;0;0;0;0;0;0;0;0;1;0;0;0
"26/08/2023";"05:26:00";"25";"ac02 - Aci";"130,433";"BR-116/RJ";"Norte";"Queda de Moto";0;0;0;1;0;0;0;0;0;0;0;1;0;0;0
"26/08/2023";"06:36:00";"28";"ac02 - Aci";"496,322";"BR-116/MG";"Norte";"Queda de Moto";0;0;0;1;0;0;0;0;0;0;0;1;0;0;0
"26/08/2023";"06:39:00";"29";"ac02 - Aci";"193,3";"BR-116/RJ";"Sul";"Queda de Moto";0;0;0;1;0;0;0;0;0;0;0;1;0;0;0
"26/08/2023";"07:56:00";"51";"ac02 - Aci";"686";"BR-116/MG";"Norte";"Saida de Pista";1;0;0;0;0;0;0;0;0;0;0;1;0;0;0
"26/08/2023";"08:33:00";"61";"ac02 - Aci";"699,7";"BR-116/MG";"Norte";"Colisão lateral no sentido contrário";1;0;0;1;0;0;0;0;0;0;1;1;0;0;0
"26/08/2023";"08:39:00";"62";"ac03 - Aci";"776";"BR-116/MG";"Norte";"Choque - Sinalização";0;0;1;0;0;0;0;0;0;0;1;0;0;0;0
"26/08/2023";"12:03:00";"106";"ac03 - Aci";"119,1";"BR-493/RJ";"Sul";"Colisão Traseira";2;0;0;0;0;0;0;0;0;0;2;0;0;0;0
"26/08/2023";"12:57:00";"109";"ac02 - Aci";"172,8";"BR-116/RJ";"Sul";"Queda de Moto";0;0;0;1;0;0;0;0;0;0;0;1;0;0;0
"26/08/2023";"16:14:00";"147";"ac02 - Aci";"126,2";"BR-116/RJ";"Sul";"Saida de Pista";0;0;0;0;0;0;0;0;0;1;0;2;0;0;0
"26/08/2023";"17:05:00";"151";"ac02 - Aci";"78,358";"BR-116/RJ";"Norte";"Colisão Frontal";2;0;0;0;0;0;0;0;0;0;0;0;2;0;0
"26/08/2023";"17:31:00";"155";"ac01 - Aci";"715,8";"BR-116/MG";"Norte";"Colisão Transversal";1;0;1;0;0;0;0;0;0;0;1;0;0;0;3
"26/08/2023";"18:05:00";"160";"ac02 - Aci";"208,358";"BR-116/RJ";"Sul";"Choque - Defensa metálica";1;0;0;0;0;0;0;0;0;0;0;1;0;0;0
"26/08/2023";"18:31:00";"163";"ac02 - Aci";"475";"BR-116/MG";"Sul";"Atropelamento - Pedestre";0;0;0;1;0;0;0;0;0;0;1;1;0;0;0
"26/08/2023";"18:48:00";"167";"ac02 - Aci";"811,368";"BR-116/MG";"Norte";"Tombamento";0;0;1;0;0;0;0;0;0;0;0;1;0;0;0
"26/08/2023";"19:05:00";"174";"ac02 - Aci";"525";"BR-116/MG";"Sul";"Choque - Sinalização";1;0;0;0;0;0;0;0;0;0;0;1;0;0;0
"26/08/2023";"20:27:00";"188";"ac02 - Aci";"186";"BR-116/RJ";"Norte";"Colisão Frontal";0;1;0;1;0;0;0;0;0;0;0;1;1;0;0
"26/08/2023";"22:15:00";"204";"ac02 - Aci";"814";"BR-116/MG";"Norte";"Colisão Traseira";1;0;1;0;0;0;0;0;0;0;1;1;0;0;0
"26/08/2023";"22:25:00";"205";"ac02 - Aci";"116,771";"BR-116/RJ";"Sul";"Queda de Moto";0;0;0;1;0;0;0;0;0;0;0;0;2;0;0
"27/08/2023";"01:19:00";"12";"ac02 - Aci";"124";"BR-116/RJ";"Norte";"Choque - Outros";1;0;0;0;0;0;0;0;0;0;0;0;1;0;0
"27/08/2023";"05:11:00";"24";"ac03 - Aci";"107";"BR-116/RJ";"Norte";"Choque - Canaleta";1;0;0;0;0;0;0;0;0;0;1;0;0;0;0
"27/08/2023";"05:25:00";"26";"ac03 - Aci";"98,712";"BR-116/RJ";"Norte";"Saida de Pista";1;0;0;0;0;0;0;0;0;0;1;0;0;0;0
"27/08/2023";"07:36:00";"39";"ac03 - Aci";"770,338";"BR-116/MG";"Norte";"Colisão lateral no sentido contrário";1;0;1;0;0;0;0;0;0;0;2;0;0;0;0
"27/08/2023";"08:44:00";"49";"ac03 - Aci";"515,6";"BR-116/MG";"Norte";"Choque - Veiculo parado no acostamento";1;0;1;0;0;0;0;0;0;0;2;0;0;0;0
"27/08/2023";"09:47:00";"67";"ac03 - Aci";"78,2";"BR-116/RJ";"Norte";"Saida de Pista";1;0;0;0;0;0;0;0;0;0;1;0;0;0;0
"27/08/2023";"10:00:00";"71";"ac02 - Aci";"747,92";"BR-116/MG";"Norte";"Saida de Pista";1;0;0;0;0;0;0;0;0;0;0;4;0;0;0
"27/08/2023";"11:36:00";"91";"ac03 - Aci";"6,9";"BR-116/RJ";"Sul";"Choque - Meio Fio";1;0;0;0;0;0;0;0;0;0;1;0;0;0;0
"27/08/2023";"12:20:00";"98";"ac03 - Aci";"517,42";"BR-116/MG";"Norte";"Saida de Pista";1;0;0;0;0;0;0;0;0;0;1;0;0;0;0
"27/08/2023";"14:04:00";"112";"ac02 - Aci";"49,148";"BR-116/RJ";"Sul";"Choque - New jersey";1;0;0;0;0;0;0;0;0;0;1;2;0;0;0
"27/08/2023";"14:43:00";"121";"ac03 - Aci";"34,1";"BR-116/RJ";"Norte";"Choque - Talude ou Barranco";1;0;0;0;0;0;0;0;0;0;1;0;0;0;0
"27/08/2023";"15:43:00";"131";"ac02 - Aci";"410";"BR-116/MG";"Norte";"Queda de Ciclista";0;1;0;0;0;0;0;0;0;0;0;0;1;0;0
"27/08/2023";"17:13:00";"150";"ac02 - Aci";"204";"BR-116/RJ";"Norte";"Choque - Barreira";1;0;0;0;0;0;0;0;0;0;0;2;0;0;0
"27/08/2023";"17:48:00";"153";"ac01 - Aci";"22,2";"BR-493/RJ";"Sul";"Colisão Frontal";1;0;1;0;0;0;0;0;0;0;0;1;0;1;4
"27/08/2023";"19:22:00";"175";"ac03 - Aci";"778";"BR-116/MG";"Norte";"Saida de Pista";1;0;0;0;0;0;0;0;0;0;2;0;0;0;0
"27/08/2023";"19:24:00";"176";"ac02 - Aci";"690";"BR-116/MG";"Sul";"Colisão Traseira";1;0;0;1;0;0;0;0;0;0;1;0;2;0;0
"27/08/2023";"19:37:00";"177";"ac02 - Aci";"636,3";"BR-116/MG";"Norte";"Atropelamento Ciclista";1;1;0;0;0;0;0;0;0;0;1;0;1;0;0
"27/08/2023";"19:41:00";"180";"ac03 - Aci";"25";"BR-116/RJ";"Norte";"Colisão Traseira";1;0;1;0;0;0;0;0;0;0;2;0;0;0;0
"28/08/2023";"00:14:00";"2";"ac03 - Aci";"30,5";"BR-116/RJ";"Norte";"Choque - Canaleta";1;0;0;0;0;0;0;0;0;0;1;0;0;0;0
"28/08/2023";"02:21:00";"15";"ac02 - Aci";"487";"BR-116/MG";"Norte";"Choque - Arvore";1;0;0;0;0;0;0;0;0;0;0;1;0;0;0
"28/08/2023";"07:51:00";"71";"ac02 - Aci";"415,103";"BR-116/MG";"Norte";"Colisão Transversal";1;0;0;1;0;0;0;0;0;0;1;1;0;0;0
"28/08/2023";"08:01:00";"75";"ac02 - Aci";"515,092";"BR-116/MG";"Sul";"Colisão lateral no sentido contrário";1;0;1;0;0;0;0;0;0;0;2;1;0;0;0
"28/08/2023";"08:02:00";"76";"ac03 - Aci";"146";"BR-116/RJ";"Sul";"Colisão lateral no mesmo sentido";1;0;1;0;0;0;0;0;0;0;2;0;0;0;0
"28/08/2023";"08:22:00";"89";"ac03 - Aci";"747,92";"BR-116/MG";"Norte";"Choque - Meio Fio";1;0;0;0;0;0;0;0;0;0;1;0;0;0;0
"28/08/2023";"08:40:00";"94";"ac03 - Aci";"25,272";"BR-116/RJ";"Norte";"Choque - Elemento de Drenagem";1;0;0;0;0;0;0;0;0;0;1;0;0;0;0
"28/08/2023";"09:12:00";"107";"ac02 - Aci";"750,925";"BR-116/MG";"Sul";"Colisão Transversal";2;0;0;0;0;0;0;0;0;0;1;1;3;0;0
"28/08/2023";"09:52:00";"138";"ac02 - Aci";"27,255";"BR-116/RJ";"Norte";"Capotamento";1;0;0;0;0;0;0;0;0;0;0;0;1;0;0
"28/08/2023";"10:06:00";"144";"ac03 - Aci";"567,563";"BR-116/MG";"Norte";"Atropelamento de Animal";1;0;0;0;0;0;0;0;0;0;1;0;0;0;0
"28/08/2023";"12:23:00";"201";"ac02 - Aci";"27,903";"BR-116/RJ";"Sul";"Colisão lateral no sentido contrário";2;0;0;0;0;0;0;0;0;0;0;5;0;1;0
"28/08/2023";"13:44:00";"215";"ac02 - Aci";"183,508";"BR-116/RJ";"Sul";"Engavetamento";2;0;2;0;0;0;0;0;0;0;4;2;1;0;0
"28/08/2023";"15:25:00";"238";"ac03 - Aci";"51,189";"BR-493/RJ";"Sul";"Queda de Moto";0;0;0;1;0;0;0;0;0;0;1;0;0;0;0
"28/08/2023";"16:38:00";"255";"ac02 - Aci";"79,8";"BR-116/RJ";"Norte";"Choque - Defensa metálica";1;0;0;0;0;0;0;0;0;0;0;2;0;0;0
"28/08/2023";"17:41:00";"272";"ac03 - Aci";"191,1";"BR-116/RJ";"Sul";"Colisão lateral no sentido contrário";1;0;1;0;0;0;0;0;0;0;2;0;0;0;0
"28/08/2023";"19:33:00";"293";"ac03 - Aci";"176";"BR-116/RJ";"Sul";"Colisão Traseira";1;0;0;0;0;1;0;0;0;0;2;0;0;0;0
"28/08/2023";"22:44:00";"324";"ac02 - Aci";"809";"BR-116/MG";"Sul";"Choque - Meio Fio";1;0;0;0;0;0;0;0;0;0;0;2;0;0;0
"29/08/2023";"01:41:00";"8";"ac03 - Aci";"136";"BR-116/RJ";"Norte";"Atropelamento de Animal";1;0;0;0;0;0;0;0;0;0;1;0;0;0;0
"29/08/2023";"04:42:00";"14";"ac03 - Aci";"814,388";"BR-116/MG";"Sul";"Atropelamento de Animal";0;0;1;0;0;0;0;0;0;0;1;0;0;0;0
"29/08/2023";"06:18:00";"21";"ac01 - Aci";"86,452";"BR-493/RJ";"Sul";"Colisão lateral no mesmo sentido";0;0;0;1;0;1;0;0;0;0;1;0;0;0;1
"29/08/2023";"06:44:00";"24";"ac03 - Aci";"102,233";"BR-116/RJ";"Sul";"Choque - Canaleta";1;0;0;0;0;0;0;0;0;0;1;0;0;0;0
"29/08/2023";"07:08:00";"30";"ac03 - Aci";"103,462";"BR-116/RJ";"Norte";"Saida de Pista";1;0;0;0;0;0;0;0;0;0;1;0;0;0;0
"29/08/2023";"07:55:00";"64";"ac02 - Aci";"412,075";"BR-116/MG";"Sul";"Colisão lateral no mesmo sentido";0;1;0;1;0;0;0;0;0;0;0;0;2;0;0
"29/08/2023";"08:27:00";"95";"ac03 - Aci";"108,998";"BR-116/RJ";"Sul";"Saida de Pista";1;0;0;0;0;0;0;0;0;0;1;0;0;0;0
"29/08/2023";"08:31:00";"104";"ac02 - Aci";"186,385";"BR-116/RJ";"Norte";"Colisão lateral no mesmo sentido";0;0;0;2;0;0;0;0;0;0;1;2;0;0;0
"29/08/2023";"08:38:00";"110";"ac02 - Aci";"6,958";"BR-116/RJ";"Norte";"Tombamento";0;0;2;0;0;0;0;0;0;0;1;2;0;0;0
"29/08/2023";"09:35:00";"162";"ac02 - Aci";"179,6";"BR-116/RJ";"Sul";"Colisão Traseira";1;0;0;1;0;0;0;0;0;0;1;1;0;0;0
"29/08/2023";"10:13:00";"204";"ac02 - Aci";"11,758";"BR-493/RJ";"Sul";"Queda de Moto";0;0;0;1;0;0;0;0;0;0;0;0;2;0;0
"29/08/2023";"10:15:00";"209";"ac03 - Aci";"212,9";"BR-116/RJ";"Norte";"Colisão Traseira";1;0;0;0;0;1;0;0;0;0;2;0;0;0;0
"29/08/2023";"10:26:00";"217";"ac02 - Aci";"181";"BR-116/RJ";"Sul";"Colisão lateral no mesmo sentido";0;0;0;1;1;0;0;0;0;0;2;1;0;0;0
"29/08/2023";"13:21:00";"255";"ac02 - Aci";"182,34";"BR-116/RJ";"Sul";"Colisão Traseira";0;0;1;1;0;0;0;0;0;0;1;1;0;0;0
"29/08/2023";"16:56:00";"294";"ac02 - Aci";"61,7";"BR-116/RJ";"Norte";"Choque - Meio Fio";1;0;0;0;0;0;0;0;0;0;0;2;0;0;0
"29/08/2023";"18:12:00";"315";"ac02 - Aci";"442,08";"BR-116/MG";"Sul";"Colisão lateral no sentido contrário";2;0;0;0;0;0;0;0;0;0;3;2;0;0;0
"29/08/2023";"18:40:00";"327";"ac02 - Aci";"624,7";"BR-116/MG";"Norte";"Atropelamento de Animal";1;0;0;0;0;0;0;0;0;0;0;3;0;0;0
"29/08/2023";"18:53:00";"328";"ac02 - Aci";"171";"BR-116/RJ";"Sul";"Colisão Traseira";1;0;0;1;0;0;0;0;0;0;1;0;1;0;0
"29/08/2023";"19:44:00";"337";"ac02 - Aci";"110,063";"BR-116/RJ";"Norte";"Colisão lateral no mesmo sentido";1;0;0;2;0;0;0;0;0;0;1;1;1;0;0
"29/08/2023";"20:26:00";"344";"ac03 - Aci";"664";"BR-116/MG";"Norte";"Choque - Defensa metálica";1;0;0;0;0;0;0;0;0;0;1;0;0;0;0
"30/08/2023";"01:35:00";"9";"ac03 - Aci";"120";"BR-116/RJ";"Sul";"Atropelamento de Animal";1;0;0;0;0;0;0;0;0;0;1;0;0;0;0
"30/08/2023";"02:31:00";"15";"ac03 - Aci";"628";"BR-116/MG";"Norte";"Saida de Pista";1;0;0;0;0;0;0;0;0;0;1;0;0;0;0
"30/08/2023";"04:21:00";"22";"ac02 - Aci";"0,043";"BR-493/RJ";"Sul";"Atropelamento de Animal";0;0;0;1;0;0;0;0;0;0;0;0;1;0;0
"30/08/2023";"07:37:00";"47";"ac02 - Aci";"171,952";"BR-116/RJ";"Norte";"Colisão Traseira";1;0;0;1;0;0;0;0;0;0;1;1;1;0;0
"30/08/2023";"07:50:00";"52";"ac03 - Aci";"13,903";"BR-116/RJ";"Norte";"Tombamento";0;0;1;0;0;0;0;0;0;0;1;0;0;0;0
"30/08/2023";"08:31:00";"66";"ac02 - Aci";"191";"BR-116/RJ";"Norte";"Queda de Moto";0;0;0;1;0;0;0;0;0;0;0;0;2;0;0
"30/08/2023";"09:40:00";"89";"ac03 - Aci";"415";"BR-116/MG";"Norte";"Colisão lateral no mesmo sentido";1;0;1;0;0;0;0;0;0;0;2;0;0;0;0
"30/08/2023";"14:12:00";"188";"ac02 - Aci";"107,477";"BR-116/RJ";"Norte";"Colisão lateral no mesmo sentido";1;0;1;0;0;0;0;0;0;0;0;3;0;0;0
"30/08/2023";"19:50:00";"262";"ac02 - Aci";"4,5";"BR-465/RJ";"Norte";"Colisão lateral no sentido contrário";1;0;0;1;0;0;0;0;0;0;1;0;1;0;0
"30/08/2023";"21:46:00";"283";"ac02 - Aci";"67,372";"BR-116/RJ";"Norte";"Colisão lateral no sentido contrário";1;0;0;1;0;0;0;0;0;0;1;0;0;1;0
"31/08/2023";"01:50:00";"9";"ac02 - Aci";"212,783";"BR-116/RJ";"Sul";"Atropelamento de Animal";1;0;0;0;0;0;0;0;0;0;0;1;0;0;0
"31/08/2023";"03:10:00";"17";"ac01 - Aci";"143,649";"BR-116/RJ";"Norte";"Atropelamento - Pedestre";0;0;0;0;0;1;0;0;0;0;1;0;0;0;1
"31/08/2023";"03:58:00";"19";"ac02 - Aci";"142";"BR-116/RJ";"Sul";"Colisão Traseira";1;0;0;0;0;1;0;0;0;0;1;1;0;0;0
"31/08/2023";"07:48:00";"55";"ac02 - Aci";"143,65";"BR-116/RJ";"Norte";"Colisão Traseira";2;0;0;0;0;0;0;0;0;0;1;0;1;0;0
"31/08/2023";"09:19:00";"108";"ac02 - Aci";"522,82";"BR-116/MG";"Sul";"Colisão lateral no mesmo sentido";1;0;0;1;0;0;0;0;0;0;1;2;0;0;0
"31/08/2023";"13:30:00";"196";"ac02 - Aci";"702,703";"BR-116/MG";"Norte";"Colisão Transversal";0;0;1;1;0;0;0;0;0;0;1;0;1;0;0
"31/08/2023";"16:05:00";"239";"ac02 - Aci";"130";"BR-116/RJ";"Sul";"Choque - Meio Fio";1;0;0;0;0;0;0;0;0;0;0;1;1;0;0
"31/08/2023";"17:24:00";"252";"ac02 - Aci";"184,8";"BR-116/RJ";"Sul";"Queda de Moto";0;0;0;1;0;0;0;0;0;0;0;0;1;0;0
"31/08/2023";"20:00:00";"282";"ac02 - Aci";"83,46";"BR-493/RJ";"Sul";"Colisão Traseira";1;0;1;0;0;0;0;0;0;0;1;0;1;0;0
"31/08/2023";"21:35:00";"300";"ac02 - Aci";"176";"BR-116/RJ";"Sul";"Queda de Moto";0;0;0;1;0;0;0;0;0;0;0;1;1;0;0
"31/08/2023";"21:40:00";"302";"ac03 - Aci";"213";"BR-116/RJ";"Sul";"Colisão lateral no mesmo sentido";1;0;0;0;1;0;0;0;0;0;2;0;0;0;0
"31/08/2023";"23:53:00";"319";"ac02 - Aci";"29,173";"BR-116/RJ";"Norte";"Tombamento";0;0;1;0;0;0;0;0;0;0;0;0;1;0;0
"01/09/2023";"05:33:00";"16";"ac03 - Aci";"136,79";"BR-116/RJ";"Sul";"Colisão Traseira";2;0;0;0;0;0;0;0;0;0;2;0;0;0;0
"01/09/2023";"05:46:00";"17";"ac02 - Aci";"137,137";"BR-116/RJ";"Sul";"Colisão lateral no mesmo sentido";1;0;1;1;0;0;0;0;0;0;1;3;0;0;0