data;horario;n_da_ocorrencia;tipo_de_ocorrencia;km;trecho;sentido;tipo_de_acidente;automovel;bicicleta;caminhao;moto;onibus;outros;tracao_animal;transporte_de_cargas_especiais;trator_maquinas;utilitarios;ilesos;levemente_feridos;moderadamente_feridos;gravemente_feridos;mortos
"06/10/2023";"02:15:00";"11";"ac02-Acide";"62,4";"BR-116/RJ";"Norte";"Choque - Meio Fio";1;0;0;0;0;0;0;0;0;0;0;1;0;0;0
"06/10/2023";"03:23:00";"14";"ac02-Acide";"802";"BR-116/MG";"Sul";"Tombamento";0;0;1;0;0;0;0;0;0;0;0;0;0;1;0
"06/10/2023";"04:59:00";"19";"ac01-Acide";"196,95";"BR-116/RJ";"Sul";"Capotamento";1;0;1;0;0;0;0;0;0;0;1;0;1;0;1
"06/10/2023";"07:51:00";"89";"ac02-Acide";"187,5";"BR-116/RJ";"Norte";"Colisão Traseira";2;0;0;0;0;0;0;0;0;0;0;2;0;0;0
"06/10/2023";"09:59:00";"188";"ac03-Acide";"7,6";"BR-465/RJ";"Norte";"Saida de Pista";1;0;0;0;0;1;0;0;0;0;1;0;0;0;0
"06/10/2023";"11:12:00";"210";"ac03-Acide";"182";"BR-116/RJ";"Sul";"Colisão Traseira";2;0;0;0;0;0;0;0;0;0;2;0;0;0;0
"06/10/2023";"14:07:00";"243";"ac03-Acide";"42,4";"BR-116/RJ";"Norte";"Colisão Traseira";1;0;1;0;0;0;0;0;0;0;2;0;0;0;0
"06/10/2023";"14:59:00";"258";"ac02-Acide";"21,262";"BR-465/RJ";"Sul";"Colisão lateral no mesmo sentido";0;0;0;1;0;1;0;0;0;0;0;0;1;0;0
"06/10/2023";"15:06:00";"260";"ac01-Acide";"554,498";"BR-116/MG";"Norte";"Colisão lateral no sentido contrário";1;0;1;0;0;0;0;0;0;0;1;0;0;1;1
"06/10/2023";"16:12:00";"276";"ac03-Acide";"184";"BR-116/RJ";"Sul";"Engavetamento";2;0;0;0;0;2;0;0;0;0;2;0;0;0;0
"06/10/2023";"16:31:00";"279";"ac02-Acide";"174";"BR-116/RJ";"Norte";"Colisão Traseira";2;0;0;0;0;0;0;0;0;0;0;4;0;0;0
"06/10/2023";"16:46:00";"285";"ac02-Acide";"53,7";"BR-116/RJ";"Sul";"Colisão lateral no mesmo sentido";1;0;0;1;0;0;0;0;0;0;1;0;1;0;0
"06/10/2023";"17:05:00";"288";"ac02-Acide";"554,05";"BR-116/MG";"Sul";"Colisão Traseira";1;0;0;1;0;0;0;0;0;0;1;0;0;1;0
"06/10/2023";"17:20:00";"296";"ac03-Acide";"527";"BR-116/MG";"Sul";"Colisão Traseira";2;0;0;0;0;0;0;0;0;0;2;0;0;0;0
"06/10/2023";"17:52:00";"307";"ac02-Acide";"173";"BR-116/RJ";"Sul";"Colisão Traseira";1;0;0;1;0;0;0;0;0;0;1;3;0;0;0
"06/10/2023";"17:58:00";"308";"ac02-Acide";"183,5";"BR-116/RJ";"Sul";"Queda de Moto";0;0;0;1;0;0;0;0;0;0;0;2;0;0;0
"06/10/2023";"17:59:00";"309";"ac02-Acide";"44";"BR-116/RJ";"Sul";"Colisão Traseira";0;0;0;1;0;1;0;0;0;0;0;2;0;0;0
"06/10/2023";"19:18:00";"326";"ac02-Acide";"184,85";"BR-116/RJ";"Norte";"Engavetamento";3;0;0;0;0;0;0;0;0;0;2;2;0;0;0
"06/10/2023";"19:36:00";"329";"ac02-Acide";"182";"BR-116/RJ";"Sul";"Colisão lateral no mesmo sentido";1;0;0;1;0;0;0;0;0;0;1;0;1;0;0
"06/10/2023";"20:37:00";"342";"ac02-Acide";"12";"BR-465/RJ";"Norte";"Colisão Transversal";1;1;0;0;0;0;0;0;0;0;0;1;0;0;0
"06/10/2023";"20:54:00";"345";"ac03-Acide";"172,2";"BR-116/RJ";"Sul";"Engavetamento";5;0;0;0;0;0;0;0;0;0;6;0;0;0;0
"07/10/2023";"04:39:00";"21";"ac02-Acide";"193,165";"BR-116/RJ";"Norte";"Choque - Defensa metálica";0;0;1;0;0;0;0;0;0;0;0;2;0;0;0
"07/10/2023";"08:11:00";"121";"ac03-Acide";"88,951";"BR-493/RJ";"Sul";"Saida de Pista";0;0;1;0;0;0;0;0;0;0;1;0;0;0;0
"07/10/2023";"08:54:00";"136";"ac02-Acide";"96,5";"BR-493/RJ";"Norte";"Choque - Canaleta";1;0;0;0;0;0;0;0;0;0;0;2;0;0;0
"07/10/2023";"10:02:00";"160";"ac02-Acide";"523";"BR-116/MG";"Norte";"Colisão lateral no sentido contrário";1;0;1;0;0;0;0;0;0;0;2;0;1;0;0
"07/10/2023";"11:26:00";"188";"ac03-Acide";"415";"BR-116/MG";"Norte";"Engavetamento";3;0;0;0;0;0;0;0;0;0;3;0;0;0;0
"07/10/2023";"13:06:00";"212";"ac03-Acide";"503";"BR-116/MG";"Norte";"Colisão lateral no sentido contrário";1;0;1;0;0;0;0;0;0;0;1;0;0;0;0
"07/10/2023";"13:49:00";"226";"ac02-Acide";"176";"BR-116/RJ";"Norte";"Colisão Traseira";1;0;0;1;0;0;0;0;0;0;2;0;1;0;0
"07/10/2023";"15:27:00";"259";"ac02-Acide";"755";"BR-116/MG";"Sul";"Atropelamento Ciclista";0;1;0;1;0;0;0;0;0;0;0;2;1;0;0
"07/10/2023";"18:19:00";"291";"ac03-Acide";"518";"BR-116/MG";"Norte";"Saida de Pista";1;0;0;0;0;0;0;0;0;0;1;0;0;0;0
"07/10/2023";"19:11:00";"306";"ac02-Acide";"45,505";"BR-116/RJ";"Norte";"Colisão Frontal";2;0;0;0;0;0;0;0;0;0;0;0;4;1;0
"07/10/2023";"19:30:00";"310";"ac02-Acide";"506,307";"BR-116/MG";"Norte";"Colisão lateral no mesmo sentido";1;0;0;1;0;0;0;0;0;0;1;2;0;0;0
"07/10/2023";"20:40:00";"323";"ac02-Acide";"567";"BR-116/MG";"Norte";"Colisão lateral no sentido contrário";1;0;1;0;0;0;0;0;0;0;1;1;0;0;0
"07/10/2023";"21:15:00";"330";"ac02-Acide";"23,798";"BR-493/RJ";"Norte";"Capotamento";1;0;0;0;0;0;0;0;0;0;0;1;1;0;0
"07/10/2023";"21:23:00";"332";"ac02-Acide";"1,328";"BR-465/RJ";"Norte";"Colisão lateral no sentido contrário";1;0;0;1;0;0;0;0;0;0;0;1;0;0;0
"08/10/2023";"07:34:00";"67";"ac02-Acide";"48,264";"BR-493/RJ";"Sul";"Choque - Defensa metálica";1;0;0;0;0;0;0;0;0;0;0;2;0;0;0
"08/10/2023";"10:24:00";"106";"ac03-Acide";"38";"BR-116/RJ";"Sul";"Choque - Meio Fio";1;0;0;0;0;0;0;0;0;0;1;0;0;0;0
"08/10/2023";"11:37:00";"119";"ac02-Acide";"101,9";"BR-493/RJ";"Sul";"Choque - Meio Fio";1;0;0;0;0;0;0;0;0;0;0;1;0;0;0
"08/10/2023";"11:42:00";"121";"ac02-Acide";"20,2";"BR-493/RJ";"Norte";"Colisão Frontal";1;0;2;1;0;0;0;0;0;0;0;2;1;2;0
"08/10/2023";"11:43:00";"122";"ac02-Acide";"538";"BR-116/MG";"Norte";"Colisão Frontal";1;0;1;0;0;0;0;0;0;0;1;0;0;1;0
"08/10/2023";"13:43:00";"150";"ac02-Acide";"607";"BR-116/MG";"Norte";"Colisão Traseira";1;0;1;0;0;0;0;0;0;0;1;1;1;0;0
"08/10/2023";"13:53:00";"152";"ac02-Acide";"534,25";"BR-116/MG";"Norte";"Tombamento";0;0;1;0;0;0;0;0;0;0;0;1;0;0;0
"08/10/2023";"18:27:00";"204";"ac02-Acide";"2";"BR-493/RJ";"Sul";"Capotamento";1;0;0;0;0;0;0;0;0;0;0;3;0;0;0
"08/10/2023";"20:44:00";"227";"ac02-Acide";"171";"BR-116/RJ";"Norte";"Colisão Traseira";2;0;0;0;0;0;0;0;0;0;0;2;0;0;0
"08/10/2023";"20:54:00";"231";"ac03-Acide";"171";"BR-116/RJ";"Norte";"Colisão Traseira";2;0;0;0;0;0;0;0;0;0;2;0;0;0;0
"08/10/2023";"21:10:00";"237";"ac02-Acide";"185";"BR-116/RJ";"Norte";"Colisão Traseira";1;0;0;1;0;0;0;0;0;0;0;1;0;1;0
"09/10/2023";"01:49:00";"12";"ac02-Acide";"478,3";"BR-116/MG";"Norte";"Colisão Frontal";1;0;1;0;0;0;0;0;0;0;1;0;0;1;0
"09/10/2023";"03:20:00";"16";"ac02-Acide";"0,4";"BR-493/RJ";"Sul";"Colisão lateral no sentido contrário";1;0;0;1;0;0;0;0;0;0;1;0;0;1;0
"09/10/2023";"06:42:00";"35";"ac03-Acide";"63,813";"BR-493/RJ";"Norte";"Choque - Meio Fio";1;0;0;0;0;0;0;0;0;0;1;0;0;0;0
"09/10/2023";"09:25:00";"107";"ac03-Acide";"130,951";"BR-116/RJ";"Norte";"Colisão lateral no mesmo sentido";1;0;1;0;0;0;0;0;0;0;4;0;0;0;0
"09/10/2023";"10:46:00";"146";"ac02-Acide";"759,126";"BR-116/MG";"Sul";"Colisão Traseira";0;0;2;0;0;0;0;0;0;0;1;1;0;0;0
"09/10/2023";"11:46:00";"161";"ac02-Acide";"528,428";"BR-116/MG";"Norte";"Colisão Transversal";1;0;0;1;0;0;0;0;0;0;1;1;0;0;0
"09/10/2023";"15:38:00";"218";"ac02-Acide";"414,415";"BR-116/MG";"Norte";"Colisão Transversal";1;0;0;1;0;0;0;0;0;0;1;0;1;0;0
"09/10/2023";"16:03:00";"224";"ac02-Acide";"19,149";"BR-465/RJ";"Sul";"Atropelamento - Pedestre";1;0;0;0;0;0;0;0;0;0;1;0;1;0;0
"09/10/2023";"16:51:00";"230";"ac02-Acide";"452,158";"BR-116/MG";"Sul";"Colisão Traseira";1;0;1;0;0;0;0;0;0;0;0;1;0;0;0
"09/10/2023";"17:11:00";"232";"ac03-Acide";"131,638";"BR-116/RJ";"Norte";"Choque - Meio Fio";1;0;0;0;0;0;0;0;0;0;1;0;0;0;0
"09/10/2023";"19:10:00";"256";"ac03-Acide";"176";"BR-116/RJ";"Sul";"Colisão Traseira";1;0;0;0;0;1;0;0;0;0;2;0;0;0;0
"09/10/2023";"19:41:00";"262";"ac02-Acide";"700,85";"BR-116/MG";"Sul";"Colisão lateral no sentido contrário";1;0;0;1;0;0;0;0;0;0;0;1;0;1;0
"09/10/2023";"21:58:00";"287";"ac02-Acide";"520";"BR-116/MG";"Sul";"Atropelamento de Animal";0;0;0;0;1;0;0;0;0;0;0;1;0;0;0
"10/10/2023";"05:25:00";"32";"ac02-Acide";"708,2";"BR-116/MG";"Sul";"Capotamento";1;0;0;0;0;0;0;0;0;0;0;1;0;0;0
"10/10/2023";"07:01:00";"56";"ac02-Acide";"187,6";"BR-116/RJ";"Norte";"Engavetamento";4;0;0;0;0;0;0;0;0;0;0;4;0;0;0
"10/10/2023";"08:12:00";"92";"ac03-Acide";"23,183";"BR-493/RJ";"Norte";"Engavetamento";3;0;0;0;0;0;0;0;0;0;4;0;0;0;0
"10/10/2023";"08:34:00";"107";"ac02-Acide";"172,462";"BR-116/RJ";"Norte";"Colisão lateral no mesmo sentido";1;0;0;1;0;0;0;0;0;0;1;0;1;0;0
"10/10/2023";"09:12:00";"128";"ac02-Acide";"3,646";"BR-465/RJ";"Norte";"Colisão Transversal";1;0;0;1;0;0;0;0;0;0;0;1;1;0;0
"10/10/2023";"09:43:00";"142";"ac02-Acide";"607,318";"BR-116/MG";"Norte";"Colisão Traseira";1;0;1;0;0;0;0;0;0;0;0;2;0;0;0
"10/10/2023";"11:18:00";"170";"ac03-Acide";"600,441";"BR-116/MG";"Sul";"Choque - New jersey";1;0;0;0;0;0;0;0;0;0;1;0;0;0;0
"10/10/2023";"11:18:00";"171";"ac02-Acide";"182";"BR-116/RJ";"Norte";"Queda de Moto";0;0;0;1;0;0;0;0;0;0;0;1;1;0;0
"10/10/2023";"12:17:00";"181";"ac03-Acide";"211,6";"BR-116/RJ";"Sul";"Colisão lateral no sentido contrário";1;0;1;0;0;0;0;0;0;0;2;0;0;0;0
"10/10/2023";"12:36:00";"186";"ac03-Acide";"144,362";"BR-116/RJ";"Norte";"Choque - Defensa metálica";1;0;1;0;0;0;0;0;0;0;3;0;0;0;0
"10/10/2023";"13:21:00";"195";"ac02-Acide";"28,087";"BR-116/RJ";"Sul";"Tombamento";0;0;1;0;0;0;0;0;0;0;0;1;0;0;0
"10/10/2023";"13:50:00";"198";"ac02-Acide";"811,384";"BR-116/MG";"Norte";"Tombamento";0;0;1;0;0;0;0;0;0;0;0;1;0;0;0
"10/10/2023";"14:44:00";"208";"ac03-Acide";"520,207";"BR-116/MG";"Sul";"Choque - Defensa metálica";0;0;1;0;0;0;0;0;0;0;1;0;0;0;0
"10/10/2023";"14:45:00";"209";"ac03-Acide";"98,714";"BR-116/RJ";"Sul";"Colisão lateral no sentido contrário";2;0;0;0;0;0;0;0;0;0;3;0;0;0;0
"10/10/2023";"16:04:00";"234";"ac03-Acide";"90,318";"BR-116/RJ";"Sul";"Choque - Canaleta";1;0;0;0;0;0;0;0;0;0;1;0;0;0;0
"10/10/2023";"18:31:00";"260";"ac02-Acide";"5,9";"BR-465/RJ";"Norte";"Colisão lateral no sentido contrário";2;0;0;0;1;0;0;0;0;0;1;1;0;0;0
"10/10/2023";"19:43:00";"265";"ac02-Acide";"426";"BR-116/MG";"Norte";"Atropelamento de Animal";1;0;0;0;0;0;0;0;0;0;0;1;0;0;0
"10/10/2023";"20:47:00";"273";"ac02-Acide";"548";"BR-116/MG";"Norte";"Capotamento";1;0;0;0;0;0;0;0;0;0;0;1;0;0;0
"10/10/2023";"23:05:00";"293";"ac03-Acide";"6";"BR-493/RJ";"Norte";"Colisão Traseira";1;0;0;0;0;0;0;0;0;1;3;0;0;0;0
"11/10/2023";"01:36:00";"6";"ac03-Acide";"94";"BR-116/RJ";"Sul";"Saida de Pista";0;0;1;0;0;0;0;0;0;0;1;0;0;0;0
"11/10/2023";"04:28:00";"15";"ac02-Acide";"96";"BR-116/RJ";"Sul";"Choque - Meio Fio";1;0;0;0;0;0;0;0;0;0;0;1;0;0;0
"11/10/2023";"06:10:00";"24";"ac02-Acide";"183,5";"BR-116/RJ";"Norte";"Colisão lateral no mesmo sentido";1;0;0;1;0;0;0;0;0;0;0;2;0;0;0
"11/10/2023";"07:13:00";"42";"ac03-Acide";"608,217";"BR-116/MG";"Norte";"Saida de Pista";1;0;0;0;0;0;0;0;0;0;1;0;0;0;0
"11/10/2023";"07:36:00";"75";"ac03-Acide";"117,8";"BR-493/RJ";"Sul";"Saida de Pista";0;0;0;0;0;0;0;0;0;1;0;0;0;0;0
"11/10/2023";"07:55:00";"97";"ac02-Acide";"135,744";"BR-116/RJ";"Norte";"Queda de Moto";0;0;0;1;0;0;0;0;0;0;0;1;0;0;0
"11/10/2023";"08:00:00";"92";"ac02-Acide";"171,7";"BR-116/RJ";"Norte";"Queda de Moto";0;0;0;1;0;0;0;0;0;0;0;1;0;0;0
"11/10/2023";"08:20:00";"110";"ac03-Acide";"212,9";"BR-116/RJ";"Sul";"Colisão Traseira";1;0;1;0;0;0;0;0;0;0;2;0;0;0;0
"11/10/2023";"09:23:00";"148";"ac03-Acide";"414,35";"BR-116/MG";"Sul";"Colisão lateral no mesmo sentido";1;0;0;1;0;0;0;0;0;0;2;0;0;0;0
"11/10/2023";"09:53:00";"170";"ac02-Acide";"449,384";"BR-116/MG";"Norte";"Tombamento";0;0;1;0;0;0;0;0;0;0;0;1;0;0;0
"11/10/2023";"10:11:00";"183";"ac02-Acide";"174";"BR-116/RJ";"Norte";"Engavetamento";3;0;0;0;0;0;0;0;0;0;0;3;0;0;0
"11/10/2023";"10:54:00";"197";"ac02-Acide";"185";"BR-116/RJ";"Norte";"Colisão Traseira";1;0;0;1;0;0;0;0;0;0;1;1;0;0;0
"11/10/2023";"14:36:00";"264";"ac02-Acide";"21";"BR-465/RJ";"Sul";"Colisão lateral no mesmo sentido";1;0;0;1;0;0;0;0;0;0;0;0;0;1;0
"11/10/2023";"15:18:00";"273";"ac03-Acide";"20";"BR-493/RJ";"Sul";"Colisão lateral no mesmo sentido";1;0;1;0;0;0;0;0;0;0;0;0;0;0;0
"11/10/2023";"15:38:00";"279";"ac02-Acide";"187";"BR-116/RJ";"Norte";"Engavetamento";2;0;0;0;0;2;0;0;0;0;0;3;0;0;0
"11/10/2023";"17:02:00";"303";"ac02-Acide";"175";"BR-116/RJ";"Sul";"Colisão lateral no mesmo sentido";1;0;0;1;0;0;0;0;0;0;1;1;0;0;0
"11/10/2023";"19:10:00";"344";"ac02-Acide";"77";"BR-116/RJ";"Norte";"Queda de Moto";0;0;0;1;0;0;0;0;0;0;0;0;1;0;0
"11/10/2023";"19:37:00";"354";"ac03-Acide";"581,239";"BR-116/MG";"Sul";"Atropelamento de Animal";1;0;0;0;0;0;0;0;0;0;1;0;0;0;0
"11/10/2023";"19:41:00";"357";"ac02-Acide";"90,804";"BR-493/RJ";"Sul";"Queda de Moto";0;0;0;1;0;0;0;0;0;0;0;2;0;0;0
"11/10/2023";"20:33:00";"383";"ac03-Acide";"135,5";"BR-116/RJ";"Sul";"Choque - Defensa metálica";1;0;0;0;0;0;0;0;0;0;1;0;0;0;0
"11/10/2023";"21:18:00";"397";"ac03-Acide";"633,4";"BR-116/MG";"Norte";"Colisão lateral no mesmo sentido";0;0;0;0;0;1;0;0;0;1;1;0;0;0;0
"11/10/2023";"22:33:00";"410";"ac02-Acide";"6";"BR-493/RJ";"Norte";"Atropelamento - Pedestre";1;0;0;0;0;0;0;0;0;0;1;0;1;0;0
"12/10/2023";"04:32:00";"20";"ac03-Acide";"531";"BR-116/MG";"Norte";"Colisão Traseira";1;0;1;0;0;0;0;0;0;0;1;0;0;0;0
"12/10/2023";"09:15:00";"108";"ac03-Acide";"132";"BR-116/RJ";"Sul";"Choque - Meio Fio";0;0;0;0;0;0;0;0;0;1;0;0;0;0;0
"12/10/2023";"12:31:00";"166";"ac03-Acide";"743";"BR-116/MG";"Norte";"Colisão Transversal";2;0;0;0;0;0;0;0;0;0;2;0;0;0;0
"12/10/2023";"14:21:00";"188";"ac03-Acide";"120";"BR-116/RJ";"Norte";"Saida de Pista";1;0;0;0;0;0;0;0;0;0;0;0;0;0;0
"12/10/2023";"14:37:00";"190";"ac02-Acide";"185,7";"BR-116/RJ";"Sul";"Colisão Traseira";1;0;1;0;0;0;0;0;0;0;0;2;1;0;0
"12/10/2023";"15:01:00";"193";"ac02-Acide";"185";"BR-116/RJ";"Norte";"Colisão Traseira";2;0;0;0;0;0;0;0;0;0;0;1;0;0;0
"12/10/2023";"17:54:00";"224";"ac03-Acide";"419";"BR-116/MG";"Norte";"Queda de Moto";0;0;0;1;0;0;0;0;0;0;2;0;0;0;0
"12/10/2023";"18:04:00";"227";"ac02-Acide";"16,978";"BR-465/RJ";"Norte";"Colisão Frontal";1;0;0;0;1;0;0;0;0;0;0;1;1;1;0
"12/10/2023";"23:46:00";"283";"ac03-Acide";"765";"BR-116/MG";"Norte";"Choque - Outros";0;0;0;0;0;0;0;0;0;1;1;0;0;0;0
"13/10/2023";"08:06:00";"65";"ac02-Acide";"530";"BR-116/MG";"Norte";"Choque - Talude ou Barranco";1;0;0;0;0;0;0;0;0;0;0;1;0;0;0
"13/10/2023";"12:33:00";"167";"ac03-Acide";"21,967";"BR-465/RJ";"Norte";"Colisão Traseira";1;0;0;0;1;0;0;0;0;0;2;0;0;0;0
"13/10/2023";"13:12:00";"177";"ac02-Acide";"12,891";"BR-493/RJ";"Norte";"Choque - Talude ou Barranco";2;0;0;0;0;0;0;0;0;0;0;0;1;0;0
"13/10/2023";"13:14:00";"178";"ac02-Acide";"585";"BR-116/MG";"Norte";"Colisão lateral no mesmo sentido";1;0;0;1;0;0;0;0;0;0;0;2;0;0;0
"13/10/2023";"13:45:00";"184";"ac02-Acide";"11,964";"BR-493/RJ";"Norte";"Engavetamento";1;0;0;0;0;0;0;0;0;2;3;4;0;0;0
"13/10/2023";"14:29:00";"192";"ac03-Acide";"206,744";"BR-116/RJ";"Norte";"Choque - Defensa metálica";1;0;0;0;0;0;0;0;0;0;3;0;0;0;0
"13/10/2023";"14:48:00";"194";"ac02-Acide";"74,626";"BR-493/RJ";"Norte";"Colisão Traseira";0;0;1;0;0;0;0;0;0;1;1;1;0;0;0
"13/10/2023";"15:03:00";"196";"ac03-Acide";"212,539";"BR-116/RJ";"Sul";"Colisão lateral no mesmo sentido";2;0;0;0;0;0;0;0;0;0;2;0;0;0;0
"13/10/2023";"15:22:00";"202";"ac03-Acide";"131,5";"BR-116/RJ";"Sul";"Choque - Defensa metálica";0;0;1;0;0;0;0;0;0;0;2;0;0;0;0
"13/10/2023";"15:34:00";"203";"ac02-Acide";"99,957";"BR-116/RJ";"Norte";"Queda de Moto";1;0;0;1;0;0;0;0;0;0;2;0;1;1;0
"13/10/2023";"18:12:00";"227";"ac03-Acide";"129,9";"BR-116/RJ";"Sul";"Colisão Traseira";0;0;2;0;0;0;0;0;0;0;2;0;0;0;0
"13/10/2023";"18:26:00";"230";"ac02-Acide";"96";"BR-493/RJ";"Sul";"Choque - Canaleta";1;0;0;0;0;0;0;0;0;0;0;2;0;0;0
"13/10/2023";"19:43:00";"246";"ac01-Acide";"196,564";"BR-116/RJ";"Sul";"Atropelamento - Morador";1;0;0;0;0;0;0;0;0;0;0;0;0;0;1
"13/10/2023";"20:57:00";"256";"ac02-Acide";"1";"BR-493/RJ";"Sul";"Colisão lateral no mesmo sentido";2;0;0;0;0;0;0;0;0;0;4;1;0;0;0
"13/10/2023";"21:34:00";"262";"ac02-Acide";"577,468";"BR-116/MG";"Sul";"Tombamento";0;0;1;0;0;0;0;0;0;0;0;0;1;0;0
"13/10/2023";"22:58:00";"270";"ac03-Acide";"775";"BR-116/MG";"Norte";"Choque - Meio Fio";1;0;0;0;0;0;0;0;0;0;0;0;0;0;0
"14/10/2023";"02:00:00";"12";"ac03-Acide";"518";"BR-116/MG";"Norte";"Queda de Moto";0;0;0;1;0;0;0;0;0;0;1;0;0;0;0
"14/10/2023";"03:36:00";"20";"ac02-Acide";"559";"BR-116/MG";"Norte";"Tombamento";0;0;1;0;0;0;0;0;0;0;0;0;1;0;0
"14/10/2023";"04:37:00";"22";"ac03-Acide";"135,4";"BR-116/RJ";"Norte";"Choque - Meio Fio";1;0;0;0;0;0;0;0;0;0;1;0;0;0;0
"14/10/2023";"04:47:00";"23";"ac03-Acide";"128,8";"BR-116/RJ";"Norte";"Choque - Arvore";0;0;2;0;0;0;0;0;0;0;2;0;0;0;0
"14/10/2023";"04:58:00";"24";"ac02-Acide";"172,7";"BR-116/RJ";"Sul";"Capotamento";1;0;0;0;0;0;0;0;0;0;0;1;1;0;0
"14/10/2023";"07:41:00";"61";"ac03-Acide";"99";"BR-116/RJ";"Norte";"Choque - New jersey";1;0;0;0;0;0;0;0;0;0;0;0;0;0;0
"14/10/2023";"07:44:00";"64";"ac02-Acide";"22,86";"BR-116/RJ";"Sul";"Queda de veículo em ribanceira, ponte ou viaduto";1;0;0;0;0;0;0;0;0;0;0;1;2;0;0
"14/10/2023";"08:56:00";"83";"ac01-Acide";"715,718";"BR-116/MG";"Sul";"Colisão Frontal";0;0;2;0;0;0;0;0;0;0;0;0;1;0;1
"14/10/2023";"10:24:00";"95";"ac02-Acide";"98,906";"BR-116/RJ";"Sul";"Choque - Talude ou Barranco";1;0;0;0;0;0;0;0;0;0;0;2;0;0;0
"14/10/2023";"12:09:00";"109";"ac03-Acide";"715,719";"BR-116/MG";"Sul";"Engavetamento";1;0;1;0;0;0;0;0;0;1;3;0;0;0;0
"14/10/2023";"13:54:00";"122";"ac01-Acide";"425,871";"BR-116/MG";"Norte";"Colisão lateral no mesmo sentido";1;0;1;1;0;0;0;0;0;0;2;1;0;0;1
"14/10/2023";"15:18:00";"139";"ac03-Acide";"173,667";"BR-116/RJ";"Norte";"Engavetamento";3;0;0;0;0;0;0;0;0;0;4;0;0;0;0
"14/10/2023";"16:27:00";"147";"ac02-Acide";"501,973";"BR-116/MG";"Norte";"Capotamento";1;0;0;0;0;0;0;0;0;0;0;1;0;0;0
"14/10/2023";"16:42:00";"149";"ac02-Acide";"776,373";"BR-116/MG";"Norte";"Capotamento";1;0;0;0;0;0;0;0;0;0;0;5;0;0;0
"14/10/2023";"17:37:00";"156";"ac02-Acide";"775";"BR-116/MG";"Norte";"Capotamento";1;0;0;0;0;0;0;0;0;0;0;0;1;0;0
"14/10/2023";"17:40:00";"157";"ac03-Acide";"25,443";"BR-116/RJ";"Norte";"Saida de Pista";1;0;0;0;0;0;0;0;0;0;1;0;0;0;0
"14/10/2023";"17:50:00";"160";"ac03-Acide";"25,1";"BR-116/RJ";"Sul";"Saida de Pista";1;0;0;0;0;0;0;0;0;0;1;0;0;0;0
"14/10/2023";"18:51:00";"169";"ac03-Acide";"96";"BR-493/RJ";"Sul";"Choque - Canaleta";0;0;0;0;0;0;0;0;0;1;1;0;0;0;0
"14/10/2023";"21:05:00";"194";"ac02-Acide";"19,5";"BR-465/RJ";"Norte";"Choque - Outros";1;0;0;0;0;0;0;0;0;0;0;1;0;0;0
"15/10/2023";"01:20:00";"2";"ac03-Acide";"434";"BR-116/MG";"Sul";"Atropelamento de Animal";0;0;0;0;1;0;0;0;0;0;1;0;0;0;0
"15/10/2023";"06:23:00";"33";"ac02-Acide";"774";"BR-116/MG";"Norte";"Saida de Pista";1;0;0;0;0;0;0;0;0;0;0;1;0;0;0
"15/10/2023";"07:20:00";"61";"ac01-Acide";"18,273";"BR-465/RJ";"Norte";"Colisão Frontal";1;0;0;1;0;0;0;0;0;0;0;2;0;1;1
"15/10/2023";"10:32:00";"110";"ac03-Acide";"212,825";"BR-116/RJ";"Norte";"Colisão Traseira";1;0;1;0;0;0;0;0;0;0;2;0;0;0;0
"15/10/2023";"11:39:00";"120";"ac03-Acide";"60,922";"BR-493/RJ";"Norte";"Saida de Pista";1;0;0;0;0;0;0;0;0;0;1;0;0;0;0
"15/10/2023";"12:48:00";"137";"ac02-Acide";"80,853";"BR-116/RJ";"Norte";"Engavetamento";3;0;0;0;0;0;0;0;0;0;1;1;0;0;0
"15/10/2023";"13:37:00";"142";"ac03-Acide";"214,143";"BR-116/RJ";"Sul";"Engavetamento";3;0;0;0;0;0;0;0;0;0;5;0;0;0;0
"15/10/2023";"15:50:00";"164";"ac02-Acide";"666";"BR-116/MG";"Sul";"Colisão Traseira";1;0;1;0;0;0;0;0;0;0;0;2;0;0;0
"15/10/2023";"16:24:00";"171";"ac03-Acide";"538,504";"BR-116/MG";"Norte";"Colisão Traseira";2;0;0;0;0;0;0;0;0;0;2;0;0;0;0
"15/10/2023";"17:11:00";"182";"ac03-Acide";"192,282";"BR-116/RJ";"Norte";"Colisão Traseira";2;0;0;0;0;0;0;0;0;0;5;0;0;0;0
"15/10/2023";"19:17:00";"219";"ac03-Acide";"172";"BR-116/RJ";"Sul";"Choque - Barreira";1;0;0;0;0;0;0;0;0;0;1;0;0;0;0
"15/10/2023";"19:45:00";"225";"ac02-Acide";"752";"BR-116/MG";"Norte";"Queda de Moto";0;0;0;1;0;0;0;0;0;0;0;1;0;0;0
"15/10/2023";"19:47:00";"226";"ac03-Acide";"172";"BR-116/RJ";"Sul";"Engavetamento";3;0;0;0;0;0;0;0;0;0;3;0;0;0;0
"15/10/2023";"19:58:00";"228";"ac02-Acide";"23";"BR-493/RJ";"Norte";"Colisão lateral no mesmo sentido";1;0;0;0;1;0;0;0;0;0;3;0;0;1;0
"15/10/2023";"20:07:00";"232";"ac02-Acide";"537";"BR-116/MG";"Norte";"Colisão Traseira";2;0;0;0;0;0;0;0;0;0;0;2;0;0;0
"15/10/2023";"20:55:00";"241";"ac02-Acide";"23,136";"BR-493/RJ";"Norte";"Engavetamento";3;0;0;0;0;0;0;0;0;0;3;1;0;0;0
"15/10/2023";"21:10:00";"244";"ac03-Acide";"18";"BR-465/RJ";"Norte";"Atropelamento - Morador";1;0;0;0;0;0;0;0;0;0;1;0;0;0;0
"15/10/2023";"21:55:00";"253";"ac02-Acide";"18";"BR-493/RJ";"Sul";"Engavetamento";3;0;0;0;0;0;0;0;0;0;1;4;0;0;0
"15/10/2023";"23:57:00";"268";"ac02-Acide";"54";"BR-493/RJ";"Norte";"Atropelamento de Animal";1;0;0;0;0;0;0;0;0;0;0;3;0;0;0
"16/10/2023";"03:06:00";"12";"ac03-Acide";"20";"BR-493/RJ";"Norte";"Atropelamento de Animal";1;0;0;0;0;0;0;0;0;0;1;0;0;0;0