data;horario;n_da_ocorrencia;tipo_de_ocorrencia;km;trecho;sentido;tipo_de_acidente;automovel;bicicleta;caminhao;moto;onibus;outros;tracao_animal;transporte_de_cargas_especiais;trator_maquinas;utilitarios;ilesos;levemente_feridos;moderadamente_feridos;gravemente_feridos;mortos
"16/10/2023";"10:27:00";"155";"ac03-Acide";"7";"BR-465/RJ";"Norte";"Colisão Traseira";1;0;0;1;0;0;0;0;0;0;1;0;0;0;0
"16/10/2023";"11:05:00";"162";"ac02-Acide";"527";"BR-116/MG";"Sul";"Atropelamento - Pedestre";1;0;0;0;0;0;0;0;0;0;1;0;1;0;0
"16/10/2023";"15:44:00";"240";"ac02-Acide";"170,27";"BR-116/RJ";"Norte";"Queda de Moto";0;0;0;1;0;0;0;0;0;0;0;2;0;0;0
"16/10/2023";"16:58:00";"257";"ac02-Acide";"81";"BR-116/RJ";"Norte";"Engavetamento";1;0;0;1;0;0;0;0;0;1;2;1;0;0;0
"16/10/2023";"18:44:00";"285";"ac02-Acide";"585";"BR-116/MG";"Norte";"Colisão Frontal";1;0;0;1;0;0;0;0;0;0;0;0;2;0;0
"16/10/2023";"22:36:00";"325";"ac03-Acide";"669";"BR-116/MG";"Sul";"Choque - Canaleta";1;0;0;0;0;0;0;0;0;0;1;0;0;0;0
"16/10/2023";"23:43:00";"331";"ac03-Acide";"5,8";"BR-465/RJ";"Norte";"Choque - Outros";1;0;0;0;0;0;0;0;0;0;1;0;0;0;0
"17/10/2023";"01:12:00";"8";"ac03-Acide";"547,7";"BR-116/MG";"Norte";"Saida de Pista";1;0;0;0;0;0;0;0;0;0;1;0;0;0;0
"17/10/2023";"01:23:00";"9";"ac02-Acide";"813,349";"BR-116/MG";"Norte";"Tombamento";0;0;1;0;0;0;0;0;0;0;0;1;0;0;0
"17/10/2023";"04:33:00";"14";"ac02-Acide";"125,169";"BR-116/RJ";"Sul";"Colisão Traseira";0;0;2;0;0;0;0;0;0;0;0;2;0;0;0
"17/10/2023";"05:42:00";"22";"ac03-Acide";"96";"BR-493/RJ";"Sul";"Saida de Pista";1;0;0;0;0;0;0;0;0;0;0;0;0;0;0
"17/10/2023";"07:28:00";"79";"ac02-Acide";"171,54";"BR-116/RJ";"Norte";"Queda de Moto";0;0;0;1;0;0;0;0;0;0;0;0;1;0;0
"17/10/2023";"08:05:00";"117";"ac02-Acide";"62,479";"BR-116/RJ";"Norte";"Tombamento";0;0;1;0;0;0;0;0;0;0;0;2;0;0;0
"17/10/2023";"08:07:00";"121";"ac03-Acide";"62,47";"BR-116/RJ";"Norte";"Queda de Moto";0;0;0;1;0;0;0;0;0;0;1;0;0;0;0
"17/10/2023";"09:04:00";"150";"ac03-Acide";"211,519";"BR-116/RJ";"Sul";"Saida de Pista";0;0;0;0;0;0;0;0;0;1;1;0;0;0;0
"17/10/2023";"14:28:00";"240";"ac02-Acide";"52,4";"BR-493/RJ";"Norte";"Saida de Pista";1;0;0;0;0;0;0;0;0;0;1;1;0;0;0
"17/10/2023";"14:41:00";"244";"ac02-Acide";"635,86";"BR-116/MG";"Norte";"Colisão Transversal";2;0;0;0;0;0;0;0;0;0;0;0;1;1;0
"17/10/2023";"15:36:00";"254";"ac02-Acide";"54,425";"BR-493/RJ";"Norte";"Saida de Pista";1;0;0;0;0;0;0;0;0;0;0;1;0;0;0
"17/10/2023";"18:26:00";"283";"ac01-Acide";"550,335";"BR-116/MG";"Norte";"Colisão Transversal";0;0;1;1;0;0;0;0;0;0;0;1;0;0;1
"17/10/2023";"21:54:00";"330";"ac03-Acide";"197";"BR-116/RJ";"Sul";"Colisão Traseira";1;0;1;0;0;0;0;0;0;0;2;0;0;0;0
"17/10/2023";"23:13:00";"339";"ac03-Acide";"192";"BR-116/RJ";"Norte";"Engavetamento";3;0;0;0;0;0;0;0;0;0;3;0;0;0;0
"18/10/2023";"10:57:00";"158";"ac03-Acide";"533,803";"BR-116/MG";"Norte";"Choque - Talude ou Barranco";1;0;0;0;0;0;0;0;0;0;1;0;0;0;0
"18/10/2023";"11:50:00";"168";"ac02-Acide";"145,587";"BR-116/RJ";"Sul";"Choque - Meio Fio";1;0;0;0;0;0;0;0;0;0;0;1;0;0;0
"18/10/2023";"13:52:00";"189";"ac02-Acide";"13,5";"BR-465/RJ";"Norte";"Colisão lateral no mesmo sentido";1;0;0;1;0;0;0;0;0;0;1;1;0;0;0
"18/10/2023";"14:04:00";"193";"ac02-Acide";"111,246";"BR-116/RJ";"Sul";"Choque - Meio Fio";1;0;0;0;0;0;0;0;0;0;0;0;1;0;0
"18/10/2023";"14:30:00";"200";"ac02-Acide";"74,674";"BR-493/RJ";"Sul";"Queda de Moto";0;0;0;1;0;0;0;0;0;0;0;2;0;0;0
"18/10/2023";"15:36:00";"217";"ac02-Acide";"98,839";"BR-116/RJ";"Norte";"Colisão Frontal";2;0;0;0;0;0;0;0;0;0;0;0;3;0;0
"18/10/2023";"15:59:00";"224";"ac03-Acide";"555,367";"BR-116/MG";"Sul";"Capotamento";1;0;0;0;0;0;0;0;0;0;1;0;0;0;0
"18/10/2023";"18:32:00";"259";"ac02-Acide";"580,5";"BR-116/MG";"Sul";"Atropelamento - Pedestre";0;0;2;0;0;0;0;0;0;0;2;0;1;0;0
"18/10/2023";"18:36:00";"261";"ac03-Acide";"173";"BR-116/RJ";"Norte";"Engavetamento";3;0;0;0;0;0;0;0;0;0;3;0;0;0;0
"18/10/2023";"18:55:00";"266";"ac03-Acide";"23,812";"BR-493/RJ";"Norte";"Saida de Pista";0;0;0;0;0;0;0;0;0;1;2;0;0;0;0
"18/10/2023";"20:19:00";"281";"ac03-Acide";"6,105";"BR-493/RJ";"Norte";"Colisão lateral no mesmo sentido";2;0;0;0;0;0;0;0;0;0;3;0;0;0;0
"18/10/2023";"22:17:00";"298";"ac02-Acide";"21";"BR-465/RJ";"Sul";"Colisão lateral no sentido contrário";1;0;0;1;0;0;0;0;0;0;0;0;1;1;0
"18/10/2023";"22:31:00";"299";"ac03-Acide";"21,05";"BR-465/RJ";"Sul";"Colisão lateral no mesmo sentido";0;0;0;0;0;0;0;0;0;2;2;0;0;0;0
"18/10/2023";"22:32:00";"300";"ac02-Acide";"579";"BR-116/MG";"Sul";"Choque - Arvore";1;0;0;0;0;0;0;0;0;0;0;0;2;0;0
"18/10/2023";"23:40:00";"307";"ac03-Acide";"584";"BR-116/MG";"Sul";"Colisão Traseira";2;0;0;0;0;0;0;0;0;0;2;0;0;0;0
"19/10/2023";"01:03:00";"6";"ac02-Acide";"581,2";"BR-116/MG";"Norte";"Atropelamento - Andarilho";1;0;0;0;0;0;0;0;0;0;1;1;0;0;0
"19/10/2023";"01:53:00";"10";"ac02-Acide";"800,88";"BR-116/MG";"Norte";"Tombamento";0;0;1;0;0;0;0;0;0;0;0;1;0;0;0
"19/10/2023";"02:04:00";"11";"ac02-Acide";"449,4";"BR-116/MG";"Sul";"Atropelamento de Animal";0;0;1;0;0;0;0;0;0;0;0;1;0;0;0
"19/10/2023";"06:08:00";"26";"ac02-Acide";"78,185";"BR-116/RJ";"Sul";"Choque - Poste";1;0;0;0;0;0;0;0;0;0;0;1;0;0;0
"19/10/2023";"07:30:00";"76";"ac02-Acide";"517,906";"BR-116/MG";"Sul";"Colisão lateral no mesmo sentido";0;0;0;1;0;1;0;0;0;0;1;0;1;0;0
"19/10/2023";"07:49:00";"86";"ac02-Acide";"98,855";"BR-116/RJ";"Norte";"Colisão lateral no sentido contrário";2;0;0;0;0;0;0;0;0;0;0;4;0;0;0
"19/10/2023";"08:06:00";"100";"ac02-Acide";"192,219";"BR-116/RJ";"Sul";"Queda de Moto";0;0;0;1;0;0;0;0;0;0;0;1;1;0;0
"19/10/2023";"10:07:00";"149";"ac03-Acide";"555,398";"BR-116/MG";"Sul";"Choque - Meio Fio";1;0;0;0;0;0;0;0;0;0;2;0;0;0;0
"19/10/2023";"14:10:00";"201";"ac02-Acide";"715,809";"BR-116/MG";"Norte";"Saida de Pista";0;0;0;1;0;0;0;0;0;0;0;0;1;0;0
"19/10/2023";"15:10:00";"211";"ac02-Acide";"172,296";"BR-116/RJ";"Sul";"Engavetamento";4;0;0;0;0;0;0;0;0;0;0;6;0;0;0
"19/10/2023";"18:38:00";"250";"ac02-Acide";"1,2";"BR-465/RJ";"Norte";"Colisão lateral no sentido contrário";1;0;0;1;0;0;0;0;0;0;1;1;0;0;0
"19/10/2023";"19:01:00";"260";"ac02-Acide";"175";"BR-116/RJ";"Sul";"Colisão lateral no mesmo sentido";1;0;0;1;0;0;0;0;0;0;2;1;0;0;0
"19/10/2023";"19:12:00";"263";"ac03-Acide";"524";"BR-116/MG";"Norte";"Colisão Traseira";2;0;0;0;0;0;0;0;0;0;2;0;0;0;0
"19/10/2023";"20:07:00";"278";"ac02-Acide";"530";"BR-116/MG";"Sul";"Colisão Traseira";1;0;1;0;0;0;0;0;0;0;1;0;1;0;0
"19/10/2023";"21:43:00";"291";"ac03-Acide";"88,576";"BR-493/RJ";"Norte";"Choque - Canaleta";1;0;0;0;0;0;0;0;0;0;1;0;0;0;0
"19/10/2023";"21:58:00";"293";"ac03-Acide";"104";"BR-116/RJ";"Norte";"Saida de Pista";1;0;0;0;0;0;0;0;0;0;0;0;0;0;0
"20/10/2023";"02:01:00";"11";"ac03-Acide";"15";"BR-116/RJ";"Norte";"Saida de Pista";1;0;0;0;0;0;0;0;0;0;1;0;0;0;0
"20/10/2023";"02:43:00";"15";"ac03-Acide";"147";"BR-116/RJ";"Sul";"Choque - Defensa metálica";1;0;0;0;0;0;0;0;0;0;1;0;0;0;0
"20/10/2023";"05:33:00";"25";"ac02-Acide";"552";"BR-116/MG";"Sul";"Colisão Traseira";1;0;1;0;0;0;0;0;0;0;0;2;0;0;0
"20/10/2023";"07:35:00";"83";"ac02-Acide";"15,587";"BR-493/RJ";"Norte";"Colisão Traseira";2;0;0;0;0;0;0;0;0;0;0;2;0;0;0
"20/10/2023";"08:46:00";"133";"ac03-Acide";"22,735";"BR-465/RJ";"Sul";"Colisão lateral no mesmo sentido";1;0;1;0;0;0;0;0;0;0;0;0;0;0;0
"20/10/2023";"13:07:00";"201";"ac02-Acide";"453,37";"BR-116/MG";"Sul";"Choque - Canaleta";1;0;0;0;0;0;0;0;0;0;0;1;0;0;0
"20/10/2023";"14:32:00";"214";"ac02-Acide";"9,9";"BR-465/RJ";"Norte";"Colisão Transversal";0;0;0;1;0;0;0;0;0;1;1;1;0;0;0
"20/10/2023";"15:20:00";"223";"ac02-Acide";"100,643";"BR-493/RJ";"Sul";"Saida de Pista";1;0;0;0;0;0;0;0;0;0;1;2;0;0;0
"20/10/2023";"17:48:00";"264";"ac03-Acide";"212,9";"BR-116/RJ";"Norte";"Colisão Traseira";2;0;0;0;0;0;0;0;0;0;2;0;0;0;0
"20/10/2023";"18:24:00";"270";"ac02-Acide";"606,5";"BR-116/MG";"Norte";"Choque - Meio Fio";1;0;0;0;0;0;0;0;0;0;0;2;0;0;0
"21/10/2023";"00:29:00";"35";"ac03-Acide";"735";"BR-116/MG";"Sul";"Atropelamento de Animal";1;0;0;0;0;0;0;0;0;0;1;0;0;0;0
"21/10/2023";"03:00:00";"74";"ac02-Acide";"188,901";"BR-116/RJ";"Sul";"Capotamento";1;0;0;0;0;0;0;0;0;0;0;2;1;0;0
"21/10/2023";"03:02:00";"75";"ac01-Acide";"648,855";"BR-116/MG";"Norte";"Colisão Frontal";1;0;1;0;0;0;0;0;0;0;0;0;1;1;1
"21/10/2023";"05:44:00";"86";"ac01-Acide";"428,304";"BR-116/MG";"Norte";"Colisão Frontal";2;0;0;0;0;0;0;0;0;0;1;0;0;1;1
"21/10/2023";"09:16:00";"122";"ac02-Acide";"68,114";"BR-493/RJ";"Sul";"Capotamento";1;0;0;0;0;0;0;0;0;0;1;1;0;0;0
"21/10/2023";"09:17:00";"124";"ac02-Acide";"110,265";"BR-116/RJ";"Sul";"Choque - Defensa metálica";1;0;0;0;0;0;0;0;0;0;0;1;0;0;0
"21/10/2023";"09:51:00";"131";"ac02-Acide";"814";"BR-116/MG";"Sul";"Choque - Defensa metálica";1;0;0;0;0;0;0;0;0;0;0;1;0;0;0
"21/10/2023";"13:33:00";"173";"ac02-Acide";"0,31";"BR-493/RJ";"Norte";"Colisão Transversal";1;0;0;1;0;0;0;0;0;0;3;1;0;0;0
"21/10/2023";"15:31:00";"186";"ac02-Acide";"183,611";"BR-116/RJ";"Sul";"Colisão lateral no mesmo sentido";1;0;0;0;0;0;0;0;0;1;5;1;5;0;0
"21/10/2023";"16:02:00";"195";"ac03-Acide";"141,5";"BR-116/RJ";"Sul";"Colisão lateral no sentido contrário";2;0;0;0;0;0;0;0;0;0;2;0;0;0;0
"21/10/2023";"16:48:00";"208";"ac03-Acide";"173,931";"BR-116/RJ";"Sul";"Choque - Defensa metálica";1;0;0;0;0;0;0;0;0;0;1;0;0;0;0
"21/10/2023";"17:19:00";"216";"ac03-Acide";"2,002";"BR-465/RJ";"Norte";"Colisão Traseira";2;0;0;0;0;0;0;0;0;0;2;0;0;0;0
"21/10/2023";"17:33:00";"220";"ac02-Acide";"7,5";"BR-493/RJ";"Norte";"Queda de Moto";0;0;1;1;0;0;0;0;0;0;1;2;0;0;0
"21/10/2023";"19:56:00";"246";"ac02-Acide";"115,421";"BR-116/RJ";"Norte";"Choque - Meio Fio";1;0;0;0;0;0;0;0;0;0;0;1;0;0;0
"21/10/2023";"20:36:00";"253";"ac01-Acide";"21,778";"BR-116/RJ";"Sul";"Colisão lateral no sentido contrário";1;0;1;0;0;0;0;0;0;0;0;2;0;0;1
"21/10/2023";"21:20:00";"257";"ac02-Acide";"8";"BR-465/RJ";"Norte";"Queda de Moto";0;0;0;1;0;0;0;0;0;0;0;0;1;0;0
"22/10/2023";"00:15:00";"33";"ac01-Acide";"612,53";"BR-116/MG";"Norte";"Colisão Frontal";0;0;1;2;0;0;0;0;0;0;0;1;0;0;3
"22/10/2023";"06:56:00";"57";"ac02-Acide";"421,272";"BR-116/MG";"Sul";"Colisão lateral no sentido contrário";0;0;2;0;0;0;0;0;0;0;0;2;0;0;0
"22/10/2023";"07:22:00";"61";"ac03-Acide";"0,9";"BR-465/RJ";"Sul";"Colisão Transversal";2;0;0;0;0;0;0;0;0;0;1;0;0;0;0
"22/10/2023";"07:48:00";"71";"ac02-Acide";"4,89";"BR-465/RJ";"Norte";"Colisão lateral no sentido contrário";1;0;0;1;0;0;0;0;0;0;1;0;0;1;0
"22/10/2023";"08:08:00";"76";"ac01-Acide";"183,342";"BR-116/RJ";"Norte";"Queda de Moto";0;0;1;1;0;0;0;0;0;0;1;0;1;0;1
"22/10/2023";"09:00:00";"98";"ac03-Acide";"212,9";"BR-116/RJ";"Sul";"Choque - Cancela de Pedagio";0;0;0;1;0;0;0;0;0;0;1;0;0;0;0
"22/10/2023";"11:17:00";"125";"ac03-Acide";"183,9";"BR-116/RJ";"Norte";"Colisão lateral no mesmo sentido";1;0;0;1;0;0;0;0;0;0;2;0;0;0;0
"22/10/2023";"14:49:00";"153";"ac02-Acide";"182";"BR-116/RJ";"Sul";"Capotamento";1;0;0;0;0;0;0;0;0;0;0;2;0;0;0
"22/10/2023";"15:00:00";"155";"ac02-Acide";"194";"BR-116/RJ";"Norte";"Colisão lateral no mesmo sentido";1;0;0;1;0;0;0;0;0;0;1;0;1;0;0
"22/10/2023";"15:23:00";"161";"ac02-Acide";"538,912";"BR-116/MG";"Sul";"Queda de Moto";0;0;0;1;0;0;0;0;0;0;0;0;1;0;0
"22/10/2023";"19:13:00";"199";"ac02-Acide";"544,174";"BR-116/MG";"Sul";"Colisão lateral no mesmo sentido";1;0;0;1;0;0;0;0;0;0;0;3;0;0;0
"22/10/2023";"20:07:00";"214";"ac02-Acide";"190";"BR-116/RJ";"Sul";"Queda de Moto";0;0;0;1;0;0;0;0;0;0;0;2;0;0;0
"22/10/2023";"20:40:00";"223";"ac03-Acide";"186,6";"BR-116/RJ";"Sul";"Choque - Barreira";1;0;0;0;0;0;0;0;0;0;0;0;0;0;0
"22/10/2023";"22:44:00";"249";"ac03-Acide";"181";"BR-116/RJ";"Norte";"Choque - New jersey";1;0;0;0;0;0;0;0;0;0;2;0;0;0;0
"23/10/2023";"00:56:00";"102";"ac01-Acide";"497,981";"BR-116/MG";"Norte";"Colisão lateral no sentido contrário";0;0;1;1;0;0;0;0;0;0;1;0;0;0;1
"23/10/2023";"05:36:00";"125";"ac02-Acide";"184,911";"BR-116/RJ";"Sul";"Colisão lateral no mesmo sentido";2;0;1;0;0;0;0;0;0;0;0;3;0;0;0
"23/10/2023";"06:54:00";"131";"ac02-Acide";"186";"BR-116/RJ";"Norte";"Colisão lateral no mesmo sentido";0;0;0;2;0;0;0;0;0;0;0;3;0;0;0
"23/10/2023";"07:29:00";"146";"ac03-Acide";"105,793";"BR-116/RJ";"Sul";"Colisão lateral no sentido contrário";2;0;0;0;0;0;0;0;0;0;3;0;0;0;0
"23/10/2023";"09:17:00";"177";"ac02-Acide";"147,791";"BR-116/RJ";"Norte";"Colisão Traseira";2;0;0;0;0;0;0;0;0;0;1;0;1;0;0
"23/10/2023";"11:59:00";"233";"ac02-Acide";"538,961";"BR-116/MG";"Norte";"Atropelamento - Pedestre";1;0;0;0;0;0;0;0;0;0;1;0;2;0;0
"23/10/2023";"15:40:00";"286";"ac02-Acide";"626,315";"BR-116/MG";"Norte";"Colisão Traseira";0;0;1;1;0;0;0;0;0;0;1;0;1;0;0
"23/10/2023";"17:07:00";"311";"ac02-Acide";"176";"BR-116/RJ";"Sul";"Colisão Traseira";1;0;1;1;0;0;0;0;0;0;2;1;0;0;0
"23/10/2023";"19:19:00";"336";"ac02-Acide";"172";"BR-116/RJ";"Sul";"Colisão lateral no mesmo sentido";1;0;0;1;0;0;0;0;0;0;0;0;1;0;0
"24/10/2023";"05:59:00";"120";"ac03-Acide";"144,722";"BR-116/RJ";"Sul";"Engavetamento";5;0;0;0;0;0;0;0;0;0;5;0;0;0;0
"24/10/2023";"14:24:00";"245";"ac02-Acide";"18,5";"BR-465/RJ";"Sul";"Colisão Transversal";1;0;1;0;0;0;0;0;0;0;0;2;0;0;0
"24/10/2023";"15:34:00";"266";"ac02-Acide";"495,741";"BR-116/MG";"Norte";"Capotamento";1;0;1;0;0;0;0;0;0;0;1;0;1;0;0
"24/10/2023";"19:05:00";"308";"ac02-Acide";"176";"BR-116/RJ";"Sul";"Atropelamento Ciclista";1;1;0;0;0;0;0;0;0;0;0;1;0;0;0
"24/10/2023";"20:47:00";"328";"ac03-Acide";"751";"BR-116/MG";"Norte";"Atropelamento de Animal";1;0;0;0;0;0;0;0;0;0;1;0;0;0;0
"25/10/2023";"08:03:00";"166";"ac03-Acide";"181,348";"BR-116/RJ";"Sul";"Colisão lateral no mesmo sentido";3;0;0;0;0;0;0;0;0;0;3;0;0;0;0
"25/10/2023";"09:19:00";"189";"ac02-Acide";"89,766";"BR-116/RJ";"Sul";"Choque - New jersey";1;0;0;0;0;0;0;0;0;0;0;1;0;0;0
"25/10/2023";"09:33:00";"194";"ac02-Acide";"21,906";"BR-493/RJ";"Sul";"Atropelamento - Pedestre";0;0;0;0;0;1;0;0;0;0;1;2;0;0;0
"25/10/2023";"10:07:00";"204";"ac03-Acide";"184,5";"BR-116/RJ";"Norte";"Colisão Traseira";0;0;0;1;1;0;0;0;0;0;2;0;0;0;0
"25/10/2023";"10:56:00";"218";"ac02-Acide";"583,4";"BR-116/MG";"Sul";"Choque - Talude ou Barranco";0;0;1;0;0;0;0;0;0;0;0;1;0;0;0
"25/10/2023";"11:16:00";"224";"ac02-Acide";"527";"BR-116/MG";"Norte";"Colisão lateral no mesmo sentido";1;0;1;0;0;0;0;0;0;0;0;2;0;0;0
"25/10/2023";"13:19:00";"257";"ac03-Acide";"680";"BR-116/MG";"Sul";"Choque - Outros";1;0;0;0;0;0;0;0;0;0;1;0;0;0;0
"25/10/2023";"16:01:00";"313";"ac03-Acide";"95,1";"BR-493/RJ";"Sul";"Saida de Pista";0;0;0;0;0;0;0;0;0;1;1;0;0;0;0
"25/10/2023";"19:33:00";"351";"ac02-Acide";"90";"BR-116/RJ";"Sul";"Choque - Canaleta";1;0;0;0;0;0;0;0;0;0;0;2;0;0;0
"25/10/2023";"19:42:00";"353";"ac01-Acide";"86,47";"BR-116/RJ";"Norte";"Atropelamento - Morador";0;0;0;0;0;1;0;0;0;0;0;0;0;0;1
"25/10/2023";"20:02:00";"357";"ac02-Acide";"533,134";"BR-116/MG";"Sul";"Choque - Canaleta";1;0;0;0;0;0;0;0;0;0;0;1;0;0;0
"25/10/2023";"20:33:00";"363";"ac02-Acide";"617,857";"BR-116/MG";"Sul";"Colisão Frontal";1;0;1;0;0;0;0;0;0;0;0;1;0;1;0
"25/10/2023";"20:53:00";"364";"ac02-Acide";"98";"BR-116/RJ";"Norte";"Choque - Meio Fio";1;0;0;0;0;0;0;0;0;0;0;1;0;0;0
"25/10/2023";"21:57:00";"372";"ac02-Acide";"98,511";"BR-116/RJ";"Norte";"Choque - Barreira";1;0;0;0;0;0;0;0;0;0;0;1;0;0;0
"25/10/2023";"22:36:00";"377";"ac03-Acide";"499,87";"BR-116/MG";"Norte";"Atropelamento de Animal";0;0;2;0;0;0;0;0;0;0;1;0;0;0;0
"26/10/2023";"00:36:00";"107";"ac03-Acide";"589";"BR-116/MG";"Norte";"Saida de Pista";1;0;0;0;0;0;0;0;0;0;2;0;0;0;0
"26/10/2023";"03:03:00";"121";"ac02-Acide";"54,95";"BR-493/RJ";"Norte";"Atropelamento de Animal";0;0;1;0;0;0;0;0;0;0;0;1;0;0;0
"26/10/2023";"06:56:00";"140";"ac02-Acide";"762";"BR-116/MG";"Sul";"Colisão lateral no mesmo sentido";1;0;0;1;0;0;0;0;0;0;0;2;0;0;0
"26/10/2023";"08:07:00";"163";"ac02-Acide";"201,097";"BR-116/RJ";"Norte";"Choque - Defensa metálica";1;0;1;0;0;0;0;0;0;0;1;1;0;0;0
"26/10/2023";"09:54:00";"190";"ac03-Acide";"25";"BR-116/RJ";"Sul";"Colisão lateral no mesmo sentido";0;0;1;0;0;0;0;0;0;1;2;0;0;0;0
"26/10/2023";"10:37:00";"203";"ac02-Acide";"0,29";"BR-493/RJ";"Norte";"Colisão lateral no mesmo sentido";2;0;0;0;0;0;0;0;0;0;0;3;0;0;0
"26/10/2023";"11:03:00";"213";"ac02-Acide";"144,057";"BR-116/RJ";"Sul";"Choque - Veiculo parado no acostamento";1;0;0;1;0;0;0;0;0;0;1;1;0;0;0
"26/10/2023";"12:41:00";"239";"ac02-Acide";"82,029";"BR-116/RJ";"Sul";"Colisão lateral no sentido contrário";2;0;0;0;0;0;0;0;0;0;1;1;0;0;0
"26/10/2023";"13:23:00";"253";"ac02-Acide";"189,353";"BR-116/RJ";"Norte";"Queda de Moto";0;0;0;1;0;0;0;0;0;0;0;1;0;1;0
"26/10/2023";"15:10:00";"277";"ac02-Acide";"181,382";"BR-116/RJ";"Sul";"Colisão Traseira";1;0;0;1;0;0;0;0;0;0;0;1;0;0;0
"26/10/2023";"16:12:00";"288";"ac02-Acide";"487,268";"BR-116/MG";"Norte";"Tombamento";0;0;1;0;0;0;0;0;0;0;0;0;1;1;0
"26/10/2023";"16:20:00";"291";"ac02-Acide";"178,362";"BR-116/RJ";"Norte";"Colisão Traseira";0;0;0;1;0;0;0;0;0;1;1;0;0;1;0
"26/10/2023";"19:12:00";"330";"ac03-Acide";"528";"BR-116/MG";"Norte";"Choque - Meio Fio";0;0;1;0;0;0;0;0;0;0;1;0;0;0;0
"26/10/2023";"20:12:00";"346";"ac02-Acide";"6";"BR-493/RJ";"Norte";"Queda de Moto";0;0;0;1;0;0;0;0;0;0;0;1;0;1;0
"26/10/2023";"20:18:00";"347";"ac02-Acide";"600";"BR-116/MG";"Norte";"Choque - Defensa metálica";1;0;0;0;0;0;0;0;0;0;0;1;0;0;0
"26/10/2023";"20:34:00";"351";"ac02-Acide";"146,6";"BR-116/RJ";"Norte";"Colisão lateral no mesmo sentido";1;0;0;1;0;0;0;0;0;0;0;1;0;0;0
"26/10/2023";"20:35:00";"352";"ac02-Acide";"146,693";"BR-116/RJ";"Norte";"Colisão Traseira";0;0;0;1;1;0;0;0;0;0;1;0;1;0;0
"26/10/2023";"21:53:00";"366";"ac02-Acide";"408,61";"BR-116/MG";"Norte";"Queda de Moto";0;0;0;1;0;0;0;0;0;0;0;1;0;0;0
"27/10/2023";"02:31:00";"115";"ac02-Acide";"775";"BR-116/MG";"Norte";"Choque - Defensa metálica";1;0;0;0;0;0;0;0;0;0;0;3;0;0;0
"27/10/2023";"03:48:00";"122";"ac03-Acide";"7,1";"BR-493/RJ";"Sul";"Atropelamento de Animal";0;0;1;0;0;0;0;0;0;0;1;0;0;0;0
"27/10/2023";"06:52:00";"138";"ac03-Acide";"142,571";"BR-116/RJ";"Sul";"Engavetamento";2;0;0;0;0;1;0;0;0;0;2;0;0;0;0
"27/10/2023";"11:27:00";"223";"ac02-Acide";"17,064";"BR-493/RJ";"Sul";"Colisão lateral no mesmo sentido";1;0;1;0;0;0;0;0;0;0;1;3;0;0;0
"27/10/2023";"13:13:00";"249";"ac02-Acide";"175,263";"BR-116/RJ";"Sul";"Colisão Traseira";2;0;0;0;0;0;0;0;0;0;3;1;0;0;0
"27/10/2023";"14:34:00";"258";"ac02-Acide";"45,641";"BR-116/RJ";"Sul";"Atropelamento Ciclista";1;1;0;0;0;0;0;0;0;0;0;1;0;0;0
"27/10/2023";"15:20:00";"273";"ac02-Acide";"534,57";"BR-116/MG";"Sul";"Capotamento";1;0;0;0;0;0;0;0;0;0;0;2;0;0;0
"27/10/2023";"17:22:00";"303";"ac02-Acide";"27,3";"BR-116/RJ";"Norte";"Tombamento";0;0;1;0;0;0;0;0;0;0;0;0;1;0;0
"27/10/2023";"19:00:00";"323";"ac02-Acide";"13,8";"BR-465/RJ";"Sul";"Colisão lateral no mesmo sentido";1;0;0;1;0;0;0;0;0;0;0;0;1;0;0
"27/10/2023";"20:36:00";"344";"ac03-Acide";"566";"BR-116/MG";"Norte";"Choque - Arvore";1;0;0;0;0;0;0;0;0;0;0;0;0;0;0
"27/10/2023";"21:40:00";"368";"ac03-Acide";"178";"BR-116/RJ";"Sul";"Engavetamento";5;0;1;0;0;0;0;0;0;0;6;0;0;0;0
"27/10/2023";"22:06:00";"372";"ac02-Acide";"566";"BR-116/MG";"Sul";"Choque - Canaleta";0;0;0;1;0;0;0;0;0;0;0;0;1;0;0
"28/10/2023";"01:03:00";"58";"ac01-Acide";"414";"BR-116/MG";"Norte";"Colisão lateral no sentido contrário";1;0;0;1;0;0;0;0;0;0;0;0;2;0;1
"28/10/2023";"03:22:00";"69";"ac01-Acide";"181,782";"BR-116/RJ";"Norte";"Atropelamento - Pedestre";1;0;0;0;0;0;0;0;0;0;0;0;0;0;1
"28/10/2023";"06:33:00";"97";"ac03-Acide";"5,908";"BR-465/RJ";"Norte";"Colisão lateral no sentido contrário";1;0;1;0;0;0;0;0;0;0;2;0;0;0;0
"28/10/2023";"06:47:00";"102";"ac02-Acide";"541";"BR-116/MG";"Sul";"Queda de Moto";0;0;0;1;0;0;0;0;0;0;0;1;0;0;0
"28/10/2023";"06:59:00";"104";"ac02-Acide";"603,25";"BR-116/MG";"Norte";"Colisão Traseira";0;0;0;1;0;1;0;0;0;0;0;0;1;0;0
"28/10/2023";"13:35:00";"203";"ac02-Acide";"492,219";"BR-116/MG";"Norte";"Colisão Traseira";0;0;2;0;0;0;0;0;0;0;0;0;0;1;0
"28/10/2023";"13:59:00";"210";"ac02-Acide";"452,5";"BR-116/MG";"Norte";"Capotamento";1;0;0;0;0;0;0;0;0;0;0;1;0;0;0
"28/10/2023";"14:58:00";"226";"ac02-Acide";"173,952";"BR-116/RJ";"Sul";"Colisão lateral no mesmo sentido";2;0;0;0;0;0;0;0;0;0;1;0;4;0;0
"28/10/2023";"18:03:00";"261";"ac02-Acide";"126";"BR-116/RJ";"Sul";"Saida de Pista";1;0;0;0;0;0;0;0;0;0;0;1;0;0;0
"28/10/2023";"18:26:00";"264";"ac02-Acide";"180,2";"BR-116/RJ";"Norte";"Colisão lateral no mesmo sentido";1;0;0;1;0;0;0;0;0;0;0;1;1;0;0