data;horario;n_da_ocorrencia;tipo_de_ocorrencia;km;trecho;sentido;tipo_de_acidente;automovel;bicicleta;caminhao;moto;onibus;outros;tracao_animal;transporte_de_cargas_especiais;trator_maquinas;utilitarios;ilesos;levemente_feridos;moderadamente_feridos;gravemente_feridos;mortos
"28/10/2023";"22:18:00";"296";"ac02-Acide";"18";"BR-493/RJ";"Sul";"Atropelamento de Animal";1;0;0;0;0;0;1;0;0;0;0;2;1;0;0
"28/10/2023";"23:24:00";"310";"ac03-Acide";"214,7";"BR-116/RJ";"Sul";"Choque - Outros";1;0;0;0;0;0;0;0;0;0;0;0;0;0;0
"29/10/2023";"02:19:00";"44";"ac02-Acide";"5";"BR-465/RJ";"Norte";"Queda de Moto";0;0;0;1;0;0;0;0;0;0;0;1;0;0;0
"29/10/2023";"02:43:00";"47";"ac03-Acide";"181,2";"BR-116/RJ";"Sul";"Choque - Barreira";1;0;0;0;0;0;0;0;0;0;1;0;0;0;0
"29/10/2023";"04:40:00";"55";"ac02-Acide";"186,824";"BR-116/RJ";"Norte";"Atropelamento de Animal";3;0;0;0;0;0;0;0;0;0;1;3;0;0;0
"29/10/2023";"10:31:00";"106";"ac02-Acide";"554,47";"BR-116/MG";"Norte";"Tombamento";0;0;1;0;0;0;0;0;0;0;0;0;0;1;0
"29/10/2023";"10:52:00";"110";"ac02-Acide";"716,944";"BR-116/MG";"Sul";"Tombamento";0;0;1;0;0;0;0;0;0;0;0;0;1;0;0
"29/10/2023";"11:03:00";"114";"ac02-Acide";"98,841";"BR-116/RJ";"Norte";"Colisão lateral no sentido contrário";1;0;0;1;0;0;0;0;0;0;1;0;1;0;0
"29/10/2023";"13:59:00";"150";"ac03-Acide";"171,556";"BR-116/RJ";"Sul";"Capotamento";2;0;0;0;0;0;0;0;0;0;3;0;0;0;0
"29/10/2023";"14:21:00";"154";"ac02-Acide";"89,127";"BR-493/RJ";"Norte";"Queda de Moto";0;0;0;1;0;0;0;0;0;0;0;2;0;0;0
"29/10/2023";"15:47:00";"174";"ac02-Acide";"478,76";"BR-116/MG";"Norte";"Colisão Traseira";1;0;0;0;0;1;0;0;0;0;0;1;0;0;0
"29/10/2023";"17:13:00";"191";"ac02-Acide";"186,741";"BR-116/RJ";"Norte";"Engavetamento";1;0;0;2;0;0;0;0;0;0;1;2;0;1;0
"29/10/2023";"17:46:00";"199";"ac02-Acide";"194";"BR-116/RJ";"Norte";"Engavetamento";3;0;0;0;0;0;0;0;0;0;0;1;0;0;0
"29/10/2023";"18:25:00";"209";"ac03-Acide";"72,8";"BR-493/RJ";"Norte";"Saida de Pista";1;0;0;0;0;0;0;0;0;0;2;0;0;0;0
"29/10/2023";"19:48:00";"219";"ac03-Acide";"630";"BR-116/MG";"Norte";"Choque - Meio Fio";0;0;1;0;0;0;0;0;0;0;2;0;0;0;0
"29/10/2023";"20:39:00";"226";"ac02-Acide";"190";"BR-116/RJ";"Norte";"Queda de Moto";0;0;0;1;0;0;0;0;0;0;0;2;0;0;0
"29/10/2023";"21:55:00";"247";"ac03-Acide";"432";"BR-116/MG";"Norte";"Queda de Moto";0;0;0;1;0;0;0;0;0;0;1;0;0;0;0
"29/10/2023";"23:31:00";"255";"ac03-Acide";"147";"BR-116/RJ";"Sul";"Engavetamento";1;0;1;1;0;0;0;0;0;0;1;0;0;0;0
"30/10/2023";"06:51:00";"154";"ac03-Acide";"555,387";"BR-116/MG";"Norte";"Choque - Arvore";1;0;0;0;0;0;0;0;0;0;3;0;0;0;0
"30/10/2023";"06:56:00";"156";"ac02-Acide";"137,95";"BR-116/RJ";"Norte";"Colisão Traseira";1;0;0;0;0;1;0;0;0;0;0;1;0;0;0
"30/10/2023";"11:50:00";"263";"ac02-Acide";"487,267";"BR-116/MG";"Sul";"Tombamento";0;0;1;0;0;0;0;0;0;0;1;0;1;0;0
"30/10/2023";"13:19:00";"283";"ac02-Acide";"132";"BR-116/RJ";"Norte";"Choque - Meio Fio";1;0;0;0;0;0;0;0;0;0;0;2;0;0;0
"30/10/2023";"17:28:00";"345";"ac02-Acide";"180,624";"BR-116/RJ";"Sul";"Queda de Moto";0;0;0;1;0;0;0;0;0;0;0;2;0;0;0
"30/10/2023";"17:32:00";"347";"ac03-Acide";"4,4";"BR-465/RJ";"Sul";"Engavetamento";3;0;0;0;0;0;0;0;0;0;3;0;0;0;0
"30/10/2023";"20:57:00";"388";"ac02-Acide";"97,8";"BR-116/RJ";"Norte";"Tombamento";0;0;1;0;0;0;0;0;0;0;0;0;1;0;0
"31/10/2023";"09:40:00";"184";"ac02-Acide";"21,95";"BR-493/RJ";"Norte";"Colisão lateral no sentido contrário";1;0;0;0;0;1;0;0;0;0;0;1;0;0;0
"31/10/2023";"09:52:00";"185";"ac03-Acide";"411";"BR-116/MG";"Sul";"Choque - New jersey";1;0;0;0;0;0;0;0;0;0;1;0;0;0;0
"31/10/2023";"12:23:00";"239";"ac03-Acide";"716,436";"BR-116/MG";"Norte";"Tombamento";0;0;1;0;0;0;0;0;0;0;1;0;0;0;0
"31/10/2023";"13:54:00";"267";"ac03-Acide";"22,9";"BR-493/RJ";"Norte";"Engavetamento";3;0;0;0;0;0;0;0;0;0;3;0;0;0;0
"31/10/2023";"14:29:00";"274";"ac02-Acide";"195,8";"BR-116/RJ";"Sul";"Queda de Moto";0;0;0;1;0;0;0;0;0;0;0;1;0;0;0
"31/10/2023";"15:34:00";"292";"ac02-Acide";"89";"BR-116/RJ";"Sul";"Choque - Meio Fio";1;0;0;0;0;0;0;0;0;0;0;2;0;0;0
"31/10/2023";"16:54:00";"314";"ac02-Acide";"30";"BR-116/RJ";"Norte";"Choque - Barreira";1;0;0;0;0;0;0;0;0;0;0;1;0;0;0
"31/10/2023";"17:53:00";"332";"ac02-Acide";"662";"BR-116/MG";"Norte";"Saida de Pista";1;0;0;0;0;0;0;0;0;0;0;1;0;0;0
"31/10/2023";"17:57:00";"333";"ac02-Acide";"720";"BR-116/MG";"Norte";"Colisão Frontal";1;0;1;0;0;0;0;0;0;0;1;0;1;0;0
"31/10/2023";"18:42:00";"342";"ac02-Acide";"24";"BR-493/RJ";"Norte";"Saida de Pista";1;0;0;0;0;0;0;0;0;0;0;1;0;0;0
"31/10/2023";"20:04:00";"360";"ac02-Acide";"700";"BR-116/MG";"Norte";"Colisão lateral no mesmo sentido";2;0;0;0;0;0;0;0;0;0;2;1;0;0;0
"31/10/2023";"22:09:00";"376";"ac03-Acide";"118";"BR-116/RJ";"Sul";"Choque - Defensa metálica";1;0;0;0;0;0;0;0;0;0;0;0;0;0;0
"31/10/2023";"22:45:00";"382";"ac02-Acide";"113";"BR-493/RJ";"Sul";"Choque - Outros";1;0;0;0;0;0;0;0;0;0;0;1;0;0;0
"01/11/2023";"00:37:00";"5";"ac02 - Aci";"143,502";"BR-116/RJ";"Sul";"Colisão Traseira";2;0;0;0;1;0;0;0;0;0;1;3;0;0;0
"01/11/2023";"03:08:00";"12";"ac02 - Aci";"108,652";"BR-116/RJ";"Norte";"Colisão lateral no mesmo sentido";0;0;2;0;0;0;0;0;0;0;0;2;0;0;0
"01/11/2023";"06:44:00";"25";"ac02 - Aci";"55,7";"BR-493/RJ";"Norte";"Colisão lateral no mesmo sentido";0;0;1;1;0;0;0;0;0;0;1;0;1;0;0
"01/11/2023";"07:47:00";"50";"ac02 - Aci";"101,742";"BR-493/RJ";"Sul";"Capotamento";1;0;0;0;0;0;0;0;0;0;0;1;0;0;0
"01/11/2023";"10:20:00";"87";"ac02 - Aci";"89,907";"BR-116/RJ";"Sul";"Colisão lateral no mesmo sentido";2;0;1;0;0;0;0;0;0;0;2;1;0;0;0
"01/11/2023";"10:57:00";"98";"ac03 - Aci";"702,915";"BR-116/MG";"Norte";"Colisão Traseira";2;0;0;0;0;0;0;0;0;0;2;0;0;0;0
"01/11/2023";"13:01:00";"123";"ac02 - Aci";"142";"BR-116/RJ";"Sul";"Colisão lateral no mesmo sentido";1;0;1;0;0;0;0;0;0;0;0;2;0;0;0
"01/11/2023";"14:35:00";"136";"ac02 - Aci";"528,731";"BR-116/MG";"Norte";"Colisão Traseira";1;0;0;0;0;0;0;0;1;0;4;1;0;0;0
"01/11/2023";"16:22:00";"159";"ac02 - Aci";"184,034";"BR-116/RJ";"Sul";"Colisão lateral no mesmo sentido";1;0;0;1;0;0;0;0;0;0;2;0;1;0;0
"01/11/2023";"19:20:00";"193";"ac02 - Aci";"567";"BR-116/MG";"Norte";"Saida de Pista";1;0;0;0;0;0;0;0;0;0;1;1;0;0;0
"01/11/2023";"19:41:00";"198";"ac03 - Aci";"186";"BR-116/RJ";"Sul";"Colisão lateral no mesmo sentido";1;0;1;0;0;0;0;0;0;0;2;0;0;0;0
"01/11/2023";"19:42:00";"199";"ac03 - Aci";"20,9";"BR-465/RJ";"Sul";"Colisão lateral no mesmo sentido";2;0;0;0;0;0;0;0;0;0;2;0;0;0;0
"01/11/2023";"22:07:00";"232";"ac03 - Aci";"92";"BR-493/RJ";"Sul";"Atropelamento de Animal";1;0;0;0;0;0;0;0;0;0;1;0;0;0;0
"01/11/2023";"23:16:00";"236";"ac03 - Aci";"110,5";"BR-493/RJ";"Sul";"Atropelamento de Animal";1;0;0;0;0;0;0;0;0;0;1;0;0;0;0
"01/11/2023";"23:22:00";"237";"ac03 - Aci";"19";"BR-493/RJ";"Sul";"Atropelamento Ciclista";0;1;0;1;0;0;0;0;0;0;2;0;0;0;0
"02/11/2023";"04:52:00";"62";"ac02 - Aci";"50,5";"BR-493/RJ";"Norte";"Colisão Traseira";2;0;0;0;0;0;0;0;0;0;1;2;1;0;0
"02/11/2023";"06:06:00";"67";"ac02 - Aci";"6,224";"BR-493/RJ";"Norte";"Engavetamento";2;0;1;0;0;0;0;0;0;0;0;7;0;0;0
"02/11/2023";"08:34:00";"123";"ac02 - Aci";"171,502";"BR-116/RJ";"Norte";"Choque - New jersey";1;0;0;0;0;0;0;0;0;0;0;0;1;0;0
"02/11/2023";"09:17:00";"137";"ac03 - Aci";"99,849";"BR-116/RJ";"Norte";"Colisão Traseira";2;0;0;0;0;0;0;0;0;0;2;0;0;0;0
"02/11/2023";"09:23:00";"138";"ac02 - Aci";"21,085";"BR-116/RJ";"Norte";"Engavetamento";4;0;0;0;0;0;0;0;0;0;0;7;0;0;0
"02/11/2023";"09:27:00";"139";"ac02 - Aci";"193,427";"BR-116/RJ";"Sul";"Engavetamento";3;0;0;0;0;1;0;0;0;0;6;1;0;0;0
"02/11/2023";"10:49:00";"159";"ac02 - Aci";"189,816";"BR-116/RJ";"Sul";"Colisão Traseira";1;0;0;1;0;0;0;0;0;0;1;2;0;0;0
"02/11/2023";"12:57:00";"182";"ac03 - Aci";"690,084";"BR-116/MG";"Sul";"Colisão lateral no mesmo sentido";1;0;1;0;0;0;0;0;0;0;3;0;0;0;0
"02/11/2023";"13:35:00";"189";"ac02 - Aci";"128,068";"BR-116/RJ";"Norte";"Colisão lateral no mesmo sentido";1;0;1;0;0;0;0;0;0;0;0;4;0;0;0
"02/11/2023";"13:41:00";"191";"ac03 - Aci";"184,904";"BR-116/RJ";"Norte";"Colisão Traseira";1;0;1;0;0;0;0;0;0;0;2;0;0;0;0
"02/11/2023";"17:10:00";"234";"ac02 - Aci";"0,87";"BR-465/RJ";"Norte";"Atropelamento - Pedestre";2;1;0;0;0;0;0;0;0;0;2;2;0;0;0
"02/11/2023";"20:24:00";"271";"ac03 - Aci";"17";"BR-493/RJ";"Norte";"Saida de Pista";1;0;0;0;0;0;0;0;0;0;2;0;0;0;0
"02/11/2023";"21:03:00";"279";"ac02 - Aci";"14,5";"BR-465/RJ";"Sul";"Colisão lateral no sentido contrário";0;0;0;2;0;0;0;0;0;0;1;1;0;0;0
"02/11/2023";"21:14:00";"281";"ac03 - Aci";"94";"BR-116/RJ";"Norte";"Atropelamento de Animal";1;0;0;0;0;0;0;0;0;0;4;0;0;0;0
"03/11/2023";"04:36:00";"107";"ac02 - Aci";"555";"BR-116/MG";"Sul";"Choque - Meio Fio";1;0;0;0;0;0;0;0;0;0;0;1;0;0;0
"03/11/2023";"05:11:00";"110";"ac02 - Aci";"200,9";"BR-116/RJ";"Sul";"Choque - Defensa metálica";0;0;0;1;0;0;0;0;0;0;0;0;1;0;0
"03/11/2023";"08:47:00";"157";"ac03 - Aci";"175,936";"BR-116/RJ";"Norte";"Colisão Traseira";2;0;0;0;0;0;0;0;0;0;2;0;0;0;0
"03/11/2023";"11:13:00";"205";"ac01 - Aci";"459,571";"BR-116/MG";"Norte";"Capotamento";0;0;0;0;0;0;0;0;0;1;0;0;2;1;1
"03/11/2023";"11:27:00";"211";"ac01 - Aci";"89,811";"BR-493/RJ";"Norte";"Tombamento";0;0;1;0;0;0;0;0;0;0;0;0;0;0;1
"03/11/2023";"11:28:00";"212";"ac03 - Aci";"118,9";"BR-116/RJ";"Sul";"Choque - Defensa metálica";0;0;1;0;0;0;0;0;0;0;1;0;0;0;0
"03/11/2023";"17:26:00";"295";"ac03 - Aci";"426,281";"BR-116/MG";"Norte";"Colisão Traseira";1;0;0;1;0;0;0;0;0;0;2;0;0;0;0
"03/11/2023";"19:10:00";"327";"ac02 - Aci";"509";"BR-116/MG";"Norte";"Colisão lateral no mesmo sentido";1;0;0;1;0;0;0;0;0;0;1;0;1;0;0
"03/11/2023";"19:39:00";"333";"ac02 - Aci";"135,2";"BR-116/RJ";"Norte";"Atropelamento - Pedestre";1;0;1;0;0;0;0;0;0;0;2;0;1;0;0
"03/11/2023";"20:57:00";"348";"ac03 - Aci";"95";"BR-493/RJ";"Norte";"Choque - Defensa metálica";1;0;0;0;0;0;0;0;0;0;1;0;0;0;0
"03/11/2023";"21:18:00";"353";"ac02 - Aci";"123,7";"BR-116/RJ";"Sul";"Colisão Traseira";1;0;1;0;0;0;0;0;0;0;2;0;1;1;0
"03/11/2023";"21:43:00";"357";"ac03 - Aci";"116";"BR-116/RJ";"Sul";"Choque - Defensa metálica";1;0;0;0;0;0;0;0;0;0;1;0;0;0;0
"03/11/2023";"22:01:00";"360";"ac02 - Aci";"145";"BR-116/RJ";"Sul";"Atropelamento - Pedestre";0;0;0;0;1;0;0;0;0;0;1;0;1;0;0
"04/11/2023";"00:39:00";"55";"ac02 - Aci";"54";"BR-116/RJ";"Sul";"Choque - Meio Fio";1;0;0;0;0;0;0;0;0;0;0;1;0;0;0
"04/11/2023";"04:21:00";"78";"ac02 - Aci";"517";"BR-116/MG";"Norte";"Queda de Moto";0;0;0;1;0;0;0;0;0;0;0;1;0;0;0
"04/11/2023";"08:50:00";"120";"ac02 - Aci";"21";"BR-465/RJ";"Norte";"Queda de Moto";0;0;0;0;0;1;0;0;0;0;0;1;0;0;0
"04/11/2023";"11:10:00";"154";"ac02 - Aci";"176";"BR-116/RJ";"Sul";"Queda de Moto";0;0;0;1;0;0;0;0;0;0;0;2;0;0;0
"04/11/2023";"13:17:00";"186";"ac03 - Aci";"143,1";"BR-116/RJ";"Norte";"Atropelamento de Animal";1;0;0;0;0;0;0;0;0;0;1;0;0;0;0
"04/11/2023";"14:35:00";"206";"ac02 - Aci";"89";"BR-116/RJ";"Norte";"Colisão lateral no sentido contrário";2;0;2;0;0;0;0;0;0;0;1;5;0;0;0
"04/11/2023";"15:02:00";"217";"ac02 - Aci";"129,925";"BR-116/RJ";"Norte";"Tombamento";0;0;1;0;0;0;0;0;0;0;0;1;0;0;0
"04/11/2023";"15:34:00";"222";"ac02 - Aci";"98,727";"BR-116/RJ";"Norte";"Choque - New jersey";1;0;0;0;0;0;0;0;0;0;0;1;0;0;0
"04/11/2023";"17:38:00";"254";"ac02 - Aci";"632,862";"BR-116/MG";"Norte";"Queda de Moto";0;0;0;1;0;0;0;0;0;0;0;1;1;0;0
"04/11/2023";"20:00:00";"275";"ac02 - Aci";"91,416";"BR-116/RJ";"Sul";"Choque - Defensa metálica";1;0;0;0;0;0;0;0;0;0;0;2;0;0;0
"04/11/2023";"22:13:00";"291";"ac03 - Aci";"171";"BR-116/RJ";"Norte";"Colisão lateral no mesmo sentido";1;0;0;1;0;0;0;0;0;0;2;0;0;0;0
"04/11/2023";"23:05:00";"299";"ac02 - Aci";"4";"BR-465/RJ";"Norte";"Colisão Traseira";1;0;0;0;1;0;0;0;0;0;1;2;0;0;0
"04/11/2023";"23:26:00";"302";"ac03 - Aci";"412";"BR-116/MG";"Norte";"Capotamento";1;0;0;0;0;0;0;0;0;0;1;0;0;0;0
"05/11/2023";"00:33:00";"34";"ac02 - Aci";"115,9";"BR-116/RJ";"Norte";"Queda de Moto";0;0;0;1;0;0;0;0;0;0;0;0;1;1;0
"05/11/2023";"04:35:00";"52";"ac02 - Aci";"119,059";"BR-116/RJ";"Norte";"Choque - Barreira";1;0;0;0;0;0;0;0;0;0;0;1;0;0;0
"05/11/2023";"08:15:00";"89";"ac02 - Aci";"97";"BR-116/RJ";"Norte";"Queda de Moto";0;0;0;1;0;0;0;0;0;0;0;1;0;0;0
"05/11/2023";"14:22:00";"178";"ac02 - Aci";"457";"BR-116/MG";"Norte";"Queda de Moto";0;0;0;1;0;0;0;0;0;0;0;0;1;0;0
"05/11/2023";"15:04:00";"190";"ac02 - Aci";"186,5";"BR-116/RJ";"Norte";"Colisão Traseira";1;0;0;1;0;0;0;0;0;0;1;1;0;0;0
"05/11/2023";"17:16:00";"213";"ac02 - Aci";"119";"BR-116/RJ";"Norte";"Colisão lateral no mesmo sentido";0;0;0;1;0;1;0;0;0;0;1;1;0;0;0
"05/11/2023";"17:33:00";"215";"ac03 - Aci";"213";"BR-116/RJ";"Sul";"Colisão lateral no mesmo sentido";1;0;0;0;0;1;0;0;0;0;2;0;0;0;0
"05/11/2023";"18:06:00";"218";"ac02 - Aci";"175,85";"BR-116/RJ";"Norte";"Queda de Moto";1;0;0;1;0;0;0;0;0;0;1;0;1;0;0
"05/11/2023";"18:09:00";"219";"ac02 - Aci";"583";"BR-116/MG";"Sul";"Queda de Moto";0;0;0;1;0;0;0;0;0;0;0;0;0;1;0
"05/11/2023";"18:20:00";"221";"ac02 - Aci";"182";"BR-116/RJ";"Sul";"Colisão Traseira";2;0;0;0;0;0;0;0;0;0;0;6;0;0;0
"05/11/2023";"20:02:00";"244";"ac03 - Aci";"504";"BR-116/MG";"Norte";"Queda de Moto";0;0;0;1;0;0;0;0;0;0;1;0;0;0;0
"05/11/2023";"22:21:00";"264";"ac02 - Aci";"137,715";"BR-116/RJ";"Sul";"Colisão Traseira";1;0;0;0;0;0;1;0;0;0;1;0;1;1;0
"05/11/2023";"23:50:00";"273";"ac02 - Aci";"2,755";"BR-493/RJ";"Sul";"Choque - Canaleta";1;0;0;0;0;0;0;0;0;0;0;1;0;0;0
"06/11/2023";"00:14:00";"72";"ac03 - Aci";"445";"BR-116/MG";"Norte";"Atropelamento de Animal";0;0;0;0;1;0;0;0;0;0;1;0;0;0;0
"06/11/2023";"00:52:00";"78";"ac03 - Aci";"148";"BR-116/RJ";"Norte";"Choque - Barreira";1;0;0;0;0;0;0;0;0;0;1;0;0;0;0
"06/11/2023";"07:24:00";"135";"ac03 - Aci";"145,587";"BR-116/RJ";"Sul";"Colisão Traseira";2;0;0;0;0;1;0;0;0;0;3;0;0;0;0
"06/11/2023";"07:56:00";"148";"ac02 - Aci";"147,18";"BR-116/RJ";"Sul";"Colisão lateral no mesmo sentido";1;0;0;1;0;0;0;0;0;0;1;1;0;0;0
"06/11/2023";"09:01:00";"170";"ac02 - Aci";"616,899";"BR-116/MG";"Norte";"Capotamento";1;0;0;0;0;1;0;0;0;0;2;1;0;0;0
"06/11/2023";"09:13:00";"174";"ac02 - Aci";"172,342";"BR-116/RJ";"Norte";"Queda de Moto";0;0;0;1;0;0;0;0;0;0;0;2;0;0;0
"06/11/2023";"17:36:00";"273";"ac03 - Aci";"411";"BR-116/MG";"Sul";"Colisão Traseira";1;0;0;1;0;0;0;0;0;0;3;0;0;0;0
"06/11/2023";"18:09:00";"280";"ac02 - Aci";"184";"BR-116/RJ";"Norte";"Engavetamento";2;0;0;0;0;1;0;0;0;0;4;1;0;0;0
"06/11/2023";"18:33:00";"282";"ac02 - Aci";"86,1";"BR-116/RJ";"Norte";"Colisão lateral no mesmo sentido";0;0;0;1;0;1;0;0;0;0;1;2;0;0;0
"06/11/2023";"18:50:00";"288";"ac02 - Aci";"764";"BR-116/MG";"Norte";"Atropelamento Ciclista";0;0;0;1;0;0;0;0;0;0;1;0;1;0;0
"06/11/2023";"22:56:00";"326";"ac03 - Aci";"19,5";"BR-465/RJ";"Norte";"Colisão Traseira";1;0;1;0;0;0;0;0;0;0;2;0;0;0;0
"07/11/2023";"02:57:00";"117";"ac02 - Aci";"183";"BR-116/RJ";"Norte";"Colisão Frontal";0;0;0;2;0;0;0;0;0;0;0;0;3;0;0
"07/11/2023";"05:15:00";"128";"ac03 - Aci";"147,146";"BR-116/RJ";"Sul";"Colisão lateral no mesmo sentido";1;0;0;0;1;0;0;0;0;0;3;0;0;0;0
"07/11/2023";"06:43:00";"140";"ac03 - Aci";"71,014";"BR-116/RJ";"Norte";"Tombamento";0;0;0;0;0;0;0;0;0;1;1;0;0;0;0
"07/11/2023";"07:08:00";"147";"ac02 - Aci";"703,15";"BR-116/MG";"Sul";"Colisão lateral no mesmo sentido";0;0;0;2;0;0;0;0;0;0;0;1;1;0;0
"07/11/2023";"07:14:00";"148";"ac02 - Aci";"702,386";"BR-116/MG";"Norte";"Colisão lateral no mesmo sentido";0;0;1;1;0;0;0;0;0;0;1;0;1;0;0
"07/11/2023";"08:11:00";"161";"ac02 - Aci";"171,785";"BR-116/RJ";"Norte";"Colisão Traseira";1;0;0;0;0;0;0;0;0;0;0;1;0;0;0
"07/11/2023";"12:19:00";"229";"ac03 - Aci";"97,426";"BR-116/RJ";"Norte";"Colisão Frontal";1;0;1;0;0;0;0;0;0;0;3;0;0;0;0
"07/11/2023";"13:25:00";"237";"ac02 - Aci";"688,638";"BR-116/MG";"Sul";"Saida de Pista";0;0;1;0;0;0;0;0;0;0;0;1;0;0;0
"07/11/2023";"13:48:00";"242";"ac02 - Aci";"184,584";"BR-116/RJ";"Norte";"Colisão Traseira";2;0;0;0;0;0;0;0;0;0;0;2;1;0;0
"07/11/2023";"15:37:00";"271";"ac02 - Aci";"193,528";"BR-116/RJ";"Norte";"Colisão Traseira";2;0;0;0;0;0;0;0;0;0;1;1;0;0;0
"07/11/2023";"16:43:00";"282";"ac03 - Aci";"90,956";"BR-116/RJ";"Norte";"Choque - Talude ou Barranco";1;0;0;0;0;0;0;0;0;0;1;0;0;0;0
"07/11/2023";"17:48:00";"294";"ac03 - Aci";"112,35";"BR-116/RJ";"Norte";"Atropelamento de Animal";0;0;0;1;0;0;0;0;0;0;1;0;0;0;0
"07/11/2023";"18:54:00";"312";"ac02 - Aci";"617";"BR-116/MG";"Norte";"Saida de Pista";1;0;0;0;0;0;0;0;0;0;0;1;0;0;0
"07/11/2023";"20:59:00";"335";"ac02 - Aci";"702";"BR-116/MG";"Norte";"Colisão lateral no mesmo sentido";1;0;0;1;0;0;0;0;0;0;1;1;0;0;0
"08/11/2023";"01:32:00";"122";"ac01 - Aci";"147,033";"BR-116/RJ";"Sul";"Colisão lateral no mesmo sentido";1;0;0;1;0;0;0;0;0;0;0;1;1;0;1
"08/11/2023";"05:00:00";"133";"ac02 - Aci";"171,4";"BR-116/RJ";"Norte";"Colisão Frontal";1;0;0;1;0;0;0;0;0;0;1;1;0;0;0
"08/11/2023";"05:55:00";"137";"ac02 - Aci";"194";"BR-116/RJ";"Norte";"Choque - Veiculo parado no acostamento";0;0;1;0;1;0;0;0;0;0;1;3;0;0;0
"08/11/2023";"06:49:00";"147";"ac02 - Aci";"174";"BR-116/RJ";"Norte";"Colisão lateral no mesmo sentido";1;0;0;1;0;0;0;0;0;0;2;1;1;0;0
"08/11/2023";"06:50:00";"154";"ac03 - Aci";"411,18";"BR-116/MG";"Norte";"Colisão Traseira";1;0;0;1;0;0;0;0;0;0;2;0;0;0;0
"08/11/2023";"07:42:00";"160";"ac03 - Aci";"143,6";"BR-116/RJ";"Sul";"Colisão lateral no mesmo sentido";0;0;1;2;0;0;0;0;0;0;3;0;0;0;0
"08/11/2023";"08:02:00";"172";"ac02 - Aci";"108,194";"BR-116/RJ";"Norte";"Colisão Transversal";1;0;0;1;0;0;0;0;0;0;0;3;0;0;0
"08/11/2023";"08:45:00";"178";"ac03 - Aci";"93,9";"BR-493/RJ";"Sul";"Choque - Veiculo parado no acostamento";0;0;2;0;0;0;0;0;0;0;2;0;0;0;0
"08/11/2023";"11:46:00";"218";"ac03 - Aci";"5";"BR-465/RJ";"Norte";"Engavetamento";2;0;1;0;0;0;0;0;0;0;3;0;0;0;0
"08/11/2023";"11:49:00";"219";"ac03 - Aci";"608";"BR-116/MG";"Sul";"Choque - Meio Fio";1;0;0;0;0;0;0;0;0;0;1;0;0;0;0
"08/11/2023";"12:32:00";"232";"ac02 - Aci";"21,156";"BR-465/RJ";"Norte";"Atropelamento - Pedestre";0;0;0;0;1;0;0;0;0;0;1;1;0;0;0
"08/11/2023";"14:01:00";"248";"ac02 - Aci";"4,288";"BR-465/RJ";"Norte";"Atropelamento - Pedestre";1;0;0;0;0;0;0;0;0;0;1;1;0;0;0
"08/11/2023";"15:38:00";"260";"ac03 - Aci";"176";"BR-116/RJ";"Sul";"Engavetamento";3;0;1;0;0;0;0;0;0;0;4;0;0;0;0
"08/11/2023";"17:48:00";"288";"ac02 - Aci";"122,793";"BR-116/RJ";"Norte";"Choque - Defensa metálica";1;0;0;0;0;0;0;0;0;0;0;2;0;0;0
"08/11/2023";"17:58:00";"290";"ac02 - Aci";"190";"BR-116/RJ";"Sul";"Atropelamento de Animal";0;0;0;1;0;0;0;0;0;0;0;1;0;0;0
"08/11/2023";"18:54:00";"306";"ac02 - Aci";"76,484";"BR-116/RJ";"Sul";"Colisão lateral no mesmo sentido";2;0;0;0;0;0;0;0;0;0;1;1;1;0;0
"08/11/2023";"22:58:00";"345";"ac02 - Aci";"18";"BR-465/RJ";"Norte";"Atropelamento - Pedestre";1;0;0;0;0;0;0;0;0;0;1;1;0;0;0
"09/11/2023";"07:22:00";"120";"ac02 - Aci";"86,6";"BR-116/RJ";"Sul";"Colisão lateral no mesmo sentido";0;0;1;1;0;0;0;0;0;0;0;2;0;0;0
"09/11/2023";"07:38:00";"124";"ac03 - Aci";"172,372";"BR-116/RJ";"Norte";"Choque - Veículo parado na pista";1;0;0;1;0;1;0;0;0;0;3;0;0;0;0
"09/11/2023";"12:11:00";"187";"ac03 - Aci";"684,5";"BR-116/MG";"Norte";"Choque - Defensa metálica";0;0;1;0;0;0;0;0;0;0;1;0;0;0;0
"09/11/2023";"16:49:00";"260";"ac03 - Aci";"702";"BR-116/MG";"Norte";"Colisão Transversal";0;0;1;0;0;0;0;0;0;1;2;0;0;0;0
"09/11/2023";"17:01:00";"265";"ac02 - Aci";"172,847";"BR-116/RJ";"Sul";"Colisão lateral no mesmo sentido";1;0;0;1;0;0;0;0;0;0;0;4;0;0;0
"09/11/2023";"17:32:00";"273";"ac02 - Aci";"413,608";"BR-116/MG";"Norte";"Atropelamento - Andarilho";0;0;0;1;0;0;0;0;0;0;1;0;1;0;0
"09/11/2023";"17:52:00";"278";"ac01 - Aci";"530,201";"BR-116/MG";"Norte";"Colisão lateral no mesmo sentido";1;0;1;0;0;0;0;0;0;0;1;0;0;0;1
"09/11/2023";"19:08:00";"292";"ac02 - Aci";"21";"BR-465/RJ";"Norte";"Colisão lateral no mesmo sentido";1;0;1;0;0;0;0;0;0;0;0;2;0;0;0
"09/11/2023";"20:31:00";"306";"ac02 - Aci";"40,58";"BR-116/RJ";"Norte";"Atropelamento - Pedestre";0;0;0;1;0;0;0;0;0;0;0;1;1;0;0
"09/11/2023";"22:38:00";"323";"ac02 - Aci";"176,414";"BR-116/RJ";"Norte";"Queda de Moto";0;0;0;1;0;0;0;0;0;0;0;1;0;0;0
"10/11/2023";"06:41:00";"135";"ac02 - Aci";"173,932";"BR-116/RJ";"Norte";"Colisão lateral no mesmo sentido";0;0;0;2;0;1;0;0;0;0;1;3;0;0;0
"10/11/2023";"07:38:00";"158";"ac02 - Aci";"416,484";"BR-116/MG";"Sul";"Atropelamento Ciclista";1;1;0;0;0;0;0;0;0;0;0;2;0;0;0
"10/11/2023";"08:11:00";"166";"ac02 - Aci";"169,1";"BR-116/RJ";"Sul";"Colisão lateral no mesmo sentido";0;0;0;1;0;0;0;0;0;1;1;1;0;0;0
"10/11/2023";"10:21:00";"195";"ac02 - Aci";"539,348";"BR-116/MG";"Norte";"Colisão Transversal";2;0;0;0;0;0;0;0;0;0;0;4;0;0;0