data;horario;n_da_ocorrencia;tipo_de_ocorrencia;km;trecho;sentido;tipo_de_acidente;automovel;bicicleta;caminhao;moto;onibus;outros;tracao_animal;transporte_de_cargas_especiais;trator_maquinas;utilitarios;ilesos;levemente_feridos;moderadamente_feridos;gravemente_feridos;mortos
"04/12/2023";"00:07:00";"1";"ac02 - Aci";"14";"BR-465/RJ";"Norte";"Colisão Frontal";0;0;0;2;0;0;0;0;0;0;1;0;1;0;0
"04/12/2023";"06:29:00";"99";"ac02 - Aci";"682,109";"BR-116/MG";"Sul";"Queda de Moto";0;0;0;1;0;0;0;0;0;0;0;1;0;0;0
"04/12/2023";"06:32:00";"100";"ac02 - Aci";"169";"BR-116/RJ";"Norte";"Queda de Moto";0;0;0;1;0;0;0;0;0;0;0;1;0;0;0
"04/12/2023";"06:43:00";"104";"ac02 - Aci";"201,3";"BR-116/RJ";"Norte";"Choque - Defensa metálica";1;0;0;0;0;0;0;0;0;0;0;1;0;0;0
"04/12/2023";"07:53:00";"117";"ac03 - Aci";"414,416";"BR-116/MG";"Norte";"Colisão lateral no mesmo sentido";1;0;1;0;0;0;0;0;0;0;2;0;0;0;0
"04/12/2023";"09:06:00";"135";"ac02 - Aci";"174,572";"BR-116/RJ";"Norte";"Colisão lateral no mesmo sentido";1;0;0;1;0;0;0;0;0;0;1;1;0;0;0
"04/12/2023";"09:48:00";"142";"ac03 - Aci";"83,2";"BR-116/RJ";"Sul";"Colisão lateral no mesmo sentido";1;0;1;0;0;0;0;0;0;0;2;0;0;0;0
"04/12/2023";"17:32:00";"251";"ac02 - Aci";"12,9";"BR-465/RJ";"Norte";"Colisão lateral no mesmo sentido";1;0;0;1;0;0;0;0;0;0;1;1;0;0;0
"04/12/2023";"20:28:00";"290";"ac02 - Aci";"89";"BR-116/RJ";"Sul";"Choque - Meio Fio";1;0;0;0;0;0;0;0;0;0;0;1;0;0;0
"04/12/2023";"21:58:00";"302";"ac03 - Aci";"173";"BR-116/RJ";"Sul";"Choque - Outros";0;0;0;0;0;0;0;0;0;1;1;0;0;0;0
"05/12/2023";"04:09:00";"113";"ac02 - Aci";"554,616";"BR-116/MG";"Norte";"Choque - Meio Fio";0;0;1;0;0;0;0;0;0;0;0;1;0;0;0
"05/12/2023";"04:17:00";"114";"ac02 - Aci";"16";"BR-465/RJ";"Norte";"Colisão Traseira";1;0;1;0;0;0;0;0;0;0;1;1;0;0;0
"05/12/2023";"07:26:00";"132";"ac02 - Aci";"96";"BR-493/RJ";"Sul";"Colisão Frontal";0;0;0;1;0;1;0;0;0;0;1;1;0;0;0
"05/12/2023";"10:37:00";"180";"ac03 - Aci";"48,291";"BR-493/RJ";"Norte";"Colisão Traseira";2;0;0;0;0;0;0;0;0;0;3;0;0;0;0
"05/12/2023";"13:25:00";"224";"ac02 - Aci";"632,846";"BR-116/MG";"Sul";"Colisão lateral no sentido contrário";1;0;1;0;0;0;0;0;0;0;5;1;0;0;0
"05/12/2023";"13:38:00";"228";"ac02 - Aci";"526,626";"BR-116/MG";"Sul";"Colisão Traseira";0;0;0;2;0;0;0;0;0;0;1;1;0;0;0
"05/12/2023";"13:46:00";"230";"ac03 - Aci";"18,7";"BR-465/RJ";"Norte";"Colisão Traseira";1;0;1;0;0;0;0;0;0;0;2;0;0;0;0
"05/12/2023";"14:05:00";"236";"ac03 - Aci";"594";"BR-116/MG";"Norte";"Choque - Elemento de Drenagem";1;0;0;0;0;0;0;0;0;0;1;0;0;0;0
"05/12/2023";"14:35:00";"241";"ac02 - Aci";"175,476";"BR-116/RJ";"Norte";"Colisão Traseira";0;0;0;1;0;1;0;0;0;0;1;0;1;0;0
"05/12/2023";"17:27:00";"281";"ac02 - Aci";"759";"BR-116/MG";"Norte";"Colisão lateral no mesmo sentido";1;0;0;1;0;0;0;0;0;0;0;1;2;0;0
"05/12/2023";"18:07:00";"287";"ac02 - Aci";"525";"BR-116/MG";"Norte";"Colisão Transversal";1;0;0;1;0;0;0;0;0;0;1;0;1;0;0
"05/12/2023";"18:55:00";"297";"ac03 - Aci";"171";"BR-116/RJ";"Sul";"Colisão lateral no mesmo sentido";2;0;1;0;0;0;0;0;0;0;3;0;0;0;0
"05/12/2023";"19:36:00";"305";"ac02 - Aci";"179,2";"BR-116/RJ";"Sul";"Colisão lateral no mesmo sentido";1;0;0;1;0;0;0;0;0;0;1;1;0;0;0
"05/12/2023";"20:02:00";"308";"ac02 - Aci";"211";"BR-116/RJ";"Sul";"Colisão Frontal";0;2;0;0;0;0;0;0;0;0;1;1;0;0;0
"06/12/2023";"04:42:00";"89";"ac02 - Aci";"172,3";"BR-116/RJ";"Sul";"Atropelamento - Pedestre";1;0;0;0;0;0;0;0;0;0;2;1;1;0;0
"06/12/2023";"06:25:00";"101";"ac02 - Aci";"95";"BR-116/RJ";"Norte";"Colisão lateral no mesmo sentido";1;0;0;1;0;0;0;0;0;0;1;3;0;0;0
"06/12/2023";"06:44:00";"104";"ac02 - Aci";"765,861";"BR-116/MG";"Sul";"Colisão Transversal";1;0;0;1;0;0;0;0;0;0;2;0;1;0;0
"06/12/2023";"11:09:00";"184";"ac02 - Aci";"184,762";"BR-116/RJ";"Sul";"Engavetamento";3;0;0;0;0;0;0;0;0;0;3;0;1;0;0
"06/12/2023";"13:18:00";"213";"ac02 - Aci";"18,581";"BR-493/RJ";"Sul";"Colisão Frontal";2;0;0;0;0;0;0;0;0;0;0;3;0;0;0
"06/12/2023";"13:43:00";"220";"ac02 - Aci";"134,605";"BR-116/RJ";"Sul";"Queda de Moto";0;0;0;1;0;0;0;0;0;0;0;1;0;0;0
"06/12/2023";"14:08:00";"226";"ac02 - Aci";"527,5";"BR-116/MG";"Sul";"Colisão Traseira";1;0;0;1;0;0;0;0;0;0;1;0;1;0;0
"06/12/2023";"14:42:00";"239";"ac03 - Aci";"182,73";"BR-116/RJ";"Sul";"Colisão lateral no mesmo sentido";1;0;0;0;0;1;0;0;0;0;2;0;0;0;0
"06/12/2023";"15:17:00";"245";"ac03 - Aci";"195";"BR-116/RJ";"Norte";"Engavetamento";2;0;1;0;0;0;0;0;0;0;3;0;0;0;0
"06/12/2023";"15:22:00";"248";"ac02 - Aci";"694,521";"BR-116/MG";"Norte";"Colisão Frontal";1;0;1;0;0;0;0;0;0;0;0;1;1;0;0
"06/12/2023";"16:19:00";"263";"ac02 - Aci";"84,595";"BR-116/RJ";"Sul";"Capotamento";1;0;0;0;0;0;0;0;0;0;0;1;2;0;0
"06/12/2023";"16:51:00";"268";"ac02 - Aci";"4,563";"BR-465/RJ";"Sul";"Colisão Traseira";1;0;0;1;0;0;0;0;0;0;1;0;1;0;0
"06/12/2023";"17:15:00";"275";"ac03 - Aci";"607,353";"BR-116/MG";"Sul";"Colisão Traseira";1;0;1;0;0;0;0;0;0;0;2;0;0;0;0
"06/12/2023";"19:23:00";"299";"ac02 - Aci";"198";"BR-116/RJ";"Norte";"Saida de Pista";1;0;0;0;0;0;0;0;0;0;0;0;1;0;0
"06/12/2023";"20:56:00";"318";"ac02 - Aci";"210";"BR-116/RJ";"Sul";"Engavetamento";1;0;2;0;0;0;0;0;0;0;2;2;1;0;0
"06/12/2023";"21:37:00";"325";"ac02 - Aci";"172,658";"BR-116/RJ";"Sul";"Atropelamento - Andarilho";1;0;0;1;0;0;0;0;0;0;0;2;1;0;0
"06/12/2023";"21:46:00";"327";"ac02 - Aci";"172,264";"BR-116/RJ";"Sul";"Colisão Traseira";2;0;0;0;0;0;0;0;0;0;0;3;0;0;0
"07/12/2023";"03:54:00";"98";"ac02 - Aci";"705";"BR-116/MG";"Sul";"Choque - Meio Fio";1;0;0;0;0;0;0;0;0;0;0;1;0;0;0
"07/12/2023";"04:52:00";"102";"ac03 - Aci";"118";"BR-116/RJ";"Norte";"Colisão lateral no mesmo sentido";1;0;1;0;0;0;0;0;0;0;2;0;0;0;0
"07/12/2023";"07:25:00";"133";"ac03 - Aci";"652";"BR-116/MG";"Norte";"Choque - Defensa metálica";1;0;0;0;0;0;0;0;0;0;1;0;0;0;0
"07/12/2023";"07:31:00";"126";"ac02 - Aci";"145";"BR-116/RJ";"Sul";"Colisão lateral no mesmo sentido";0;0;1;1;0;0;0;0;0;0;1;1;0;0;0
"07/12/2023";"08:09:00";"135";"ac02 - Aci";"413";"BR-116/MG";"Norte";"Colisão lateral no mesmo sentido";0;0;0;1;0;0;0;0;0;1;1;0;1;0;0
"07/12/2023";"08:13:00";"136";"ac02 - Aci";"413";"BR-116/MG";"Norte";"Colisão Traseira";0;0;0;1;0;0;0;0;0;1;1;0;1;0;0
"07/12/2023";"08:28:00";"143";"ac02 - Aci";"701,9";"BR-116/MG";"Sul";"Colisão Transversal";1;0;0;1;0;0;0;0;0;0;1;0;1;0;0
"07/12/2023";"08:32:00";"145";"ac02 - Aci";"20,48";"BR-465/RJ";"Norte";"Colisão lateral no sentido contrário";0;0;0;1;0;1;0;0;0;0;1;0;1;0;0
"07/12/2023";"09:16:00";"152";"ac03 - Aci";"413";"BR-116/MG";"Norte";"Engavetamento";4;0;0;0;0;0;0;0;0;0;4;0;0;0;0
"07/12/2023";"11:08:00";"185";"ac02 - Aci";"527";"BR-116/MG";"Norte";"Atropelamento - Pedestre";0;0;1;0;0;0;0;0;0;0;1;1;0;0;0
"07/12/2023";"15:58:00";"262";"ac02 - Aci";"633,821";"BR-116/MG";"Norte";"Capotamento";1;0;0;0;0;0;0;0;0;0;0;1;0;0;0
"07/12/2023";"18:55:00";"314";"ac02 - Aci";"530";"BR-116/MG";"Norte";"Colisão Traseira";2;0;1;0;0;0;0;0;0;0;0;3;0;0;0
"07/12/2023";"22:01:00";"348";"ac02 - Aci";"19,193";"BR-493/RJ";"Norte";"Colisão lateral no mesmo sentido";1;0;0;1;0;0;0;0;0;0;1;1;0;0;0
"08/12/2023";"06:02:00";"103";"ac02 - Aci";"58";"BR-116/RJ";"Sul";"Queda de Moto";0;0;0;1;0;0;0;0;0;0;0;1;0;0;0
"08/12/2023";"08:17:00";"142";"ac03 - Aci";"506,63";"BR-116/MG";"Sul";"Colisão Traseira";2;0;0;0;0;0;0;0;0;0;2;0;0;0;0
"08/12/2023";"09:45:00";"166";"ac03 - Aci";"71,333";"BR-116/RJ";"Sul";"Colisão lateral no sentido contrário";1;0;0;0;0;1;0;0;0;0;2;0;0;0;0
"08/12/2023";"10:02:00";"171";"ac02 - Aci";"415";"BR-116/MG";"Norte";"Colisão Traseira";1;0;1;0;0;0;0;0;0;0;0;2;0;0;0
"08/12/2023";"11:16:00";"194";"ac02 - Aci";"527,625";"BR-116/MG";"Sul";"Engavetamento";3;0;1;0;0;0;0;0;0;0;0;4;0;0;0
"08/12/2023";"11:38:00";"202";"ac02 - Aci";"201,975";"BR-116/RJ";"Sul";"Colisão Traseira";1;0;1;0;0;0;0;0;0;1;0;4;0;0;0
"08/12/2023";"12:14:00";"213";"ac02 - Aci";"207,969";"BR-116/RJ";"Norte";"Queda de Moto";0;0;0;1;0;0;0;0;0;0;0;1;0;0;0
"08/12/2023";"14:49:00";"247";"ac02 - Aci";"525";"BR-116/MG";"Norte";"Choque - Veiculo parado no acostamento";1;0;1;0;0;0;0;0;0;0;1;0;1;1;0
"08/12/2023";"15:02:00";"254";"ac02 - Aci";"600,084";"BR-116/MG";"Sul";"Tombamento";0;0;1;1;0;0;0;0;0;0;0;1;0;2;0
"08/12/2023";"15:22:00";"261";"ac03 - Aci";"19,8";"BR-493/RJ";"Norte";"Colisão Traseira";1;0;0;1;0;0;0;0;0;0;2;0;0;0;0
"08/12/2023";"16:56:00";"286";"ac02 - Aci";"98,715";"BR-116/RJ";"Norte";"Colisão lateral no sentido contrário";1;0;1;0;0;0;0;0;0;1;1;6;0;0;0
"08/12/2023";"18:08:00";"298";"ac02 - Aci";"18";"BR-465/RJ";"Norte";"Atropelamento - Pedestre";0;0;0;1;0;0;0;0;0;0;1;0;1;0;0
"08/12/2023";"18:12:00";"301";"ac03 - Aci";"54";"BR-493/RJ";"Sul";"Choque - Canaleta";0;0;1;0;0;0;0;0;0;0;1;0;0;0;0
"08/12/2023";"18:19:00";"304";"ac02 - Aci";"146,6";"BR-116/RJ";"Sul";"Queda de Moto";0;0;0;1;0;0;0;0;0;0;0;1;0;0;0
"08/12/2023";"19:21:00";"321";"ac02 - Aci";"672";"BR-116/MG";"Sul";"Colisão lateral no sentido contrário";2;0;1;0;0;0;0;0;0;0;1;4;0;0;0
"08/12/2023";"20:07:00";"334";"ac02 - Aci";"13";"BR-465/RJ";"Sul";"Atropelamento Ciclista";1;1;0;0;0;0;0;0;0;0;1;0;1;0;0
"08/12/2023";"21:01:00";"350";"ac03 - Aci";"679,4";"BR-116/MG";"Norte";"Saida de Pista";0;0;1;0;0;0;0;0;0;0;1;0;0;0;0
"08/12/2023";"21:17:00";"354";"ac03 - Aci";"17,8";"BR-465/RJ";"Norte";"Engavetamento";3;0;0;0;0;0;0;0;0;0;3;0;0;0;0
"08/12/2023";"21:35:00";"358";"ac02 - Aci";"417";"BR-116/MG";"Sul";"Colisão lateral no mesmo sentido";1;0;0;1;0;0;0;0;0;0;0;1;1;0;0
"08/12/2023";"21:37:00";"359";"ac03 - Aci";"193";"BR-116/RJ";"Norte";"Choque - Defensa metálica";0;0;1;0;0;0;0;0;0;0;1;0;0;0;0
"08/12/2023";"22:16:00";"365";"ac02 - Aci";"675";"BR-116/MG";"Norte";"Colisão Transversal";2;0;0;0;0;0;0;0;0;0;0;3;1;0;0
"08/12/2023";"22:31:00";"368";"ac03 - Aci";"6";"BR-465/RJ";"Sul";"Choque - Defensa metálica";1;0;0;0;0;0;0;0;0;0;1;0;0;0;0
"08/12/2023";"22:59:00";"371";"ac03 - Aci";"96";"BR-493/RJ";"Norte";"Choque - Defensa metálica";1;0;0;0;0;0;0;0;0;0;1;0;0;0;0
"08/12/2023";"23:07:00";"373";"ac03 - Aci";"16";"BR-465/RJ";"Sul";"Choque - Canaleta";1;0;0;0;0;0;0;0;0;0;1;0;0;0;0
"09/12/2023";"00:39:00";"46";"ac03 - Aci";"741";"BR-116/MG";"Norte";"Atropelamento de Animal";0;0;1;0;0;0;0;0;0;0;1;0;0;0;0
"09/12/2023";"04:22:00";"100";"ac02 - Aci";"20,8";"BR-116/RJ";"Norte";"Atropelamento de Animal";1;0;0;0;0;0;0;0;0;0;0;1;0;0;0
"09/12/2023";"06:43:00";"113";"ac03 - Aci";"517";"BR-116/MG";"Norte";"Colisão lateral no mesmo sentido";1;0;0;0;0;0;1;0;0;0;2;0;0;0;0
"09/12/2023";"07:06:00";"114";"ac03 - Aci";"90,278";"BR-116/RJ";"Sul";"Choque - Talude ou Barranco";1;0;0;0;0;0;0;0;0;0;1;0;0;0;0
"09/12/2023";"07:28:00";"119";"ac03 - Aci";"196,564";"BR-116/RJ";"Sul";"Colisão lateral no mesmo sentido";1;0;1;0;0;0;0;0;0;0;3;0;0;0;0
"09/12/2023";"10:21:00";"162";"ac02 - Aci";"575";"BR-116/MG";"Norte";"Tombamento";0;0;1;0;0;0;0;0;0;0;0;1;0;0;0
"09/12/2023";"12:00:00";"194";"ac02 - Aci";"812,157";"BR-116/MG";"Sul";"Colisão Frontal";1;0;1;0;0;0;0;0;0;0;1;2;0;0;0
"09/12/2023";"13:01:00";"209";"ac02 - Aci";"778,1";"BR-116/MG";"Norte";"Colisão lateral no sentido contrário";1;0;1;0;0;0;0;0;0;0;1;2;0;0;0
"09/12/2023";"13:30:00";"214";"ac01 - Aci";"770,018";"BR-116/MG";"Norte";"Colisão Frontal";1;0;0;1;0;0;0;0;0;0;0;4;0;0;1
"09/12/2023";"14:32:00";"222";"ac03 - Aci";"122,417";"BR-493/RJ";"Sul";"Choque - New jersey";1;0;0;0;0;0;0;0;0;0;1;0;0;0;0
"09/12/2023";"15:56:00";"249";"ac02 - Aci";"177,981";"BR-116/RJ";"Sul";"Queda de Moto";0;0;0;1;0;0;0;0;0;0;0;0;1;0;0
"09/12/2023";"19:32:00";"289";"ac02 - Aci";"650";"BR-116/MG";"Norte";"Colisão lateral no mesmo sentido";1;0;0;1;0;0;0;0;0;0;0;1;2;0;0
"09/12/2023";"22:08:00";"328";"ac02 - Aci";"685";"BR-116/MG";"Norte";"Choque - Outros";1;0;0;0;0;0;0;0;0;0;0;0;2;0;0
"10/12/2023";"00:13:00";"27";"ac02 - Aci";"180";"BR-116/RJ";"Sul";"Colisão lateral no sentido contrário";2;0;1;0;0;0;0;0;0;0;3;1;0;0;0
"10/12/2023";"05:38:00";"63";"ac02 - Aci";"180,452";"BR-116/RJ";"Norte";"Colisão lateral no sentido contrário";1;0;0;1;0;0;0;0;0;0;4;0;1;0;0
"10/12/2023";"06:02:00";"66";"ac02 - Aci";"141,591";"BR-116/RJ";"Norte";"Choque - Defensa metálica";0;0;1;0;0;0;0;0;0;0;1;1;0;0;0
"10/12/2023";"09:57:00";"111";"ac02 - Aci";"212,942";"BR-116/RJ";"Sul";"Queda de Moto";0;0;0;1;0;0;0;0;0;0;0;1;0;0;0
"10/12/2023";"12:01:00";"137";"ac02 - Aci";"704,094";"BR-116/MG";"Sul";"Colisão Transversal";1;0;0;1;0;0;0;0;0;0;1;1;0;0;0
"10/12/2023";"13:33:00";"146";"ac02 - Aci";"94";"BR-116/RJ";"Norte";"Colisão Traseira";1;0;0;1;0;0;0;0;0;0;0;3;0;0;0
"10/12/2023";"14:53:00";"160";"ac02 - Aci";"5,98";"BR-493/RJ";"Sul";"Colisão Transversal";1;0;0;1;0;0;0;0;0;0;1;0;1;0;0
"10/12/2023";"14:56:00";"161";"ac02 - Aci";"690,012";"BR-116/MG";"Sul";"Colisão Traseira";0;0;0;1;1;0;0;0;0;0;1;0;1;0;0
"10/12/2023";"15:19:00";"165";"ac02 - Aci";"169";"BR-116/RJ";"Norte";"Queda de Moto";0;0;0;1;0;0;0;0;0;0;1;1;0;0;0
"10/12/2023";"16:45:00";"187";"ac02 - Aci";"103,912";"BR-116/RJ";"Sul";"Queda de Moto";0;0;0;1;0;0;0;0;0;0;0;1;0;0;0
"10/12/2023";"17:45:00";"206";"ac02 - Aci";"144";"BR-116/RJ";"Sul";"Colisão Traseira";1;0;0;1;0;0;0;0;0;0;1;1;0;0;0
"10/12/2023";"18:19:00";"212";"ac02 - Aci";"410,1";"BR-116/MG";"Sul";"Colisão Traseira";0;0;0;1;0;1;0;0;0;0;1;2;0;0;0
"10/12/2023";"20:24:00";"243";"ac03 - Aci";"178";"BR-116/RJ";"Sul";"Choque - New jersey";1;0;0;0;0;0;0;0;0;0;1;0;0;0;0
"10/12/2023";"20:49:00";"245";"ac02 - Aci";"140";"BR-116/RJ";"Norte";"Queda de Ciclista";0;1;0;0;0;0;0;0;0;0;0;1;0;0;0
"10/12/2023";"21:14:00";"252";"ac02 - Aci";"144,5";"BR-116/RJ";"Sul";"Colisão lateral no mesmo sentido";1;0;0;1;0;0;0;0;0;0;1;1;0;0;0
"10/12/2023";"21:30:00";"254";"ac03 - Aci";"17,4";"BR-465/RJ";"Norte";"Colisão lateral no sentido contrário";2;0;0;0;0;0;0;0;0;0;2;0;0;0;0
"10/12/2023";"21:47:00";"260";"ac02 - Aci";"80,25";"BR-116/RJ";"Sul";"Colisão lateral no sentido contrário";1;0;0;1;0;0;0;0;0;0;0;1;0;1;0
"11/12/2023";"00:50:00";"104";"ac03 - Aci";"178";"BR-116/RJ";"Sul";"Choque - New jersey";1;0;0;0;0;0;0;0;0;0;1;0;0;0;0
"11/12/2023";"06:08:00";"130";"ac03 - Aci";"207";"BR-116/RJ";"Sul";"Atropelamento de Animal";1;0;0;0;0;0;0;0;0;0;1;0;0;0;0
"11/12/2023";"06:24:00";"133";"ac02 - Aci";"10";"BR-493/RJ";"Norte";"Colisão lateral no sentido contrário";1;0;1;0;0;0;0;0;0;0;0;2;0;0;0
"11/12/2023";"07:25:00";"145";"ac02 - Aci";"196,8";"BR-116/RJ";"Sul";"Tombamento";0;0;0;0;1;0;0;0;0;1;0;3;0;0;0
"11/12/2023";"08:15:00";"161";"ac02 - Aci";"174,8";"BR-116/RJ";"Norte";"Queda de Moto";0;0;0;1;0;0;0;0;0;0;0;1;0;0;0
"11/12/2023";"08:21:00";"165";"ac03 - Aci";"88";"BR-116/RJ";"Sul";"Choque - Barreira";1;0;0;0;0;0;0;0;0;0;1;0;0;0;0
"11/12/2023";"11:04:00";"208";"ac03 - Aci";"101";"BR-116/RJ";"Sul";"Choque - Canaleta";1;0;0;0;0;0;0;0;0;0;1;0;0;0;0
"11/12/2023";"12:45:00";"222";"ac02 - Aci";"599,001";"BR-116/MG";"Sul";"Choque - Defensa metálica";1;0;0;0;0;0;0;0;0;0;0;1;0;0;0
"11/12/2023";"14:08:00";"234";"ac03 - Aci";"147";"BR-116/RJ";"Sul";"Colisão Traseira";1;0;0;0;0;1;0;0;0;0;2;0;0;0;0
"11/12/2023";"15:18:00";"245";"ac02 - Aci";"25";"BR-116/RJ";"Sul";"Saida de Pista";1;0;0;0;0;0;0;0;0;0;0;2;0;0;0
"11/12/2023";"18:23:00";"288";"ac02 - Aci";"724";"BR-116/MG";"Norte";"Queda de Moto";0;0;0;1;0;0;0;0;0;0;0;0;1;0;0
"11/12/2023";"19:44:00";"302";"ac02 - Aci";"98";"BR-116/RJ";"Sul";"Queda de Moto";0;0;0;1;0;0;0;0;0;0;0;1;0;0;0
"12/12/2023";"02:58:00";"115";"ac02 - Aci";"178,788";"BR-116/RJ";"Sul";"Colisão Traseira";2;0;0;0;0;0;0;0;0;0;1;1;0;0;0
"12/12/2023";"06:26:00";"132";"ac02 - Aci";"96";"BR-493/RJ";"Norte";"Saida de Pista";0;0;1;0;0;0;0;0;0;0;0;1;0;0;0
"12/12/2023";"07:34:00";"152";"ac02 - Aci";"182";"BR-116/RJ";"Sul";"Colisão lateral no mesmo sentido";1;0;0;1;0;0;0;0;0;0;0;2;0;0;0
"12/12/2023";"07:50:00";"157";"ac03 - Aci";"0,5";"BR-465/RJ";"Sul";"Colisão lateral no mesmo sentido";0;0;1;0;0;0;0;0;0;1;2;0;0;0;0
"12/12/2023";"08:06:00";"163";"ac02 - Aci";"185,52";"BR-116/RJ";"Norte";"Queda de Moto";0;0;0;1;0;0;0;0;0;0;0;0;0;1;0
"12/12/2023";"10:43:00";"198";"ac02 - Aci";"736";"BR-116/MG";"Norte";"Colisão lateral no sentido contrário";1;0;1;0;0;0;0;0;0;0;1;5;0;0;0
"12/12/2023";"12:30:00";"224";"ac02 - Aci";"20,5";"BR-465/RJ";"Norte";"Colisão Transversal";1;0;0;1;0;0;0;0;0;0;0;2;0;0;0
"12/12/2023";"16:02:00";"273";"ac03 - Aci";"518,3";"BR-116/MG";"Sul";"Choque - Canaleta";0;0;0;0;0;0;0;0;0;1;1;0;0;0;0
"12/12/2023";"17:58:00";"300";"ac02 - Aci";"191";"BR-116/RJ";"Norte";"Queda de Moto";0;0;0;1;0;0;0;0;0;0;1;0;1;0;0
"12/12/2023";"18:05:00";"302";"ac02 - Aci";"192";"BR-116/RJ";"Norte";"Engavetamento";3;0;0;0;0;0;0;0;0;0;0;3;0;0;0
"12/12/2023";"18:49:00";"306";"ac03 - Aci";"688,563";"BR-116/MG";"Sul";"Colisão lateral no sentido contrário";1;0;1;0;0;0;0;0;0;0;2;0;0;0;0
"12/12/2023";"19:22:00";"311";"ac02 - Aci";"130,524";"BR-116/RJ";"Norte";"Choque - Defensa metálica";1;0;0;0;0;0;0;0;0;0;0;3;0;0;0
"12/12/2023";"22:06:00";"328";"ac02 - Aci";"776,465";"BR-116/MG";"Norte";"Tombamento";0;0;1;0;0;0;0;0;0;0;0;1;0;0;0
"13/12/2023";"00:51:00";"104";"ac03 - Aci";"214";"BR-116/RJ";"Norte";"Choque - Barreira";1;0;0;0;0;0;0;0;0;0;1;0;0;0;0
"13/12/2023";"04:41:00";"119";"ac02 - Aci";"187";"BR-116/RJ";"Sul";"Colisão lateral no mesmo sentido";1;0;1;0;0;0;0;0;0;0;0;2;0;0;0
"13/12/2023";"08:19:00";"150";"ac02 - Aci";"193,748";"BR-116/RJ";"Norte";"Queda de Moto";0;0;0;1;0;0;0;0;0;0;0;1;1;0;0
"13/12/2023";"09:11:00";"161";"ac03 - Aci";"193,75";"BR-116/RJ";"Sul";"Colisão Traseira";2;0;0;0;0;0;0;0;0;0;2;0;0;0;0
"13/12/2023";"14:08:00";"214";"ac02 - Aci";"5,325";"BR-465/RJ";"Sul";"Colisão Transversal";1;0;0;1;0;0;0;0;0;0;1;1;1;0;0
"13/12/2023";"17:06:00";"256";"ac02 - Aci";"197";"BR-116/RJ";"Norte";"Colisão lateral no mesmo sentido";0;0;2;0;0;0;0;0;0;0;1;2;0;0;0
"13/12/2023";"18:11:00";"270";"ac03 - Aci";"5";"BR-465/RJ";"Norte";"Colisão lateral no mesmo sentido";1;0;1;0;0;0;0;0;0;0;2;0;0;0;0
"13/12/2023";"18:15:00";"272";"ac02 - Aci";"189";"BR-116/RJ";"Sul";"Queda de Moto";0;0;0;1;0;0;0;0;0;0;0;1;0;0;0
"13/12/2023";"18:16:00";"273";"ac02 - Aci";"189";"BR-116/RJ";"Sul";"Colisão lateral no mesmo sentido";0;0;0;1;1;0;0;0;0;0;0;2;0;0;0
"13/12/2023";"21:44:00";"308";"ac02 - Aci";"701";"BR-116/MG";"Sul";"Colisão Transversal";1;0;0;1;0;0;0;0;0;0;0;1;2;0;0
"13/12/2023";"22:59:00";"320";"ac03 - Aci";"5";"BR-465/RJ";"Norte";"Colisão Frontal";1;0;1;0;0;0;0;0;0;0;2;0;0;0;0
"13/12/2023";"23:30:00";"324";"ac02 - Aci";"182";"BR-116/RJ";"Norte";"Colisão Traseira";0;0;1;1;0;0;0;0;0;0;1;0;1;0;0
"14/12/2023";"04:34:00";"106";"ac02 - Aci";"202,7";"BR-116/RJ";"Sul";"Choque - Canaleta";1;0;0;0;0;0;0;0;0;0;0;1;0;0;0
"14/12/2023";"06:06:00";"115";"ac03 - Aci";"137,87";"BR-116/RJ";"Norte";"Colisão lateral no mesmo sentido";1;0;1;0;0;0;0;0;0;0;2;0;0;0;0
"14/12/2023";"10:42:00";"190";"ac02 - Aci";"702,199";"BR-116/MG";"Norte";"Colisão lateral no mesmo sentido";0;0;0;1;0;0;0;0;0;1;1;0;1;0;0
"14/12/2023";"10:55:00";"198";"ac02 - Aci";"131";"BR-116/RJ";"Norte";"Queda de Moto";0;0;0;1;0;0;0;0;0;0;0;1;0;0;0
"14/12/2023";"12:22:00";"218";"ac03 - Aci";"501,683";"BR-116/MG";"Sul";"Choque - Canaleta";0;0;1;0;0;0;0;0;0;0;1;0;0;0;0
"14/12/2023";"12:37:00";"220";"ac01 - Aci";"0,233";"BR-493/RJ";"Norte";"Atropelamento - Pedestre";1;1;0;0;0;0;0;0;0;0;1;0;0;0;1
"14/12/2023";"13:59:00";"241";"ac02 - Aci";"110,134";"BR-116/RJ";"Norte";"Colisão lateral no mesmo sentido";1;0;0;1;0;0;0;0;0;0;0;1;1;0;0
"14/12/2023";"15:14:00";"259";"ac02 - Aci";"522,731";"BR-116/MG";"Sul";"Colisão lateral no mesmo sentido";1;0;0;1;0;0;0;0;0;0;1;1;0;0;0
"14/12/2023";"15:58:00";"267";"ac02 - Aci";"97,877";"BR-116/RJ";"Norte";"Queda de Moto";0;0;0;1;0;0;0;0;0;0;0;1;0;0;0
"14/12/2023";"16:53:00";"287";"ac02 - Aci";"13,67";"BR-493/RJ";"Sul";"Colisão Traseira";0;0;0;1;0;1;0;0;0;0;1;2;0;0;0
"14/12/2023";"17:43:00";"299";"ac02 - Aci";"48,135";"BR-493/RJ";"Sul";"Engavetamento";2;0;1;1;0;0;0;0;0;0;3;1;0;0;0
"14/12/2023";"18:20:00";"303";"ac02 - Aci";"584";"BR-116/MG";"Sul";"Capotamento";1;0;0;0;0;0;0;0;0;0;0;0;1;0;0
"14/12/2023";"20:00:00";"330";"ac02 - Aci";"169";"BR-116/RJ";"Sul";"Colisão Traseira";1;0;0;1;0;0;0;0;0;0;1;0;1;0;0
"14/12/2023";"20:17:00";"336";"ac02 - Aci";"182";"BR-116/RJ";"Sul";"Colisão lateral no mesmo sentido";2;0;0;1;0;0;0;0;0;0;2;2;0;0;0
"14/12/2023";"21:10:00";"345";"ac03 - Aci";"180";"BR-116/RJ";"Norte";"Colisão lateral no mesmo sentido";2;0;0;0;0;0;0;0;0;0;2;0;0;0;0
"14/12/2023";"22:01:00";"357";"ac02 - Aci";"0,5";"BR-493/RJ";"Norte";"Colisão lateral no sentido contrário";1;0;0;1;0;0;0;0;0;0;0;2;0;0;0