data;horario;n_da_ocorrencia;tipo_de_ocorrencia;km;trecho;sentido;tipo_de_acidente;automovel;bicicleta;caminhao;moto;onibus;outros;tracao_animal;transporte_de_cargas_especiais;trator_maquinas;utilitarios;ilesos;levemente_feridos;moderadamente_feridos;gravemente_feridos;mortos
"23/12/2023";"21:23:00";"360";"ac02 - Aci";"793";"BR-116/MG";"Norte";"Saida de Pista";1;0;0;0;0;0;0;0;0;0;0;1;0;0;0
"23/12/2023";"22:03:00";"366";"ac02 - Aci";"20";"BR-493/RJ";"Norte";"Atropelamento de Animal";0;0;0;1;0;0;0;0;0;0;0;0;1;0;0
"23/12/2023";"22:07:00";"368";"ac02 - Aci";"781";"BR-116/MG";"Norte";"Capotamento";1;0;0;0;0;0;0;0;0;0;0;2;0;0;0
"23/12/2023";"22:39:00";"371";"ac02 - Aci";"96";"BR-493/RJ";"Sul";"Choque - Meio Fio";1;0;0;0;0;0;0;0;0;0;0;4;0;0;0
"23/12/2023";"23:05:00";"375";"ac02 - Aci";"175";"BR-116/RJ";"Norte";"Colisão Traseira";2;0;0;0;0;0;0;0;0;0;0;2;0;0;0
"24/12/2023";"01:29:00";"42";"ac02 - Aci";"11,4";"BR-493/RJ";"Norte";"Choque - Talude ou Barranco";0;0;0;0;0;0;0;0;0;1;0;2;1;0;0
"24/12/2023";"02:56:00";"49";"ac02 - Aci";"186";"BR-116/RJ";"Norte";"Engavetamento";3;0;0;0;0;0;0;0;0;0;0;4;0;0;0
"24/12/2023";"04:24:00";"52";"ac03 - Aci";"525,95";"BR-116/MG";"Norte";"Choque - Arvore";1;0;0;0;0;0;0;0;0;0;1;0;0;0;0
"24/12/2023";"04:39:00";"54";"ac02 - Aci";"172,007";"BR-116/RJ";"Norte";"Capotamento";2;0;0;0;0;0;0;0;0;0;1;1;0;0;0
"24/12/2023";"07:10:00";"67";"ac02 - Aci";"173,877";"BR-116/RJ";"Norte";"Colisão lateral no mesmo sentido";1;0;0;1;0;0;0;0;0;0;1;0;2;0;0
"24/12/2023";"10:41:00";"128";"ac02 - Aci";"131,95";"BR-116/RJ";"Sul";"Saida de Pista";1;0;0;0;0;0;0;0;0;0;0;1;0;0;0
"24/12/2023";"14:59:00";"180";"ac02 - Aci";"109,16";"BR-116/RJ";"Norte";"Queda de Moto";0;0;0;1;0;0;0;0;0;0;0;1;1;0;0
"24/12/2023";"18:25:00";"214";"ac02 - Aci";"100";"BR-116/RJ";"Norte";"Choque - Outros";1;0;0;0;0;0;0;0;0;0;0;1;0;0;0
"24/12/2023";"18:27:00";"215";"ac03 - Aci";"137";"BR-116/RJ";"Norte";"Colisão lateral no mesmo sentido";1;1;0;0;0;0;0;0;0;0;2;0;0;0;0
"24/12/2023";"19:56:00";"233";"ac02 - Aci";"145";"BR-116/RJ";"Sul";"Choque - Barreira";1;0;0;0;0;0;0;0;0;0;0;1;0;0;0
"24/12/2023";"20:01:00";"235";"ac02 - Aci";"799";"BR-116/MG";"Sul";"Colisão Traseira";2;0;0;0;0;0;0;0;0;0;0;5;0;0;0
"24/12/2023";"23:33:00";"260";"ac02 - Aci";"180";"BR-116/RJ";"Sul";"Atropelamento - Pedestre";1;0;0;0;0;0;0;0;0;0;0;3;0;1;0
"25/12/2023";"01:06:00";"29";"ac01 - Aci";"188";"BR-116/RJ";"Sul";"Colisão Transversal";1;1;0;1;0;0;0;0;0;0;2;1;0;1;2
"25/12/2023";"03:03:00";"38";"ac02 - Aci";"17";"BR-493/RJ";"Sul";"Saida de Pista";1;0;0;0;0;0;0;0;0;0;0;3;0;0;0
"25/12/2023";"10:58:00";"94";"ac03 - Aci";"764,5";"BR-116/MG";"Norte";"Colisão Traseira";2;0;0;0;0;0;0;0;0;0;2;0;0;0;0
"25/12/2023";"11:00:00";"95";"ac02 - Aci";"487,626";"BR-116/MG";"Sul";"Colisão Traseira";2;0;0;0;0;0;0;0;0;0;0;2;0;0;0
"25/12/2023";"11:28:00";"103";"ac03 - Aci";"97";"BR-116/RJ";"Norte";"Choque - Canaleta";1;0;0;0;0;0;0;0;0;0;1;0;0;0;0
"25/12/2023";"11:46:00";"107";"ac03 - Aci";"634";"BR-116/MG";"Norte";"Choque - Meio Fio";1;0;0;0;0;0;0;0;0;0;1;0;0;0;0
"25/12/2023";"13:33:00";"132";"ac02 - Aci";"606,624";"BR-116/MG";"Norte";"Colisão Traseira";2;0;0;0;0;0;0;0;0;0;0;2;0;0;0
"25/12/2023";"15:37:00";"153";"ac02 - Aci";"410,764";"BR-116/MG";"Norte";"Choque - Meio Fio";0;0;0;1;0;0;0;0;0;0;0;0;1;0;0
"25/12/2023";"16:41:00";"169";"ac03 - Aci";"117,8";"BR-116/RJ";"Sul";"Colisão Traseira";2;0;0;0;0;0;0;0;0;0;2;0;0;0;0
"25/12/2023";"17:08:00";"181";"ac02 - Aci";"684,239";"BR-116/MG";"Sul";"Colisão Transversal";2;0;0;0;0;0;0;0;0;0;0;3;0;0;0
"25/12/2023";"17:20:00";"184";"ac02 - Aci";"192";"BR-116/RJ";"Norte";"Engavetamento";3;0;0;0;0;0;0;0;0;0;0;7;0;0;0
"25/12/2023";"17:25:00";"187";"ac03 - Aci";"104";"BR-116/RJ";"Norte";"Saida de Pista";1;0;0;0;0;0;0;0;0;0;1;0;0;0;0
"25/12/2023";"17:59:00";"195";"ac03 - Aci";"172";"BR-116/RJ";"Sul";"Engavetamento";4;0;0;0;0;0;0;0;0;0;4;0;0;0;0
"25/12/2023";"18:28:00";"207";"ac02 - Aci";"191,6";"BR-116/RJ";"Norte";"Engavetamento";3;0;0;0;0;0;0;0;0;0;0;14;0;0;0
"25/12/2023";"20:10:00";"226";"ac02 - Aci";"147";"BR-116/RJ";"Sul";"Engavetamento";3;0;0;0;0;0;0;0;0;0;0;3;0;0;0
"26/12/2023";"05:28:00";"110";"ac02 - Aci";"148";"BR-116/RJ";"Sul";"Queda de Moto";0;0;0;1;0;0;0;0;0;0;0;0;0;1;0
"26/12/2023";"07:01:00";"130";"ac02 - Aci";"172";"BR-116/RJ";"Norte";"Engavetamento";5;0;0;0;0;0;0;0;0;0;0;5;0;0;0
"26/12/2023";"08:15:00";"158";"ac02 - Aci";"172";"BR-116/RJ";"Sul";"Colisão Traseira";1;0;1;0;0;0;0;0;0;0;1;0;1;0;0
"26/12/2023";"08:43:00";"167";"ac02 - Aci";"208,8";"BR-116/RJ";"Norte";"Colisão Traseira";2;0;0;0;0;1;0;0;0;0;2;1;0;0;0
"26/12/2023";"09:05:00";"174";"ac02 - Aci";"176";"BR-116/RJ";"Norte";"Engavetamento";4;0;1;1;0;0;0;0;0;0;0;7;0;0;0
"26/12/2023";"09:18:00";"179";"ac02 - Aci";"176";"BR-116/RJ";"Norte";"Queda de Moto";0;0;0;1;0;0;0;0;0;0;0;1;0;0;0
"26/12/2023";"10:38:00";"200";"ac03 - Aci";"148";"BR-116/RJ";"Sul";"Colisão Traseira";0;0;1;0;0;0;0;0;0;1;2;0;0;0;0
"26/12/2023";"11:39:00";"222";"ac02 - Aci";"48,339";"BR-116/RJ";"Sul";"Choque - New jersey";1;0;0;0;0;0;0;0;0;0;0;0;1;0;0
"26/12/2023";"12:03:00";"225";"ac02 - Aci";"507,524";"BR-116/MG";"Norte";"Colisão Frontal";2;0;0;0;0;0;0;0;0;0;0;2;0;0;0
"26/12/2023";"12:53:00";"242";"ac03 - Aci";"143,879";"BR-116/RJ";"Norte";"Colisão Traseira";1;0;1;0;0;0;0;0;0;0;3;0;0;0;0
"26/12/2023";"13:09:00";"245";"ac02 - Aci";"717,42";"BR-116/MG";"Norte";"Choque - Canaleta";1;0;0;0;0;0;0;0;0;0;0;2;0;0;0
"26/12/2023";"14:52:00";"267";"ac02 - Aci";"553,55";"BR-116/MG";"Sul";"Choque - Canaleta";1;0;0;0;0;1;0;0;0;0;1;3;0;0;0
"26/12/2023";"15:46:00";"280";"ac02 - Aci";"764,707";"BR-116/MG";"Sul";"Colisão Traseira";2;0;0;0;0;0;0;0;0;0;0;5;0;0;0
"26/12/2023";"16:15:00";"284";"ac02 - Aci";"758,7";"BR-116/MG";"Sul";"Saida de Pista";1;0;0;0;0;0;0;0;0;0;0;5;1;0;0
"26/12/2023";"18:05:00";"304";"ac03 - Aci";"801";"BR-116/MG";"Norte";"Saida de Pista";0;0;1;0;0;0;0;0;0;0;1;0;0;0;0
"26/12/2023";"18:07:00";"306";"ac03 - Aci";"530";"BR-116/MG";"Norte";"Colisão lateral no sentido contrário";2;0;0;0;0;0;0;0;0;0;2;0;0;0;0
"26/12/2023";"19:09:00";"322";"ac03 - Aci";"21";"BR-465/RJ";"Norte";"Colisão Traseira";1;0;0;1;0;0;0;0;0;0;2;0;0;0;0
"27/12/2023";"00:59:00";"73";"ac02 - Aci";"128,47";"BR-116/RJ";"Norte";"Choque - Canaleta";1;0;0;0;0;0;0;0;0;0;0;1;0;0;0
"27/12/2023";"02:19:00";"86";"ac02 - Aci";"702";"BR-116/MG";"Norte";"Saida de Pista";1;0;0;0;0;0;0;0;0;0;1;2;0;0;0
"27/12/2023";"06:14:00";"99";"ac02 - Aci";"102,597";"BR-116/RJ";"Norte";"Capotamento";1;0;0;0;0;0;0;0;0;0;0;1;0;0;0
"27/12/2023";"07:08:00";"111";"ac03 - Aci";"62,61";"BR-116/RJ";"Sul";"Choque - Meio Fio";1;0;0;0;0;0;0;0;0;0;1;0;0;0;0
"27/12/2023";"07:58:00";"119";"ac02 - Aci";"713,5";"BR-116/MG";"Norte";"Choque - Defensa metálica";1;0;0;1;0;0;0;0;0;0;1;1;0;0;0
"27/12/2023";"10:57:00";"168";"ac03 - Aci";"707,394";"BR-116/MG";"Norte";"Colisão Traseira";2;0;0;0;0;0;0;0;0;0;2;0;0;0;0
"27/12/2023";"11:29:00";"178";"ac02 - Aci";"518";"BR-116/MG";"Norte";"Queda de Moto";0;0;0;1;0;0;0;0;0;0;0;1;0;0;0
"27/12/2023";"13:15:00";"198";"ac02 - Aci";"21,574";"BR-465/RJ";"Sul";"Colisão Traseira";1;0;0;1;0;0;0;0;0;0;1;0;1;0;0
"27/12/2023";"17:47:00";"247";"ac02 - Aci";"81,5";"BR-116/RJ";"Sul";"Colisão lateral no mesmo sentido";1;0;0;1;0;0;0;0;0;0;1;1;0;0;0
"27/12/2023";"21:01:00";"284";"ac03 - Aci";"685";"BR-116/MG";"Sul";"Choque - Meio Fio";1;0;0;0;0;0;0;0;0;0;1;0;0;0;0
"27/12/2023";"21:25:00";"288";"ac02 - Aci";"3";"BR-493/RJ";"Sul";"Atropelamento - Pedestre";1;0;0;0;0;0;0;0;0;0;1;0;1;0;0
"27/12/2023";"22:56:00";"301";"ac02 - Aci";"123";"BR-116/RJ";"Sul";"Colisão Traseira";0;0;2;0;0;0;0;0;0;0;1;0;1;0;0
"28/12/2023";"07:02:00";"107";"ac02 - Aci";"6,499";"BR-116/RJ";"Norte";"Capotamento";0;0;0;0;0;0;0;0;0;1;0;2;1;0;0
"28/12/2023";"08:04:00";"119";"ac01 - Aci";"77,206";"BR-493/RJ";"Sul";"Queda de veículo em ribanceira, ponte ou viaduto";1;0;0;0;0;0;0;0;0;0;0;1;0;2;1
"28/12/2023";"10:46:00";"159";"ac03 - Aci";"537,355";"BR-116/MG";"Sul";"Engavetamento";3;0;0;0;0;0;0;0;0;0;3;0;0;0;0
"28/12/2023";"11:26:00";"171";"ac02 - Aci";"24,431";"BR-493/RJ";"Norte";"Colisão Traseira";2;0;0;0;0;0;0;0;0;0;6;1;0;0;0
"28/12/2023";"13:11:00";"187";"ac02 - Aci";"1,57";"BR-493/RJ";"Norte";"Colisão lateral no mesmo sentido";1;0;0;1;0;0;0;0;0;0;4;2;0;0;0
"28/12/2023";"13:15:00";"188";"ac03 - Aci";"13,688";"BR-465/RJ";"Sul";"Engavetamento";3;0;0;0;0;0;0;0;0;0;3;0;0;0;0
"28/12/2023";"13:50:00";"196";"ac02 - Aci";"85,423";"BR-116/RJ";"Sul";"Colisão Transversal";1;0;0;1;0;0;0;0;0;0;2;1;0;0;0
"28/12/2023";"17:44:00";"243";"ac03 - Aci";"724";"BR-116/MG";"Sul";"Colisão Traseira";0;0;2;0;0;0;0;0;0;0;2;0;0;0;0
"28/12/2023";"17:55:00";"246";"ac02 - Aci";"117,35";"BR-116/RJ";"Sul";"Choque - Defensa metálica";1;0;0;0;0;0;0;0;0;0;0;0;1;0;0
"28/12/2023";"18:54:00";"254";"ac02 - Aci";"96,8";"BR-116/RJ";"Sul";"Choque - Talude ou Barranco";0;0;1;0;0;0;0;0;0;0;0;1;0;0;0
"28/12/2023";"19:02:00";"260";"ac02 - Aci";"63";"BR-493/RJ";"Sul";"Queda de Moto";0;0;0;1;0;0;0;0;0;0;0;2;0;0;0
"28/12/2023";"21:55:00";"291";"ac02 - Aci";"412";"BR-116/MG";"Norte";"Queda de Moto";1;0;0;0;0;0;0;0;0;0;0;0;1;0;0
"28/12/2023";"22:01:00";"292";"ac02 - Aci";"18";"BR-493/RJ";"Norte";"Capotamento";1;0;0;0;0;0;0;0;0;0;0;1;0;0;0
"29/12/2023";"00:23:00";"38";"ac02 - Aci";"6,5";"BR-465/RJ";"Sul";"Capotamento";0;0;0;0;0;0;0;0;0;1;0;0;1;0;0
"29/12/2023";"06:54:00";"112";"ac03 - Aci";"129,104";"BR-116/RJ";"Norte";"Colisão Traseira";1;0;1;0;0;0;0;0;0;0;2;0;0;0;0
"29/12/2023";"10:41:00";"180";"ac03 - Aci";"20,3";"BR-465/RJ";"Norte";"Colisão Transversal";1;0;0;1;0;0;0;0;0;0;2;0;0;0;0
"29/12/2023";"10:59:00";"185";"ac02 - Aci";"773,845";"BR-116/MG";"Sul";"Choque - Canaleta";1;0;0;0;0;0;0;0;0;0;0;2;0;0;0
"29/12/2023";"12:30:00";"218";"ac02 - Aci";"78,482";"BR-493/RJ";"Norte";"Choque - New jersey";0;0;1;0;0;0;0;0;0;0;0;1;1;0;0
"29/12/2023";"13:27:00";"232";"ac02 - Aci";"21,6";"BR-465/RJ";"Sul";"Colisão Traseira";1;0;0;1;0;0;0;0;0;0;1;1;0;0;0
"29/12/2023";"14:04:00";"242";"ac02 - Aci";"112";"BR-116/RJ";"Norte";"Queda de Moto";0;0;0;1;0;0;0;0;0;0;0;1;0;0;0
"29/12/2023";"14:37:00";"257";"ac02 - Aci";"415";"BR-116/MG";"Norte";"Colisão lateral no mesmo sentido";1;0;0;1;0;0;0;0;0;0;0;2;0;0;0
"29/12/2023";"14:39:00";"258";"ac02 - Aci";"186,3";"BR-116/RJ";"Norte";"Colisão Traseira";0;0;0;1;0;0;0;0;0;1;1;1;1;0;0
"29/12/2023";"14:46:00";"261";"ac03 - Aci";"187";"BR-116/RJ";"Norte";"Engavetamento";6;0;0;0;0;0;0;0;0;0;6;0;0;0;0
"29/12/2023";"15:05:00";"264";"ac02 - Aci";"187";"BR-116/RJ";"Norte";"Colisão lateral no mesmo sentido";1;0;0;1;0;0;0;0;0;0;0;4;0;0;0
"29/12/2023";"16:54:00";"294";"ac03 - Aci";"122";"BR-116/RJ";"Norte";"Atropelamento de Animal";1;0;0;0;0;0;0;0;0;0;1;0;0;0;0
"29/12/2023";"19:25:00";"329";"ac03 - Aci";"136";"BR-116/RJ";"Norte";"Atropelamento de Animal";1;0;0;0;0;0;0;0;0;0;2;0;0;0;0
"29/12/2023";"19:32:00";"331";"ac03 - Aci";"13";"BR-493/RJ";"Norte";"Queda de Moto";0;0;0;1;0;0;0;0;0;0;1;0;0;0;0
"29/12/2023";"20:01:00";"340";"ac02 - Aci";"133,771";"BR-116/RJ";"Sul";"Saida de Pista";1;0;0;0;0;0;0;0;0;0;0;2;1;0;0
"29/12/2023";"20:43:00";"349";"ac03 - Aci";"99,8";"BR-493/RJ";"Sul";"Atropelamento de Animal";1;0;0;0;0;0;0;0;0;0;1;0;0;0;0
"29/12/2023";"23:40:00";"383";"ac03 - Aci";"611,9";"BR-116/MG";"Norte";"Atropelamento de Animal";1;0;0;0;0;0;0;0;0;0;1;0;0;0;0
"30/12/2023";"02:20:00";"52";"ac01 - Aci";"703,568";"BR-116/MG";"Norte";"Colisão Frontal";1;0;0;1;0;0;0;0;0;0;4;1;0;0;1
"30/12/2023";"02:52:00";"56";"ac02 - Aci";"454,362";"BR-116/MG";"Norte";"Queda de Moto";0;0;0;1;0;0;0;0;0;0;0;0;0;1;0
"30/12/2023";"04:53:00";"65";"ac03 - Aci";"3";"BR-493/RJ";"Norte";"Colisão Traseira";2;0;0;0;0;0;0;0;0;0;2;0;0;0;0
"30/12/2023";"07:50:00";"94";"ac02 - Aci";"676,421";"BR-116/MG";"Sul";"Queda de Moto";0;0;0;1;0;0;0;0;0;0;0;2;0;0;0
"30/12/2023";"08:16:00";"100";"ac03 - Aci";"480,548";"BR-116/MG";"Norte";"Colisão Traseira";2;0;0;0;0;0;0;0;0;0;2;0;0;0;0
"30/12/2023";"09:35:00";"120";"ac03 - Aci";"53,93";"BR-493/RJ";"Norte";"Choque - Canaleta";1;0;0;0;0;0;0;0;0;0;3;0;0;0;0
"30/12/2023";"09:59:00";"126";"ac03 - Aci";"13,037";"BR-493/RJ";"Norte";"Engavetamento";3;0;0;0;0;0;0;0;0;0;6;0;0;0;0
"30/12/2023";"10:06:00";"129";"ac02 - Aci";"95";"BR-493/RJ";"Sul";"Saida de Pista";1;0;0;0;0;0;0;0;0;0;0;1;0;0;0
"30/12/2023";"10:43:00";"139";"ac03 - Aci";"33";"BR-116/RJ";"Sul";"Choque - Meio Fio";1;0;0;0;0;0;0;0;0;0;1;0;0;0;0
"30/12/2023";"10:47:00";"142";"ac02 - Aci";"55,6";"BR-116/RJ";"Norte";"Capotamento";1;0;0;0;0;0;0;0;0;0;0;0;1;1;0
"30/12/2023";"11:42:00";"151";"ac02 - Aci";"95,321";"BR-493/RJ";"Sul";"Colisão lateral no sentido contrário";0;0;0;1;0;1;0;0;0;0;1;0;0;1;0
"30/12/2023";"13:08:00";"165";"ac02 - Aci";"774,398";"BR-116/MG";"Norte";"Colisão lateral no sentido contrário";2;0;0;0;0;0;0;0;0;0;0;5;0;0;0
"30/12/2023";"13:13:00";"166";"ac02 - Aci";"776,001";"BR-116/MG";"Sul";"Colisão lateral no sentido contrário";2;0;0;0;0;0;0;0;0;0;0;6;0;0;0
"30/12/2023";"14:00:00";"175";"ac03 - Aci";"103";"BR-116/RJ";"Norte";"Choque - Canaleta";1;0;0;0;0;0;0;0;0;0;1;0;0;0;0
"30/12/2023";"16:17:00";"207";"ac02 - Aci";"177,9";"BR-116/RJ";"Norte";"Choque - New jersey";1;0;0;0;0;0;0;0;0;0;0;1;0;0;0
"30/12/2023";"17:50:00";"235";"ac03 - Aci";"521";"BR-116/MG";"Norte";"Colisão Traseira";2;0;0;0;0;0;0;0;0;0;2;0;0;0;0
"30/12/2023";"19:10:00";"247";"ac02 - Aci";"550,05";"BR-116/MG";"Norte";"Colisão lateral no mesmo sentido";1;0;0;1;0;0;0;0;0;0;5;2;0;0;0
"30/12/2023";"20:11:00";"257";"ac02 - Aci";"606";"BR-116/MG";"Norte";"Colisão Frontal";1;0;0;1;0;0;0;0;0;0;1;0;2;0;0
"30/12/2023";"20:15:00";"258";"ac02 - Aci";"113";"BR-493/RJ";"Sul";"Choque - Meio Fio";1;0;0;0;0;0;0;0;0;0;0;2;0;0;0
"31/12/2023";"02:35:00";"52";"ac01 - Aci";"575,9";"BR-116/MG";"Norte";"Colisão Frontal";0;0;2;0;0;0;0;0;0;0;0;1;0;1;1
"31/12/2023";"04:03:00";"59";"ac03 - Aci";"605,8";"BR-116/MG";"Sul";"Capotamento";1;0;0;0;0;0;0;0;0;0;1;0;0;0;0
"31/12/2023";"06:17:00";"67";"ac03 - Aci";"139,845";"BR-116/RJ";"Sul";"Choque - Defensa metálica";1;0;0;0;0;0;0;0;0;0;1;0;0;0;0
"31/12/2023";"07:37:00";"81";"ac03 - Aci";"98";"BR-116/RJ";"Norte";"Choque - New jersey";1;0;0;0;0;0;0;0;0;0;1;0;0;0;0
"31/12/2023";"08:53:00";"96";"ac02 - Aci";"179";"BR-116/RJ";"Norte";"Choque - New jersey";1;0;0;0;0;0;0;0;0;0;0;1;0;0;0
"31/12/2023";"09:06:00";"100";"ac03 - Aci";"99";"BR-116/RJ";"Sul";"Choque - Meio Fio";1;0;0;0;0;0;0;0;0;0;1;0;0;0;0
"31/12/2023";"10:21:00";"115";"ac02 - Aci";"191,304";"BR-116/RJ";"Norte";"Colisão Traseira";2;0;0;0;0;0;0;0;0;0;0;2;0;0;0
"31/12/2023";"12:57:00";"140";"ac03 - Aci";"6,7";"BR-116/RJ";"Sul";"Choque - Meio Fio";1;0;0;0;0;0;0;0;0;0;1;0;0;0;0
"31/12/2023";"13:47:00";"144";"ac02 - Aci";"98";"BR-116/RJ";"Sul";"Choque - Talude ou Barranco";1;0;0;0;0;0;0;0;0;0;0;1;0;0;0
"31/12/2023";"15:23:00";"160";"ac03 - Aci";"45,278";"BR-116/RJ";"Norte";"Choque - Meio Fio";1;0;0;0;0;0;0;0;0;0;1;0;0;0;0
"31/12/2023";"15:42:00";"163";"ac02 - Aci";"530";"BR-116/MG";"Sul";"Colisão Traseira";1;0;1;0;0;0;0;0;0;0;1;0;1;0;0
"31/12/2023";"19:26:00";"190";"ac02 - Aci";"469,653";"BR-116/MG";"Sul";"Saida de Pista";0;0;1;0;0;0;0;0;0;0;0;1;0;0;0
"31/12/2023";"19:33:00";"191";"ac02 - Aci";"21";"BR-465/RJ";"Norte";"Colisão Frontal";1;0;0;1;0;0;0;0;0;0;1;2;0;0;0
"31/12/2023";"19:45:00";"193";"ac02 - Aci";"180";"BR-116/RJ";"Sul";"Colisão Traseira";0;0;0;1;0;0;0;0;0;1;0;2;0;0;0
"31/12/2023";"20:26:00";"201";"ac02 - Aci";"537,15";"BR-116/MG";"Norte";"Colisão Frontal";2;0;0;0;0;0;0;0;0;0;0;2;0;0;0
"31/12/2023";"20:28:00";"202";"ac02 - Aci";"79,9";"BR-116/RJ";"Norte";"Colisão Transversal";1;0;0;1;0;0;0;0;0;0;2;0;1;0;0
"01/01/2024";"05:11:00";"46";"Sem vítima";"133,000";"BR-116/RJ";"Decrescente";"Choque";1;0;0;0;0;0;0;0;0;0;1;0;0;0;0
"01/01/2024";"06:23:00";"56";"Com vítima";"197,066";"BR-116/RJ";"Crescente";"Saída de pista";1;0;0;0;0;0;0;0;0;0;2;1;0;0;0
"01/01/2024";"12:28:00";"132";"Sem vítima";"810,055";"BR-116/MG";"Crescente";"Saída de pista";1;0;0;0;0;0;0;0;0;0;3;0;0;0;0
"01/01/2024";"13:40:00";"143";"Sem vítima";"103,420";"BR-116/RJ";"Decrescente";"Choque";1;0;0;0;0;0;0;0;0;0;1;0;0;0;0
"01/01/2024";"14:40:00";"147";"Sem vítima";"666,589";"BR-116/MG";"Crescente";"Saída de pista";1;0;0;0;0;0;0;0;0;0;3;0;0;0;0
"01/01/2024";"15:47:00";"157";"Com vítima";"147,237";"BR-116/RJ";"Crescente";"Colisão traseira";1;0;0;1;0;0;0;0;0;0;3;2;0;0;0
"01/01/2024";"18:36:00";"188";"Com vítima";"143,000";"BR-116/RJ";"Crescente";"Colisão lateral no mesmo sentido";1;0;0;1;0;0;0;0;0;0;1;2;0;0;0
"01/01/2024";"19:36:00";"202";"Sem vítima";"136,000";"BR-116/RJ";"Crescente";"Colisão traseira";1;0;0;0;1;0;0;0;0;0;2;0;0;0;0
"01/01/2024";"19:46:00";"206";"Com vítima";"135,000";"BR-116/RJ";"Crescente";"Capotamento";1;0;0;1;0;0;0;0;0;0;1;0;1;0;0
"01/01/2024";"20:30:00";"220";"Com vítima";"23,600";"BR-116/RJ";"Decrescente";"Choque";1;0;0;1;0;0;0;0;0;0;0;0;5;0;0
"01/01/2024";"21:02:00";"226";"Sem vítima";"104,000";"BR-116/RJ";"Decrescente";"Choque";0;0;1;0;0;1;0;0;0;0;2;0;0;0;0
"01/01/2024";"22:03:00";"232";"Com vítima";"196,814";"BR-116/RJ";"Crescente";"Choque";0;0;0;1;0;0;0;0;0;0;0;2;0;0;0
"02/01/2024";"07:20:00";"122";"Com vítima";"195,467";"BR-116/RJ";"Decrescente";"Queda de moto";0;0;0;1;0;0;0;0;0;0;0;0;0;2;0
"02/01/2024";"08:26:00";"143";"Sem vítima";"108,900";"BR-116/RJ";"Crescente";"Colisão lateral em sentido contrário";1;0;1;0;0;0;0;0;0;0;2;0;0;0;0
"02/01/2024";"08:45:00";"149";"Sem vítima";"95,318";"BR-493/RJ";"Decrescente";"Colisão transversal";2;0;0;0;0;0;0;0;0;0;5;0;0;0;0
"02/01/2024";"08:48:00";"150";"Com vítima";"174,403";"BR-116/RJ";"Crescente";"Queda de moto";0;0;0;1;0;0;0;0;0;0;0;2;0;0;0
"02/01/2024";"09:07:00";"160";"Com vítima";"183,091";"BR-116/RJ";"Crescente";"Colisão traseira";0;0;0;1;0;0;0;0;0;1;1;2;0;0;0
"02/01/2024";"12:47:00";"215";"Sem vítima";"708,367";"BR-116/MG";"Crescente";"Colisão lateral em sentido contrário";2;0;0;0;0;0;0;0;0;0;3;0;0;0;0
"02/01/2024";"14:07:00";"237";"Com vítima";"0,293";"BR-493/RJ";"Decrescente";"Colisão lateral no mesmo sentido";0;0;0;1;0;0;0;0;0;1;1;0;2;0;0
"02/01/2024";"14:08:00";"239";"Com vítima";"85,821";"BR-493/RJ";"Decrescente";"Capotamento";1;0;0;0;0;0;0;0;0;0;0;0;2;0;0
"02/01/2024";"16:10:00";"272";"Sem vítima";"193,261";"BR-116/RJ";"Decrescente";"Choque";1;0;0;0;0;0;0;0;0;0;1;0;0;0;0
"02/01/2024";"16:14:00";"273";"Sem vítima";"719,682";"BR-116/MG";"Decrescente";"Choque";0;0;1;0;0;0;0;0;0;0;1;0;0;0;0
"02/01/2024";"20:01:00";"335";"Sem vítima";"615,000";"BR-116/MG";"Crescente";"Saída de pista";0;0;0;0;0;0;0;0;0;1;2;0;0;0;0
"02/01/2024";"23:18:00";"368";"Com vítima";"412,279";"BR-116/MG";"Decrescente";"Colisão transversal";1;0;0;1;0;0;0;0;0;0;1;0;1;0;0
"02/01/2024";"23:53:00";"374";"Sem vítima";"96,000";"BR-493/RJ";"Crescente";"Choque";1;0;0;0;0;0;0;0;0;0;5;0;0;0;0
"03/01/2024";"04:19:00";"111";"Com vítima";"171,886";"BR-116/RJ";"Decrescente";"Atropelamento de pedestre";2;0;0;0;0;0;0;0;0;1;4;0;0;0;9
"03/01/2024";"06:50:00";"132";"Com vítima";"177,000";"BR-116/RJ";"Decrescente";"Colisão lateral no mesmo sentido";1;0;0;1;0;0;0;0;0;0;0;2;0;0;0
"03/01/2024";"06:55:00";"134";"Sem vítima";"177,700";"BR-116/RJ";"Decrescente";"Colisão traseira";2;0;0;0;0;0;0;0;0;0;2;0;0;0;0
"03/01/2024";"07:03:00";"136";"Com vítima";"178,000";"BR-116/RJ";"Crescente";"Colisão lateral no mesmo sentido";2;0;0;0;0;0;0;0;0;0;0;2;0;0;0
"03/01/2024";"07:31:00";"147";"Sem vítima";"780,000";"BR-116/MG";"Decrescente";"Saída de pista";1;0;0;0;0;0;0;0;0;0;2;0;0;0;0
"03/01/2024";"07:32:00";"148";"Com vítima";"174,000";"BR-116/RJ";"Decrescente";"Colisão lateral no mesmo sentido";1;0;1;0;0;0;0;0;0;0;1;1;0;0;0
"03/01/2024";"07:47:00";"153";"Sem vítima";"25,000";"BR-116/RJ";"Crescente";"Capotamento";1;0;0;0;0;0;0;0;0;0;1;0;0;0;0
"03/01/2024";"10:08:00";"181";"Sem vítima";"62,400";"BR-116/RJ";"Crescente";"Choque";1;0;0;0;0;0;0;0;0;0;1;0;0;0;0
"03/01/2024";"10:25:00";"187";"Sem vítima";"718,000";"BR-116/MG";"Crescente";"Saída de pista";1;0;0;0;0;0;0;0;0;0;4;0;0;0;0
"03/01/2024";"10:57:00";"193";"Com vítima";"79,000";"BR-116/RJ";"Crescente";"Colisão frontal";1;0;1;0;0;0;0;0;0;0;2;0;1;0;0
"03/01/2024";"11:39:00";"204";"Com vítima";"194,000";"BR-116/RJ";"Decrescente";"Queda de moto";0;0;0;1;0;0;0;0;0;0;0;2;0;0;0
"03/01/2024";"13:11:00";"228";"Com vítima";"766,000";"BR-116/MG";"Decrescente";"Colisão lateral no mesmo sentido";0;0;1;1;0;0;0;0;0;0;1;0;1;0;0