data;horario;n_da_ocorrencia;tipo_de_ocorrencia;km;trecho;sentido;tipo_de_acidente;automovel;bicicleta;caminhao;moto;onibus;outros;tracao_animal;transporte_de_cargas_especiais;trator_maquinas;utilitarios;ilesos;levemente_feridos;moderadamente_feridos;gravemente_feridos;mortos
"13/01/2024";"11:27:00";"164";"Com vítima";"65,350";"BR-493/RJ";"Decrescente";"Capotamento";1;0;0;0;0;0;0;0;0;0;0;0;1;0;0
"13/01/2024";"11:35:00";"166";"Com vítima";"766,000";"BR-116/MG";"Decrescente";"Colisão lateral no mesmo sentido";2;0;0;0;0;0;0;0;0;0;1;4;0;0;0
"13/01/2024";"12:02:00";"172";"Com vítima";"756,000";"BR-116/MG";"Crescente";"Saída de pista";1;0;0;0;0;0;0;0;0;0;0;0;1;1;0
"13/01/2024";"12:27:00";"175";"Sem vítima";"40,000";"BR-116/RJ";"Decrescente";"Colisão transversal";2;0;0;0;0;0;0;0;0;0;2;0;0;0;0
"13/01/2024";"12:49:00";"185";"Sem vítima";"169,125";"BR-116/RJ";"Decrescente";"Colisão lateral no mesmo sentido";1;0;1;0;0;0;0;0;0;0;2;0;0;0;0
"13/01/2024";"12:56:00";"186";"Com vítima";"689,000";"BR-116/MG";"Crescente";"Colisão lateral em sentido contrário";2;0;0;0;0;0;0;0;0;0;1;1;0;0;0
"13/01/2024";"14:03:00";"198";"Com vítima";"98,713";"BR-116/RJ";"Decrescente";"Colisão frontal";2;0;0;0;0;0;0;0;0;0;0;0;3;0;0
"13/01/2024";"16:39:00";"230";"Sem vítima";"783,000";"BR-116/MG";"Crescente";"Saída de pista";1;0;0;0;0;0;0;0;0;0;1;0;0;0;0
"13/01/2024";"17:09:00";"237";"Sem vítima";"109,266";"BR-493/RJ";"Crescente";"Saída de pista";1;0;0;0;0;0;0;0;0;0;1;0;0;0;0
"13/01/2024";"17:49:00";"247";"Com vítima";"97,000";"BR-116/RJ";"Decrescente";"Colisão lateral em sentido contrário";2;0;0;0;0;0;0;0;0;0;1;0;2;0;0
"13/01/2024";"18:34:00";"253";"Com vítima";"110,000";"BR-116/RJ";"Crescente";"Capotamento";1;0;0;0;0;0;0;0;0;0;0;2;0;0;0
"13/01/2024";"19:40:00";"273";"Sem vítima";"129,000";"BR-116/RJ";"Decrescente";"Colisão lateral no mesmo sentido";1;0;0;0;0;1;0;0;0;0;2;0;0;0;0
"13/01/2024";"23:35:00";"316";"Sem vítima";"90,000";"BR-493/RJ";"Crescente";"Tombamento";0;0;0;0;0;0;0;0;0;1;1;0;0;0;0
"14/01/2024";"02:09:00";"37";"Com vítima";"174,461";"BR-116/RJ";"Crescente";"Choque";1;0;0;0;0;0;0;0;0;0;0;1;0;0;0
"14/01/2024";"04:05:00";"54";"Com vítima";"180,155";"BR-116/RJ";"Decrescente";"Choque";1;0;0;0;0;0;0;0;0;0;0;1;0;0;0
"14/01/2024";"04:13:00";"56";"Com vítima";"17,000";"BR-493/RJ";"Decrescente";"Saída de pista";1;0;0;0;0;0;0;0;0;0;0;2;0;0;0
"14/01/2024";"06:06:00";"68";"Com vítima";"172,950";"BR-116/RJ";"Decrescente";"Colisão traseira";1;0;1;0;0;0;0;0;0;0;0;3;0;0;0
"14/01/2024";"06:26:00";"70";"Com vítima";"59,000";"BR-116/RJ";"Crescente";"Queda de moto";0;0;0;1;0;0;0;0;0;0;0;1;0;0;0
"14/01/2024";"07:03:00";"81";"Com vítima";"59,100";"BR-493/RJ";"Crescente";"Capotamento";1;0;0;0;0;0;0;0;0;0;0;1;0;0;0
"14/01/2024";"07:12:00";"84";"Com vítima";"19,500";"BR-116/RJ";"Crescente";"Saída de pista";1;0;0;0;0;0;0;0;0;0;0;3;0;0;0
"14/01/2024";"08:04:00";"96";"Sem vítima";"27,000";"BR-116/RJ";"Crescente";"Choque";1;0;0;0;0;0;0;0;0;0;2;0;0;0;0
"14/01/2024";"11:19:00";"144";"Com vítima";"573,690";"BR-116/MG";"Crescente";"Colisão transversal";2;1;0;0;0;0;0;0;0;0;1;4;3;1;1
"14/01/2024";"12:04:00";"153";"Com vítima";"195,000";"BR-116/RJ";"Decrescente";"Colisão lateral no mesmo sentido";2;0;0;0;1;0;0;0;0;0;0;7;1;0;0
"14/01/2024";"14:45:00";"188";"Sem vítima";"88,156";"BR-493/RJ";"Crescente";"Choque";1;0;0;0;0;0;0;0;0;0;1;0;0;0;0
"14/01/2024";"14:52:00";"192";"Com vítima";"504,438";"BR-116/MG";"Crescente";"Saída de pista";1;0;0;0;0;0;0;0;0;0;0;0;0;0;1
"14/01/2024";"14:56:00";"193";"Sem vítima";"30,300";"BR-116/RJ";"Decrescente";"Choque";1;0;0;0;0;0;0;0;0;0;1;0;0;0;0
"14/01/2024";"15:00:00";"196";"Sem vítima";"102,000";"BR-116/RJ";"Decrescente";"Choque";1;0;0;0;0;0;0;0;0;0;2;0;0;0;0
"14/01/2024";"17:42:00";"237";"Com vítima";"201,600";"BR-116/RJ";"Crescente";"Choque";2;0;0;0;0;0;0;0;0;0;0;2;0;0;0
"14/01/2024";"22:46:00";"283";"Com vítima";"180,300";"BR-116/RJ";"Decrescente";"Queda de moto";0;0;0;1;0;0;0;0;0;0;0;2;0;0;0
"14/01/2024";"23:35:00";"288";"Com vítima";"187,000";"BR-116/RJ";"Crescente";"Queda de moto";0;0;0;1;0;0;0;0;0;0;0;1;1;0;0
"15/01/2024";"06:47:00";"125";"Com vítima";"148,000";"BR-116/RJ";"Crescente";"Colisão lateral no mesmo sentido";1;0;0;1;0;0;0;0;0;0;1;0;1;0;0
"15/01/2024";"07:15:00";"136";"Com vítima";"507,490";"BR-116/MG";"Crescente";"Colisão traseira";0;0;0;2;0;0;0;0;0;0;1;0;1;0;0
"15/01/2024";"07:17:00";"139";"Com vítima";"184,000";"BR-116/RJ";"Decrescente";"Choque";1;0;0;0;0;0;0;0;0;0;0;1;0;0;0
"15/01/2024";"10:17:00";"204";"Sem vítima";"99,000";"BR-116/RJ";"Decrescente";"Saída de pista";1;0;0;0;0;1;0;0;0;0;5;0;0;0;0
"15/01/2024";"17:39:00";"324";"Sem vítima";"173,679";"BR-116/RJ";"Decrescente";"Colisão lateral no mesmo sentido";1;0;0;0;0;1;0;0;0;0;3;0;0;0;0
"15/01/2024";"18:52:00";"340";"Sem vítima";"144,500";"BR-116/RJ";"Crescente";"Atropelamento de animal";1;0;0;0;0;0;0;0;0;0;1;0;0;0;0
"16/01/2024";"03:26:00";"62";"Sem vítima";"97,000";"BR-116/RJ";"Crescente";"Choque";0;0;1;0;0;0;0;0;0;0;1;0;0;0;0
"16/01/2024";"03:26:00";"63";"Sem vítima";"190,145";"BR-116/RJ";"Decrescente";"Colisão traseira";1;0;1;0;0;0;0;0;0;0;2;0;0;0;0
"16/01/2024";"05:56:00";"74";"Com vítima";"173,500";"BR-116/RJ";"Decrescente";"Colisão lateral no mesmo sentido";3;0;0;0;0;0;0;0;0;0;2;5;0;0;0
"16/01/2024";"06:20:00";"79";"Sem vítima";"548,000";"BR-116/MG";"Crescente";"Choque";1;0;0;0;0;0;0;0;0;0;1;0;0;0;0
"16/01/2024";"06:44:00";"83";"Sem vítima";"118,000";"BR-116/RJ";"Decrescente";"Queda de moto";0;0;0;1;0;0;0;0;0;0;1;0;0;0;0
"16/01/2024";"07:32:00";"91";"Com vítima";"183,000";"BR-116/RJ";"Decrescente";"Colisão lateral no mesmo sentido";0;0;0;1;0;1;0;0;0;0;1;1;0;1;0
"16/01/2024";"07:59:00";"98";"Sem vítima";"184,000";"BR-116/RJ";"Decrescente";"Colisão lateral no mesmo sentido";0;0;0;0;2;0;0;0;0;0;2;0;0;0;0
"16/01/2024";"08:31:00";"110";"Sem vítima";"526,000";"BR-116/MG";"Decrescente";"Colisão traseira";2;0;0;0;0;0;0;0;0;0;2;0;0;0;0
"16/01/2024";"10:37:00";"145";"Com vítima";"74,000";"BR-116/RJ";"Crescente";"Colisão traseira";1;0;0;0;0;1;0;0;0;0;1;1;1;0;0
"16/01/2024";"11:05:00";"157";"Com vítima";"176,000";"BR-116/RJ";"Crescente";"Queda de moto";1;0;0;1;0;0;0;0;0;0;1;0;1;0;0
"16/01/2024";"16:44:00";"246";"Com vítima";"128,000";"BR-116/RJ";"Decrescente";"Colisão lateral no mesmo sentido";0;0;1;0;1;0;0;0;0;0;1;3;0;0;0
"16/01/2024";"19:26:00";"284";"Sem vítima";"814,601";"BR-116/MG";"Decrescente";"Choque";1;0;0;0;0;0;0;0;0;0;2;0;0;0;0
"16/01/2024";"19:33:00";"287";"Com vítima";"451,497";"BR-116/MG";"Decrescente";"Colisão lateral em sentido contrário";2;0;0;0;0;0;0;0;0;0;0;5;1;1;0
"16/01/2024";"20:23:00";"294";"Sem vítima";"60,000";"BR-493/RJ";"Decrescente";"Atropelamento de animal";1;0;0;0;0;0;0;0;0;0;1;0;0;0;0
"16/01/2024";"21:30:00";"311";"Sem vítima";"142,000";"BR-116/RJ";"Decrescente";"Colisão traseira";1;0;0;0;1;0;0;0;0;0;2;0;0;0;0
"16/01/2024";"22:00:00";"312";"Com vítima";"41,375";"BR-116/RJ";"Decrescente";"Colisão frontal";1;0;0;1;0;0;0;0;0;0;1;0;0;1;0
"16/01/2024";"22:37:00";"318";"Sem vítima";"41,375";"BR-116/RJ";"Decrescente";"Colisão traseira";0;0;1;0;1;0;0;0;0;0;2;0;0;0;0
"17/01/2024";"05:57:00";"106";"Com vítima";"13,800";"BR-465/RJ";"Crescente";"Colisão transversal";0;1;0;1;0;0;0;0;0;0;1;1;0;0;0
"17/01/2024";"06:48:00";"115";"Com vítima";"171,450";"BR-116/RJ";"Decrescente";"Colisão traseira";0;0;2;0;0;0;0;0;0;1;0;3;1;1;0
"17/01/2024";"06:53:00";"117";"Sem vítima";"95,000";"BR-116/RJ";"Decrescente";"Colisão lateral em sentido contrário";0;0;2;0;0;0;0;0;0;0;3;0;0;0;0
"17/01/2024";"09:09:00";"146";"Com vítima";"174,125";"BR-116/RJ";"Decrescente";"Colisão traseira";1;0;0;1;0;0;0;0;0;0;0;2;0;0;0
"17/01/2024";"12:37:00";"204";"Sem vítima";"100,000";"BR-116/RJ";"Decrescente";"Saída de pista";1;0;0;0;0;0;0;0;0;0;1;0;0;0;0
"17/01/2024";"13:05:00";"215";"Com vítima";"139,268";"BR-116/RJ";"Crescente";"Engavetamento";4;0;0;0;0;1;0;0;0;0;2;4;0;0;0
"17/01/2024";"13:43:00";"225";"Sem vítima";"415,000";"BR-116/MG";"Crescente";"Colisão lateral no mesmo sentido";0;0;0;2;0;0;0;0;0;0;2;0;0;0;0
"17/01/2024";"14:27:00";"235";"Com vítima";"178,598";"BR-116/RJ";"Decrescente";"Choque";1;0;0;0;0;0;0;0;0;0;0;1;1;0;0
"17/01/2024";"15:17:00";"249";"Com vítima";"2,200";"BR-116/RJ";"Crescente";"Colisão lateral no mesmo sentido";1;0;0;1;0;0;0;0;0;0;1;0;1;0;0
"17/01/2024";"16:05:00";"258";"Com vítima";"184,500";"BR-116/RJ";"Crescente";"Queda de moto";0;0;0;1;0;0;0;0;0;0;0;1;0;0;0
"17/01/2024";"16:25:00";"267";"Com vítima";"665,000";"BR-116/MG";"Crescente";"Colisão lateral no mesmo sentido";0;0;0;1;0;1;0;0;0;0;1;1;0;0;0
"17/01/2024";"16:34:00";"270";"Com vítima";"410,000";"BR-116/MG";"Crescente";"Colisão traseira";0;0;1;1;0;0;0;0;0;0;1;0;1;0;0
"17/01/2024";"17:15:00";"282";"Com vítima";"141,000";"BR-116/RJ";"Crescente";"Engavetamento";2;0;0;0;0;2;0;0;0;0;2;7;0;0;0
"17/01/2024";"21:42:00";"328";"Com vítima";"175,345";"BR-116/RJ";"Crescente";"Choque";1;0;0;0;0;0;0;0;0;0;0;1;0;0;0
"18/01/2024";"01:27:00";"54";"Com vítima";"61,000";"BR-116/RJ";"Crescente";"Queda de moto";0;0;0;1;0;0;0;0;0;0;0;1;0;0;0
"18/01/2024";"04:47:00";"125";"Com vítima";"202,872";"BR-116/RJ";"Decrescente";"Colisão lateral no mesmo sentido";0;0;1;1;0;0;0;0;0;0;1;0;1;0;0
"18/01/2024";"07:01:00";"143";"Sem vítima";"707,800";"BR-116/MG";"Decrescente";"Choque";1;0;0;0;0;0;0;0;0;0;1;0;0;0;0
"18/01/2024";"07:19:00";"149";"Com vítima";"88,000";"BR-493/RJ";"Crescente";"Choque";1;0;0;0;0;0;0;0;0;0;0;4;0;0;0
"18/01/2024";"07:33:00";"154";"Com vítima";"414,000";"BR-116/MG";"Decrescente";"Colisão traseira";1;0;0;1;0;0;0;0;0;0;2;1;0;0;0
"18/01/2024";"09:54:00";"191";"Com vítima";"185,000";"BR-116/RJ";"Decrescente";"Colisão lateral no mesmo sentido";1;0;0;1;0;0;0;0;0;0;1;1;0;0;0
"18/01/2024";"12:31:00";"227";"Com vítima";"745,000";"BR-116/MG";"Crescente";"Colisão traseira";1;0;0;1;0;0;0;0;0;0;1;0;1;0;0
"18/01/2024";"17:07:00";"298";"Com vítima";"744,600";"BR-116/MG";"Decrescente";"Colisão lateral no mesmo sentido";2;0;0;0;0;0;0;0;0;0;0;0;3;2;0
"18/01/2024";"18:22:00";"312";"Sem vítima";"88,000";"BR-116/RJ";"Decrescente";"Choque";1;0;0;0;0;0;0;0;0;0;1;0;0;0;0
"18/01/2024";"19:10:00";"325";"Com vítima";"19,500";"BR-493/RJ";"Crescente";"Atropelamento de ciclista";0;1;0;0;0;1;0;0;0;0;1;0;0;0;0
"18/01/2024";"19:30:00";"328";"Sem vítima";"112,797";"BR-493/RJ";"Crescente";"Atropelamento de animal";1;0;0;0;0;0;0;0;0;0;2;0;0;0;0
"18/01/2024";"19:51:00";"334";"Com vítima";"54,000";"BR-116/RJ";"Decrescente";"Colisão traseira";0;0;0;1;0;1;0;0;0;0;1;0;0;1;0
"19/01/2024";"05:46:00";"123";"Com vítima";"202,300";"BR-116/RJ";"Crescente";"Tombamento";0;0;0;0;0;1;0;0;0;0;0;1;0;0;0
"19/01/2024";"07:06:00";"140";"Sem vítima";"438,000";"BR-116/MG";"Crescente";"Capotamento";1;0;0;0;0;0;0;0;0;0;1;0;0;0;0
"19/01/2024";"07:50:00";"150";"Sem vítima";"29,000";"BR-116/RJ";"Crescente";"Colisão lateral em sentido contrário";1;0;0;0;0;1;0;0;0;0;2;0;0;0;0
"19/01/2024";"10:00:00";"179";"Com vítima";"171,800";"BR-116/RJ";"Crescente";"Colisão traseira";1;0;0;1;0;0;0;0;0;0;2;1;1;0;0
"19/01/2024";"13:51:00";"239";"Sem vítima";"170,600";"BR-116/RJ";"Decrescente";"Colisão lateral no mesmo sentido";1;0;0;0;0;1;0;0;0;0;2;0;0;0;0
"19/01/2024";"14:02:00";"243";"Sem vítima";"213,000";"BR-116/RJ";"Decrescente";"Colisão traseira";1;0;1;0;0;0;0;0;0;0;5;0;0;0;0
"19/01/2024";"17:39:00";"289";"Com vítima";"0,390";"BR-493/RJ";"Decrescente";"Colisão lateral no mesmo sentido";0;0;0;1;0;0;0;0;0;1;1;1;0;0;0
"19/01/2024";"19:48:00";"314";"Com vítima";"65,446";"BR-493/RJ";"Crescente";"Atropelamento de pedestre";0;0;0;0;0;1;0;0;0;0;1;0;0;0;1
"19/01/2024";"20:56:00";"328";"Sem vítima";"545,136";"BR-116/MG";"Crescente";"Colisão lateral em sentido contrário";2;0;0;0;0;0;0;0;0;0;2;0;0;0;0
"20/01/2024";"03:31:00";"74";"Com vítima";"625,733";"BR-116/MG";"Decrescente";"Capotamento";1;0;0;0;0;0;0;0;0;0;0;3;1;0;0
"20/01/2024";"04:21:00";"81";"Com vítima";"466,663";"BR-116/MG";"Decrescente";"Choque";0;0;0;1;0;0;0;0;0;0;0;0;0;0;1
"20/01/2024";"05:45:00";"92";"Com vítima";"208,320";"BR-116/RJ";"Decrescente";"Choque";1;0;0;0;0;0;0;0;0;0;0;0;1;0;0
"20/01/2024";"09:14:00";"140";"Com vítima";"203,300";"BR-116/RJ";"Decrescente";"Queda de moto";0;0;0;1;0;0;0;0;0;0;0;2;0;0;0
"20/01/2024";"14:26:00";"231";"Com vítima";"17,000";"BR-465/RJ";"Crescente";"Colisão traseira";1;0;0;1;0;0;0;0;0;0;1;1;0;0;0
"20/01/2024";"14:59:00";"238";"Com vítima";"639,000";"BR-116/MG";"Decrescente";"Colisão lateral em sentido contrário";2;0;0;0;0;0;0;0;0;0;0;1;4;0;0
"20/01/2024";"15:21:00";"245";"Sem vítima";"104,000";"BR-116/RJ";"Crescente";"Choque";1;0;0;0;0;0;0;0;0;0;1;0;0;0;0
"20/01/2024";"16:47:00";"265";"Com vítima";"98,723";"BR-116/RJ";"Crescente";"Queda de moto";0;0;0;1;0;0;0;0;0;0;0;0;2;0;0
"20/01/2024";"17:52:00";"284";"Sem vítima";"108,434";"BR-116/RJ";"Decrescente";"Choque";1;0;0;0;0;0;0;0;0;0;1;0;0;0;0
"20/01/2024";"18:55:00";"292";"Com vítima";"785,676";"BR-116/MG";"Crescente";"Colisão frontal";1;0;0;0;0;1;0;0;0;0;1;0;1;2;0
"20/01/2024";"20:36:00";"311";"Com vítima";"173,539";"BR-116/RJ";"Crescente";"Queda de moto";0;0;0;1;0;0;0;0;0;0;1;1;0;0;0
"20/01/2024";"20:56:00";"316";"Sem vítima";"15,900";"BR-465/RJ";"Crescente";"Colisão lateral no mesmo sentido";1;0;0;1;0;0;0;0;0;0;2;0;0;0;0
"20/01/2024";"21:59:00";"326";"Com vítima";"3,624";"BR-493/RJ";"Crescente";"Queda de moto";0;0;0;1;0;0;0;0;0;0;0;0;1;0;0
"21/01/2024";"01:05:00";"11";"Com vítima";"116,337";"BR-116/RJ";"Crescente";"Choque";1;0;0;0;0;0;0;0;0;0;4;2;0;0;0
"21/01/2024";"03:13:00";"35";"Com vítima";"205,000";"BR-116/RJ";"Decrescente";"Queda de moto";0;0;0;0;0;1;0;0;0;0;0;4;0;0;0
"21/01/2024";"04:35:00";"49";"Com vítima";"15,000";"BR-465/RJ";"Crescente";"Queda de moto";0;0;0;1;0;0;0;0;0;0;1;0;0;1;0
"21/01/2024";"05:03:00";"51";"Sem vítima";"133,877";"BR-116/RJ";"Decrescente";"Colisão frontal";2;0;0;0;0;0;0;0;0;0;3;0;0;0;0
"21/01/2024";"06:42:00";"63";"Com vítima";"169,000";"BR-116/RJ";"Decrescente";"Choque";1;0;0;0;0;0;0;0;0;0;0;1;0;0;0
"21/01/2024";"11:51:00";"170";"Com vítima";"141,000";"BR-116/RJ";"Decrescente";"Colisão lateral no mesmo sentido";0;0;0;1;0;1;0;0;0;0;1;0;1;0;0
"21/01/2024";"12:08:00";"174";"Com vítima";"57,000";"BR-116/RJ";"Crescente";"Colisão traseira";1;0;0;1;0;0;0;0;0;0;1;0;1;0;0
"21/01/2024";"13:29:00";"190";"Com vítima";"181,200";"BR-116/RJ";"Crescente";"Choque";1;0;0;0;0;0;0;0;0;0;0;2;0;0;0
"21/01/2024";"14:23:00";"206";"Sem vítima";"103,000";"BR-116/RJ";"Crescente";"Choque";1;0;0;0;0;0;0;0;0;0;3;0;0;0;0
"21/01/2024";"16:17:00";"237";"Sem vítima";"666,100";"BR-116/MG";"Decrescente";"Colisão traseira";0;0;0;2;0;0;0;0;0;0;2;0;0;0;0
"21/01/2024";"16:49:00";"255";"Com vítima";"210,200";"BR-116/RJ";"Decrescente";"Colisão traseira";2;0;0;0;0;0;0;0;0;0;1;2;0;0;0
"21/01/2024";"16:52:00";"256";"Sem vítima";"108,000";"BR-116/RJ";"Decrescente";"Colisão transversal";2;0;0;0;0;0;0;0;0;0;4;0;0;0;0
"21/01/2024";"16:59:00";"259";"Com vítima";"499,000";"BR-116/MG";"Decrescente";"Colisão frontal";2;0;0;0;0;0;0;0;0;0;0;5;0;0;0
"21/01/2024";"18:50:00";"284";"Com vítima";"634,956";"BR-116/MG";"Decrescente";"Queda de moto";0;0;0;1;0;0;0;0;0;0;0;0;1;0;0
"21/01/2024";"20:34:00";"304";"Sem vítima";"117,786";"BR-116/RJ";"Decrescente";"Choque";1;0;0;0;0;0;0;0;0;0;4;0;0;0;0
"21/01/2024";"20:49:00";"305";"Sem vítima";"10,357";"BR-493/RJ";"Crescente";"Choque";1;0;0;0;0;1;0;0;0;0;4;0;0;0;0
"21/01/2024";"21:36:00";"308";"Com vítima";"17,000";"BR-465/RJ";"Crescente";"Colisão frontal";1;0;0;1;0;0;0;0;0;0;1;1;0;0;0
"22/01/2024";"06:14:00";"114";"Sem vítima";"172,000";"BR-116/RJ";"Decrescente";"Colisão lateral no mesmo sentido";1;0;0;0;0;1;0;0;0;0;2;0;0;0;0
"22/01/2024";"07:02:00";"123";"Sem vítima";"204,000";"BR-116/RJ";"Decrescente";"Choque";1;0;0;0;0;0;0;0;0;0;1;0;0;0;0
"22/01/2024";"07:06:00";"125";"Com vítima";"78,850";"BR-116/RJ";"Decrescente";"Choque";1;0;0;0;0;0;0;0;0;0;0;1;0;0;0
"22/01/2024";"07:21:00";"129";"Com vítima";"198,000";"BR-116/RJ";"Crescente";"Colisão transversal";1;0;0;1;0;0;0;0;0;0;1;1;0;0;0
"22/01/2024";"07:34:00";"134";"Sem vítima";"584,000";"BR-116/MG";"Crescente";"Atropelamento de animal";1;0;0;0;0;0;0;0;0;0;1;0;0;0;0
"22/01/2024";"08:03:00";"145";"Com vítima";"174,000";"BR-116/RJ";"Decrescente";"Colisão lateral no mesmo sentido";1;0;0;1;0;0;0;0;0;0;1;0;2;0;0
"22/01/2024";"10:23:00";"176";"Com vítima";"410,000";"BR-116/MG";"Decrescente";"Queda de moto";0;0;0;1;0;0;0;0;0;0;0;0;1;0;0
"22/01/2024";"10:29:00";"177";"Sem vítima";"135,000";"BR-116/RJ";"Decrescente";"Colisão lateral no mesmo sentido";1;0;0;0;0;1;0;0;0;0;2;0;0;0;0
"22/01/2024";"10:43:00";"190";"Com vítima";"135,000";"BR-116/RJ";"Decrescente";"Colisão traseira";1;0;0;0;1;0;0;0;0;0;2;1;0;0;0
"22/01/2024";"11:05:00";"191";"Com vítima";"184,000";"BR-116/RJ";"Crescente";"Queda de moto";0;0;0;1;0;0;0;0;0;0;0;1;0;0;0
"22/01/2024";"12:54:00";"219";"Com vítima";"207,135";"BR-116/RJ";"Decrescente";"Colisão lateral no mesmo sentido";2;0;0;0;0;0;0;0;0;0;1;0;1;0;0
"22/01/2024";"12:55:00";"220";"Sem vítima";"782,000";"BR-116/MG";"Decrescente";"Choque";1;0;0;0;0;0;0;0;0;0;1;0;0;0;0
"22/01/2024";"15:38:00";"251";"Com vítima";"98,718";"BR-116/RJ";"Decrescente";"Colisão lateral em sentido contrário";1;0;0;0;0;1;0;0;0;0;1;0;0;1;0
"22/01/2024";"17:09:00";"266";"Com vítima";"97,284";"BR-493/RJ";"Crescente";"Colisão traseira";1;0;0;0;0;1;0;0;0;0;1;1;2;0;0
"22/01/2024";"17:28:00";"269";"Com vítima";"71,600";"BR-116/RJ";"Crescente";"Queda de moto";0;0;0;1;0;0;0;0;0;0;1;1;0;0;0
"22/01/2024";"18:02:00";"278";"Sem vítima";"145,800";"BR-116/RJ";"Crescente";"Choque";1;0;0;0;0;0;0;0;0;0;1;0;0;0;0
"22/01/2024";"18:32:00";"289";"Com vítima";"104,000";"BR-116/RJ";"Decrescente";"Choque";1;0;0;0;0;0;0;0;0;0;0;3;0;0;0
"22/01/2024";"23:21:00";"330";"Com vítima";"483,400";"BR-116/MG";"Crescente";"Choque";1;0;0;0;0;0;0;0;0;0;0;2;0;0;0
"23/01/2024";"02:20:00";"38";"Sem vítima";"458,000";"BR-116/MG";"Decrescente";"Choque";1;0;0;0;0;0;0;0;0;0;1;0;0;0;0
"23/01/2024";"09:37:00";"163";"Sem vítima";"137,000";"BR-116/RJ";"Decrescente";"Colisão lateral no mesmo sentido";0;0;1;0;1;0;0;0;0;0;4;0;0;0;0
"23/01/2024";"10:06:00";"172";"Com vítima";"180,000";"BR-116/RJ";"Decrescente";"Colisão traseira";0;0;1;1;0;0;0;0;0;0;1;1;0;0;0
"23/01/2024";"10:48:00";"184";"Com vítima";"148,000";"BR-116/RJ";"Crescente";"Queda de moto";0;0;0;1;1;0;0;0;0;0;1;0;1;0;0
"23/01/2024";"11:25:00";"191";"Sem vítima";"186,000";"BR-116/RJ";"Crescente";"Colisão traseira";1;0;0;1;0;0;0;0;0;0;3;0;0;0;0
"23/01/2024";"11:33:00";"193";"Sem vítima";"449,000";"BR-116/MG";"Crescente";"Choque";1;0;0;0;0;0;0;0;0;0;1;0;0;0;0
"23/01/2024";"11:45:00";"200";"Com vítima";"21,700";"BR-465/RJ";"Decrescente";"Colisão transversal";1;0;0;1;0;0;0;0;0;0;1;0;1;0;0
"23/01/2024";"13:27:00";"214";"Sem vítima";"178,000";"BR-116/RJ";"Crescente";"Colisão lateral no mesmo sentido";1;0;1;0;0;0;0;0;0;0;3;0;0;0;0
"23/01/2024";"14:20:00";"224";"Sem vítima";"182,000";"BR-116/RJ";"Decrescente";"Colisão lateral no mesmo sentido";2;0;0;0;0;0;0;0;0;0;2;0;0;0;0
"23/01/2024";"16:09:00";"252";"Sem vítima";"412,889";"BR-116/MG";"Decrescente";"Colisão traseira";1;0;0;1;0;0;0;0;0;0;2;0;0;0;0
"23/01/2024";"16:43:00";"261";"Sem vítima";"97,000";"BR-493/RJ";"Decrescente";"Saída de pista";1;0;0;0;0;0;0;0;0;0;1;0;0;0;0
"23/01/2024";"17:32:00";"272";"Sem vítima";"51,652";"BR-493/RJ";"Crescente";"Choque";1;0;0;0;0;0;0;0;0;0;1;0;0;0;0
"23/01/2024";"18:35:00";"281";"Sem vítima";"667,599";"BR-116/MG";"Decrescente";"Saída de pista";1;0;0;0;0;0;0;0;0;0;2;0;0;0;0
"23/01/2024";"19:20:00";"291";"Com vítima";"180,640";"BR-116/RJ";"Decrescente";"Queda de moto";0;0;0;1;0;0;0;0;0;0;0;1;0;0;0
"23/01/2024";"19:32:00";"296";"Com vítima";"480,130";"BR-116/MG";"Decrescente";"Colisão traseira";2;0;0;0;0;0;0;0;0;0;0;3;0;0;0
"23/01/2024";"20:00:00";"304";"Com vítima";"68,816";"BR-116/RJ";"Decrescente";"Colisão transversal";3;0;0;0;0;0;0;0;0;0;0;2;2;0;0
"23/01/2024";"21:25:00";"314";"Com vítima";"17,314";"BR-493/RJ";"Decrescente";"Capotamento";1;0;0;0;0;0;0;0;0;0;0;3;0;0;0
"24/01/2024";"00:00:00";"5";"Sem vítima";"185,000";"BR-116/RJ";"Crescente";"Choque";1;0;0;0;0;0;0;0;0;0;1;0;0;0;0
"24/01/2024";"00:00:00";"7";"Sem vítima";"507,640";"BR-116/MG";"Crescente";"Colisão lateral em sentido contrário";0;0;1;0;0;0;0;0;0;1;2;0;0;0;0
"24/01/2024";"00:00:00";"9";"Com vítima";"41,400";"BR-116/RJ";"Decrescente";"Queda de moto";0;0;0;1;0;0;0;0;0;0;0;1;1;0;0