data;horario;n_da_ocorrencia;tipo_de_ocorrencia;km;trecho;sentido;tipo_de_acidente;automovel;bicicleta;caminhao;moto;onibus;outros;tracao_animal;transporte_de_cargas_especiais;trator_maquinas;utilitarios;ilesos;levemente_feridos;moderadamente_feridos;gravemente_feridos;mortos
"04/02/2024";"18:29:00";"239";"Com vítima";"190,125";"BR-116/RJ";"Decrescente";"Engavetamento";3;0;0;0;0;0;0;0;0;0;2;3;0;0;0
"04/02/2024";"18:51:00";"241";"Com vítima";"135,485";"BR-116/RJ";"Crescente";"Colisão traseira";0;0;0;1;0;0;0;0;0;1;1;0;1;0;0
"04/02/2024";"19:16:00";"246";"Com vítima";"62,449";"BR-116/RJ";"Decrescente";"Queda de moto";0;0;0;1;0;0;0;0;0;0;0;1;1;0;0
"04/02/2024";"19:49:00";"252";"Com vítima";"107,000";"BR-493/RJ";"Decrescente";"Atropelamento de animal";1;0;0;0;0;0;0;0;0;0;5;2;0;0;0
"04/02/2024";"19:50:00";"255";"Sem vítima";"107,000";"BR-493/RJ";"Crescente";"Atropelamento de animal";1;0;0;0;0;0;0;0;0;0;1;0;0;0;0
"04/02/2024";"19:59:00";"253";"Com vítima";"530,699";"BR-116/MG";"Crescente";"Colisão traseira";2;0;0;0;0;0;0;0;0;0;3;2;0;0;0
"04/02/2024";"20:40:00";"265";"Com vítima";"110,995";"BR-116/RJ";"Crescente";"Atropelamento de pedestre";1;0;1;0;0;0;0;0;0;0;1;0;0;1;0
"04/02/2024";"22:08:00";"273";"Com vítima";"41,720";"BR-116/RJ";"Crescente";"Atropelamento de pedestre";0;0;0;1;0;0;0;0;0;0;0;1;9;0;0
"04/02/2024";"22:09:00";"274";"Com vítima";"121,469";"BR-116/RJ";"Decrescente";"Queda de moto";0;0;0;1;0;0;0;0;0;0;0;1;1;0;0
"05/02/2024";"00:04:00";"4";"Com vítima";"803,538";"BR-116/MG";"Crescente";"Colisão lateral em sentido contrário";0;0;0;1;0;1;0;0;0;0;1;0;0;0;1
"05/02/2024";"00:56:00";"15";"Sem vítima";"95,948";"BR-493/RJ";"Crescente";"Tombamento";0;0;0;0;0;1;0;0;0;0;1;0;0;0;0
"05/02/2024";"01:23:00";"16";"Sem vítima";"25,073";"BR-116/RJ";"Decrescente";"Choque";1;0;0;0;0;0;0;0;0;0;1;0;0;0;0
"05/02/2024";"05:55:00";"111";"Com vítima";"665,000";"BR-116/MG";"Crescente";"Colisão frontal";2;0;0;0;0;0;0;0;0;0;1;1;0;0;0
"05/02/2024";"09:00:00";"159";"Com vítima";"175,000";"BR-116/RJ";"Crescente";"Queda de moto";0;0;0;1;0;0;0;0;0;0;0;0;1;0;0
"05/02/2024";"09:03:00";"160";"Com vítima";"192,200";"BR-116/RJ";"Decrescente";"Colisão traseira";1;0;0;0;1;0;0;0;0;0;1;2;0;0;0
"05/02/2024";"12:06:00";"207";"Com vítima";"203,325";"BR-116/RJ";"Decrescente";"Choque";1;0;0;0;0;0;0;0;0;0;0;2;0;0;0
"05/02/2024";"12:43:00";"216";"Sem vítima";"28,000";"BR-116/RJ";"Decrescente";"Choque";1;0;0;0;0;0;0;0;0;0;3;0;0;0;0
"05/02/2024";"12:58:00";"220";"Sem vítima";"173,000";"BR-116/RJ";"Decrescente";"Choque";1;0;0;1;0;0;0;0;0;0;2;0;0;0;0
"05/02/2024";"18:13:00";"289";"Com vítima";"629,000";"BR-116/MG";"Decrescente";"Queda de moto";0;0;0;1;0;0;0;0;0;0;0;0;0;1;0
"06/02/2024";"03:14:00";"127";"Com vítima";"64,949";"BR-116/RJ";"Decrescente";"Choque";1;0;0;0;0;0;0;0;0;0;1;0;1;0;0
"06/02/2024";"04:05:00";"136";"Sem vítima";"12,231";"BR-465/RJ";"Decrescente";"Colisão traseira";1;0;1;0;0;0;0;0;0;0;2;0;0;0;0
"06/02/2024";"07:18:00";"166";"Sem vítima";"147,000";"BR-116/RJ";"Crescente";"Colisão traseira";2;0;0;0;0;0;0;0;0;0;2;0;0;0;0
"06/02/2024";"07:51:00";"175";"Sem vítima";"20,000";"BR-465/RJ";"Decrescente";"Colisão transversal";2;0;0;0;0;0;0;0;0;0;2;0;0;0;0
"06/02/2024";"08:12:00";"184";"Sem vítima";"492,321";"BR-116/MG";"Crescente";"Choque";1;0;0;0;0;0;0;0;0;0;1;0;0;0;0
"06/02/2024";"09:52:00";"207";"Sem vítima";"555,383";"BR-116/MG";"Decrescente";"Choque";1;0;0;0;0;0;0;0;0;0;1;0;0;0;0
"06/02/2024";"10:01:00";"210";"Sem vítima";"21,000";"BR-493/RJ";"Decrescente";"Colisão frontal";1;0;0;1;0;0;0;0;0;0;2;0;0;0;0
"06/02/2024";"11:51:00";"235";"Com vítima";"14,000";"BR-465/RJ";"Crescente";"Colisão transversal";1;0;0;1;0;0;0;0;0;0;1;1;0;0;0
"06/02/2024";"13:17:00";"264";"Com vítima";"131,559";"BR-116/RJ";"Crescente";"Colisão traseira";1;0;0;1;0;0;0;0;0;0;1;0;2;0;0
"06/02/2024";"15:22:00";"297";"Com vítima";"184,000";"BR-116/RJ";"Decrescente";"Colisão traseira";1;0;0;0;0;1;0;0;0;0;1;1;0;0;0
"06/02/2024";"15:41:00";"302";"Com vítima";"195,000";"BR-116/RJ";"Decrescente";"Queda de moto";0;0;0;1;0;0;0;0;0;0;0;0;2;0;0
"06/02/2024";"17:48:00";"331";"Com vítima";"69,000";"BR-116/RJ";"Decrescente";"Tombamento";0;0;1;0;0;0;0;0;0;0;0;0;1;0;0
"06/02/2024";"17:49:00";"332";"Com vítima";"18,836";"BR-493/RJ";"Decrescente";"Colisão lateral no mesmo sentido";1;0;0;1;0;0;0;0;0;0;1;0;1;0;0
"06/02/2024";"20:30:00";"367";"Sem vítima";"574,300";"BR-116/MG";"Decrescente";"Choque";1;0;0;0;0;0;0;0;0;0;1;0;0;0;0
"07/02/2024";"04:30:00";"137";"Com vítima";"455,000";"BR-116/MG";"Crescente";"Queda de moto";0;0;0;1;0;0;0;0;0;0;0;1;0;0;0
"07/02/2024";"07:45:00";"169";"Com vítima";"648,000";"BR-116/MG";"Decrescente";"Colisão traseira";0;0;1;1;0;0;0;0;0;0;1;1;0;0;0
"07/02/2024";"11:51:00";"234";"Sem vítima";"83,000";"BR-116/RJ";"Crescente";"Colisão traseira";2;0;0;0;0;1;0;0;0;0;4;0;0;0;0
"07/02/2024";"13:46:00";"259";"Sem vítima";"411,000";"BR-116/MG";"Crescente";"Colisão traseira";1;0;0;0;0;1;0;0;0;0;2;0;0;0;0
"07/02/2024";"14:33:00";"280";"Sem vítima";"13,670";"BR-493/RJ";"Decrescente";"Colisão traseira";1;0;1;0;0;0;0;0;0;0;2;0;0;0;0
"07/02/2024";"14:37:00";"281";"Com vítima";"180,600";"BR-116/RJ";"Crescente";"Colisão traseira";1;0;0;0;0;0;0;0;0;1;0;3;0;0;0
"07/02/2024";"17:15:00";"322";"Com vítima";"181,376";"BR-116/RJ";"Decrescente";"Choque";1;0;0;0;0;0;0;0;0;0;0;0;1;0;0
"07/02/2024";"17:20:00";"323";"Com vítima";"542,900";"BR-116/MG";"Crescente";"Saída de pista";1;0;0;0;0;0;0;0;0;0;0;2;1;0;0
"07/02/2024";"17:40:00";"328";"Com vítima";"90,279";"BR-116/RJ";"Crescente";"Choque";1;0;0;0;0;0;0;0;0;0;0;0;1;0;0
"07/02/2024";"18:01:00";"333";"Com vítima";"668,596";"BR-116/MG";"Decrescente";"Saída de pista";1;0;1;0;0;0;0;0;0;0;1;1;0;0;0
"07/02/2024";"18:02:00";"334";"Com vítima";"45,277";"BR-116/RJ";"Crescente";"Colisão frontal";2;0;0;0;0;0;0;0;0;0;0;1;2;0;0
"07/02/2024";"19:43:00";"347";"Com vítima";"211,627";"BR-116/RJ";"Decrescente";"Choque";0;0;1;0;0;0;0;0;0;0;0;0;1;0;0
"07/02/2024";"20:05:00";"353";"Com vítima";"104,538";"BR-493/RJ";"Decrescente";"Queda de moto";0;0;0;1;0;0;0;0;0;0;0;1;1;0;0
"07/02/2024";"22:57:00";"377";"Com vítima";"803,540";"BR-116/MG";"Crescente";"Tombamento";0;0;1;0;0;0;0;0;0;0;0;0;2;0;0
"08/02/2024";"03:39:00";"103";"Sem vítima";"96,212";"BR-493/RJ";"Crescente";"Choque";0;0;1;0;0;0;0;0;0;0;2;0;0;0;0
"08/02/2024";"06:12:00";"119";"Com vítima";"0,500";"BR-493/RJ";"Decrescente";"Colisão lateral em sentido contrário";0;0;0;2;0;0;0;0;0;0;1;1;0;0;0
"08/02/2024";"06:36:00";"123";"Sem vítima";"142,000";"BR-116/RJ";"Decrescente";"Colisão lateral no mesmo sentido";3;0;0;0;0;0;0;0;0;0;6;0;0;0;0
"08/02/2024";"07:17:00";"131";"Com vítima";"136,000";"BR-116/RJ";"Decrescente";"Colisão transversal";0;0;1;1;0;0;0;0;0;0;3;0;1;0;0
"08/02/2024";"07:22:00";"135";"Com vítima";"0,400";"BR-493/RJ";"Crescente";"Colisão transversal";0;1;0;1;0;0;0;0;0;0;0;0;1;0;0
"08/02/2024";"07:25:00";"136";"Com vítima";"477,000";"BR-116/MG";"Crescente";"Queda de moto";1;0;0;1;0;0;0;0;0;0;1;1;0;0;0
"08/02/2024";"09:48:00";"163";"Com vítima";"58,800";"BR-493/RJ";"Crescente";"Capotamento";1;0;0;0;0;0;0;0;0;0;0;1;0;0;0
"08/02/2024";"11:11:00";"188";"Sem vítima";"591,000";"BR-116/MG";"Decrescente";"Choque";0;0;0;0;1;0;0;0;0;0;2;0;0;0;0
"08/02/2024";"16:18:00";"268";"Sem vítima";"75,050";"BR-116/RJ";"Decrescente";"Choque";1;0;0;0;0;0;0;0;0;0;1;0;0;0;0
"08/02/2024";"16:43:00";"279";"Sem vítima";"76,879";"BR-493/RJ";"Crescente";"Choque";1;0;0;0;0;0;0;0;0;0;1;0;0;0;0
"08/02/2024";"17:36:00";"294";"Sem vítima";"214,600";"BR-116/RJ";"Crescente";"Colisão traseira";2;0;0;0;0;0;0;0;0;0;3;0;0;0;0
"08/02/2024";"17:37:00";"296";"Com vítima";"188,867";"BR-116/RJ";"Crescente";"Queda de moto";0;0;0;1;0;0;0;0;0;0;0;0;1;0;0
"08/02/2024";"18:35:00";"306";"Sem vítima";"48,675";"BR-493/RJ";"Crescente";"Colisão traseira";1;0;0;1;0;0;0;0;0;0;2;0;0;0;0
"08/02/2024";"23:25:00";"363";"Com vítima";"177,692";"BR-116/RJ";"Decrescente";"Queda de moto";0;0;0;1;0;0;0;0;0;0;0;1;0;1;0
"09/02/2024";"07:10:00";"129";"Com vítima";"537,501";"BR-116/MG";"Decrescente";"Colisão frontal";1;0;0;1;0;0;0;0;0;0;0;2;0;0;0
"09/02/2024";"08:56:00";"177";"Com vítima";"1,000";"BR-493/RJ";"Decrescente";"Colisão traseira";0;0;2;0;0;0;0;0;0;0;1;1;0;0;0
"09/02/2024";"12:37:00";"255";"Sem vítima";"23,000";"BR-493/RJ";"Decrescente";"Colisão frontal";0;0;0;1;0;0;0;0;0;0;2;0;0;0;0
"09/02/2024";"13:59:00";"279";"Com vítima";"705,540";"BR-116/MG";"Decrescente";"Colisão lateral no mesmo sentido";1;0;0;0;0;1;0;0;0;0;1;1;0;0;0
"09/02/2024";"14:08:00";"284";"Com vítima";"522,247";"BR-116/MG";"Decrescente";"Colisão traseira";2;0;0;0;0;0;0;0;0;0;0;2;0;0;0
"09/02/2024";"15:28:00";"307";"Com vítima";"52,000";"BR-116/RJ";"Crescente";"Queda de moto";0;0;0;1;0;0;0;0;0;0;0;2;0;0;0
"09/02/2024";"15:53:00";"315";"Com vítima";"186,000";"BR-116/RJ";"Crescente";"Colisão lateral no mesmo sentido";1;0;0;1;0;0;0;0;0;0;1;1;0;1;0
"09/02/2024";"16:30:00";"325";"Sem vítima";"97,800";"BR-116/RJ";"Crescente";"Colisão lateral em sentido contrário";2;0;0;0;0;0;0;0;0;0;2;0;0;0;0
"09/02/2024";"16:51:00";"330";"Com vítima";"180,000";"BR-116/RJ";"Crescente";"Colisão lateral no mesmo sentido";1;0;0;1;0;0;0;0;0;0;1;1;0;0;0
"09/02/2024";"16:59:00";"332";"Com vítima";"147,500";"BR-116/RJ";"Decrescente";"Engavetamento";3;0;0;0;0;0;0;0;0;0;4;1;0;0;0
"09/02/2024";"17:40:00";"342";"Com vítima";"99,000";"BR-116/RJ";"Crescente";"Saída de pista";1;0;0;0;0;0;0;0;0;0;0;4;0;0;0
"09/02/2024";"18:22:00";"356";"Com vítima";"417,000";"BR-116/MG";"Decrescente";"Queda de moto";0;0;0;1;0;0;0;0;0;0;0;1;0;0;0
"09/02/2024";"23:36:00";"423";"Sem vítima";"442,812";"BR-116/MG";"Decrescente";"Atropelamento de animal";0;0;1;0;0;0;0;0;0;0;1;0;0;0;0
"10/02/2024";"01:12:00";"20";"Com vítima";"176,000";"BR-116/RJ";"Decrescente";"Colisão traseira";1;0;0;0;0;1;0;0;0;0;1;1;0;0;0
"10/02/2024";"03:39:00";"35";"Com vítima";"84,646";"BR-116/RJ";"Decrescente";"Queda de moto";0;0;0;2;0;0;0;0;0;0;1;1;0;0;0
"10/02/2024";"04:13:00";"41";"Com vítima";"17,900";"BR-493/RJ";"Decrescente";"Atropelamento de animal";1;0;0;0;0;0;0;0;0;0;0;3;0;0;0
"10/02/2024";"04:40:00";"56";"Com vítima";"190,416";"BR-116/RJ";"Decrescente";"Engavetamento";0;0;2;0;0;1;0;0;0;0;0;3;0;0;0
"10/02/2024";"05:55:00";"92";"Com vítima";"136,000";"BR-116/RJ";"Decrescente";"Colisão traseira";1;0;0;1;0;0;0;0;0;0;1;1;0;0;0
"10/02/2024";"07:11:00";"110";"Com vítima";"140,679";"BR-116/RJ";"Decrescente";"Engavetamento";3;0;0;0;0;0;0;0;0;0;0;4;0;0;0
"10/02/2024";"07:43:00";"125";"Sem vítima";"192,000";"BR-116/RJ";"Decrescente";"Colisão traseira";1;0;0;0;1;0;0;0;0;0;2;0;0;0;0
"10/02/2024";"09:37:00";"167";"Com vítima";"106,000";"BR-493/RJ";"Crescente";"Colisão traseira";1;0;1;0;0;0;0;0;0;0;2;4;0;0;0
"10/02/2024";"09:57:00";"174";"Com vítima";"22,000";"BR-465/RJ";"Crescente";"Colisão transversal";1;0;0;1;0;0;0;0;0;0;0;2;0;0;0
"10/02/2024";"09:58:00";"175";"Com vítima";"180,500";"BR-116/RJ";"Crescente";"Colisão traseira";2;0;0;0;0;0;0;0;0;0;0;3;0;0;0
"10/02/2024";"10:12:00";"179";"Com vítima";"15,000";"BR-465/RJ";"Crescente";"Atropelamento de pedestre";1;0;0;0;0;0;0;0;0;0;1;1;0;0;0
"10/02/2024";"11:01:00";"192";"Com vítima";"125,000";"BR-116/RJ";"Decrescente";"Colisão traseira";2;0;0;0;0;0;0;0;0;0;0;6;0;0;0
"10/02/2024";"11:31:00";"201";"Sem vítima";"616,000";"BR-116/MG";"Decrescente";"Colisão traseira";2;0;0;0;0;0;0;0;0;0;2;0;0;0;0
"10/02/2024";"11:36:00";"204";"Com vítima";"5,099";"BR-493/RJ";"Decrescente";"Atropelamento de pedestre";1;0;0;0;0;0;0;0;0;0;1;1;0;0;0
"10/02/2024";"11:54:00";"211";"Com vítima";"111,000";"BR-116/RJ";"Decrescente";"Queda de moto";0;0;0;1;0;0;0;0;0;0;0;2;0;0;0
"10/02/2024";"12:12:00";"220";"Com vítima";"176,100";"BR-116/RJ";"Crescente";"Colisão traseira";1;0;0;0;0;0;0;0;0;1;0;2;0;0;0
"10/02/2024";"12:42:00";"229";"Com vítima";"634,157";"BR-116/MG";"Decrescente";"Colisão traseira";1;0;0;1;0;0;0;0;0;0;0;2;0;0;0
"10/02/2024";"12:46:00";"230";"Com vítima";"178,200";"BR-116/RJ";"Crescente";"Engavetamento";4;0;0;0;0;0;0;0;0;0;2;3;0;0;0
"10/02/2024";"12:55:00";"233";"Com vítima";"537,478";"BR-116/MG";"Decrescente";"Colisão frontal";0;0;0;1;0;0;0;0;0;0;0;1;1;0;0
"10/02/2024";"13:04:00";"235";"Com vítima";"103,410";"BR-116/RJ";"Crescente";"Colisão traseira";1;0;0;0;0;0;0;0;0;1;2;2;0;0;0
"10/02/2024";"13:53:00";"248";"Com vítima";"624,179";"BR-116/MG";"Decrescente";"Choque";1;0;0;0;0;1;0;0;0;0;0;3;0;0;0
"10/02/2024";"14:44:00";"260";"Com vítima";"84,500";"BR-116/RJ";"Crescente";"Saída de pista";1;0;0;0;0;0;0;0;0;0;0;1;0;0;0
"10/02/2024";"14:57:00";"263";"Com vítima";"609,000";"BR-116/MG";"Decrescente";"Colisão transversal";2;0;0;0;0;0;0;0;0;0;0;2;0;0;0
"10/02/2024";"16:20:00";"287";"Com vítima";"494,206";"BR-116/MG";"Decrescente";"Choque";1;0;0;0;0;0;0;0;0;0;0;3;0;0;0
"10/02/2024";"19:16:00";"328";"Com vítima";"478,000";"BR-116/MG";"Decrescente";"Colisão lateral no mesmo sentido";0;0;0;2;0;0;0;0;0;0;1;2;0;0;0
"10/02/2024";"19:40:00";"340";"Sem vítima";"118,200";"BR-116/RJ";"Decrescente";"Queda de moto";0;0;0;1;0;0;0;0;0;0;1;0;0;0;0
"11/02/2024";"00:59:00";"6";"Com vítima";"548,000";"BR-116/MG";"Decrescente";"Queda de moto";0;0;0;1;0;0;0;0;0;0;0;0;1;0;0
"11/02/2024";"02:32:00";"12";"Com vítima";"495,000";"BR-116/MG";"Decrescente";"Queda de moto";0;0;0;1;0;0;0;0;0;0;0;1;0;0;0
"11/02/2024";"03:57:00";"31";"Com vítima";"11,509";"BR-465/RJ";"Crescente";"Colisão lateral em sentido contrário";2;0;0;0;0;0;0;0;0;0;0;4;0;0;0
"11/02/2024";"04:34:00";"41";"Com vítima";"40,934";"BR-116/RJ";"Crescente";"Saída de pista";1;0;0;0;0;0;0;0;0;0;1;0;1;0;0
"11/02/2024";"04:54:00";"48";"Com vítima";"103,000";"BR-116/RJ";"Crescente";"Choque";1;0;0;0;0;0;0;0;0;0;0;1;0;0;0
"11/02/2024";"07:47:00";"93";"Com vítima";"496,965";"BR-116/MG";"Decrescente";"Queda de moto";0;0;0;1;0;0;0;0;0;0;0;0;1;0;0
"11/02/2024";"09:15:00";"124";"Com vítima";"147,000";"BR-116/RJ";"Decrescente";"Colisão frontal";2;0;0;0;0;0;0;0;0;0;0;2;1;0;0
"11/02/2024";"10:27:00";"139";"Sem vítima";"146,000";"BR-116/RJ";"Crescente";"Colisão traseira";1;0;0;0;1;0;0;0;0;0;2;0;0;0;0
"11/02/2024";"12:11:00";"163";"Com vítima";"555,358";"BR-116/MG";"Crescente";"Choque";1;0;0;0;0;0;0;0;0;0;0;1;0;0;0
"11/02/2024";"12:55:00";"179";"Sem vítima";"780,000";"BR-116/MG";"Decrescente";"Saída de pista";1;0;0;0;0;0;0;0;0;0;2;0;0;0;0
"11/02/2024";"14:01:00";"191";"Com vítima";"181,000";"BR-116/RJ";"Decrescente";"Choque";1;0;0;1;0;0;0;0;0;0;0;2;0;1;0
"11/02/2024";"14:11:00";"197";"Com vítima";"83,393";"BR-493/RJ";"Decrescente";"Choque";0;0;1;0;0;0;0;0;0;0;0;2;0;0;0
"11/02/2024";"14:28:00";"204";"Sem vítima";"112,000";"BR-493/RJ";"Crescente";"Queda de moto";0;0;0;1;0;0;0;0;0;0;1;0;0;0;0
"11/02/2024";"14:49:00";"209";"Com vítima";"148,000";"BR-116/RJ";"Crescente";"Colisão lateral no mesmo sentido";1;0;0;1;0;0;0;0;0;0;1;1;0;0;0
"11/02/2024";"15:46:00";"222";"Sem vítima";"5,000";"BR-465/RJ";"Crescente";"Colisão traseira";1;0;0;1;0;0;0;0;0;0;2;0;0;0;0
"11/02/2024";"16:58:00";"233";"Com vítima";"509,102";"BR-116/MG";"Decrescente";"Colisão traseira";2;0;0;0;0;0;0;0;0;0;1;1;0;0;0
"11/02/2024";"18:04:00";"248";"Com vítima";"18,857";"BR-493/RJ";"Decrescente";"Queda de moto";0;0;0;1;0;0;0;0;0;0;0;0;2;0;0
"11/02/2024";"21:32:00";"288";"Com vítima";"4,700";"BR-465/RJ";"Crescente";"Colisão traseira";1;0;0;1;0;0;0;0;0;0;0;2;1;0;0
"11/02/2024";"22:15:00";"298";"Com vítima";"147,980";"BR-116/RJ";"Crescente";"Colisão traseira";1;0;0;1;0;0;0;0;0;0;1;0;1;0;0
"11/02/2024";"22:57:00";"303";"Sem vítima";"606,260";"BR-116/MG";"Crescente";"Saída de pista";1;0;0;0;0;0;0;0;0;0;2;0;0;0;0
"12/02/2024";"00:03:00";"1";"Sem vítima";"815,500";"BR-116/MG";"Decrescente";"Saída de pista";0;0;1;0;0;0;0;0;0;0;1;0;0;0;0
"12/02/2024";"00:36:00";"10";"Com vítima";"105,100";"BR-493/RJ";"Decrescente";"Atropelamento de animal";0;0;0;1;0;0;0;0;0;0;0;2;0;0;0
"12/02/2024";"02:35:00";"40";"Com vítima";"0,346";"BR-493/RJ";"Crescente";"Queda de moto";1;0;0;1;0;0;0;0;0;0;1;0;0;2;0
"12/02/2024";"02:55:00";"47";"Com vítima";"108,189";"BR-116/RJ";"Decrescente";"Colisão transversal";2;0;0;0;0;0;0;0;0;0;0;5;0;0;0
"12/02/2024";"03:00:00";"50";"Com vítima";"136,750";"BR-116/RJ";"Crescente";"Colisão lateral no mesmo sentido";0;0;0;1;0;0;0;0;0;1;1;0;2;0;0
"12/02/2024";"03:00:00";"51";"Com vítima";"34,089";"BR-116/RJ";"Crescente";"Queda de moto";0;0;0;1;0;0;0;0;0;0;0;1;0;0;0
"12/02/2024";"07:14:00";"97";"Com vítima";"180,000";"BR-116/RJ";"Crescente";"Choque";1;0;0;0;0;0;0;0;0;0;0;0;2;0;0
"12/02/2024";"08:06:00";"109";"Sem vítima";"143,049";"BR-116/RJ";"Crescente";"Atropelamento de animal";1;0;0;0;0;0;0;0;0;0;1;0;0;0;0
"12/02/2024";"09:01:00";"127";"Sem vítima";"514,000";"BR-116/MG";"Decrescente";"Colisão traseira";1;0;1;0;0;0;0;0;0;0;2;0;0;0;0
"12/02/2024";"09:51:00";"133";"Com vítima";"772,000";"BR-116/MG";"Crescente";"Colisão traseira";1;0;0;0;0;1;0;0;0;0;1;3;0;0;0
"12/02/2024";"10:08:00";"137";"Sem vítima";"2,300";"BR-116/RJ";"Decrescente";"Atropelamento de pedestre";0;0;0;1;0;0;0;0;0;0;10;0;0;0;0
"12/02/2024";"10:50:00";"148";"Com vítima";"744,000";"BR-116/MG";"Decrescente";"Colisão traseira";0;0;0;1;0;1;0;0;0;0;1;1;0;0;0
"12/02/2024";"18:23:00";"249";"Com vítima";"193,496";"BR-116/RJ";"Decrescente";"Queda de moto";0;0;0;1;0;0;0;0;0;0;0;1;1;0;0
"12/02/2024";"20:01:00";"277";"Com vítima";"529,984";"BR-116/MG";"Decrescente";"Colisão transversal";1;0;0;1;0;0;0;0;0;0;1;1;0;0;0
"12/02/2024";"20:29:00";"282";"Com vítima";"108,998";"BR-116/RJ";"Decrescente";"Colisão lateral em sentido contrário";2;0;0;0;0;0;0;0;0;0;2;2;0;0;0
"13/02/2024";"01:05:00";"40";"Com vítima";"426,468";"BR-116/MG";"Crescente";"Tombamento";0;0;1;0;0;0;0;0;0;0;0;0;1;0;0
"13/02/2024";"01:13:00";"41";"Com vítima";"132,751";"BR-116/RJ";"Crescente";"Choque";1;0;0;0;0;0;0;0;0;0;0;2;0;0;0
"13/02/2024";"04:23:00";"57";"Sem vítima";"687,808";"BR-116/MG";"Decrescente";"Colisão lateral em sentido contrário";1;0;0;0;1;0;0;0;0;0;2;0;0;0;0
"13/02/2024";"04:43:00";"58";"Sem vítima";"18,743";"BR-493/RJ";"Crescente";"Atropelamento de animal";1;0;0;0;0;0;0;0;0;0;1;0;0;0;0
"13/02/2024";"07:23:00";"85";"Com vítima";"183,700";"BR-116/RJ";"Crescente";"Colisão lateral no mesmo sentido";1;0;0;1;0;0;0;0;0;0;0;2;1;0;0
"13/02/2024";"14:29:00";"184";"Com vítima";"105,000";"BR-116/RJ";"Crescente";"Colisão traseira";2;0;0;0;0;0;0;0;0;0;1;1;0;0;0
"13/02/2024";"15:10:00";"192";"Com vítima";"688,620";"BR-116/MG";"Crescente";"Tombamento";0;0;1;0;0;0;0;0;0;0;1;0;1;0;0
"13/02/2024";"17:23:00";"232";"Com vítima";"3,055";"BR-465/RJ";"Crescente";"Colisão transversal";1;0;0;1;0;0;0;0;0;0;1;0;2;0;0
"13/02/2024";"18:15:00";"247";"Com vítima";"141,469";"BR-116/RJ";"Crescente";"Colisão traseira";2;0;0;0;0;0;0;0;0;0;2;2;0;0;0
"13/02/2024";"19:03:00";"258";"Com vítima";"141,300";"BR-116/RJ";"Crescente";"Colisão traseira";2;0;0;0;0;0;0;0;0;0;5;2;0;0;0
"14/02/2024";"06:06:00";"110";"Com vítima";"520,261";"BR-116/MG";"Decrescente";"Colisão traseira";0;1;0;1;0;0;0;0;0;0;0;2;0;0;0
"14/02/2024";"07:56:00";"135";"Com vítima";"75,950";"BR-116/RJ";"Crescente";"Queda de moto";0;0;0;1;0;0;0;0;0;0;0;1;0;0;0
"14/02/2024";"08:13:00";"138";"Com vítima";"185,521";"BR-116/RJ";"Crescente";"Colisão traseira";1;0;0;1;0;0;0;0;0;0;1;0;1;0;0
"14/02/2024";"08:27:00";"141";"Com vítima";"131,492";"BR-116/RJ";"Crescente";"Choque";0;0;1;0;0;0;0;0;0;0;0;2;0;0;1
"14/02/2024";"09:41:00";"156";"Com vítima";"130,125";"BR-116/RJ";"Crescente";"Colisão traseira";1;0;0;0;1;0;0;0;0;0;1;2;0;0;0
"14/02/2024";"10:30:00";"169";"Com vítima";"171,000";"BR-116/RJ";"Decrescente";"Choque";1;0;1;0;0;0;0;0;0;0;0;3;0;0;0
"14/02/2024";"15:10:00";"245";"Com vítima";"86,000";"BR-493/RJ";"Decrescente";"Colisão traseira";2;0;0;0;0;0;0;0;0;0;3;3;0;0;0
"14/02/2024";"17:18:00";"284";"Com vítima";"127,268";"BR-116/RJ";"Decrescente";"Engavetamento";4;0;0;0;0;0;0;0;0;0;1;6;0;0;0
"14/02/2024";"17:31:00";"288";"Com vítima";"776,000";"BR-116/MG";"Decrescente";"Saída de pista";1;0;0;0;0;0;0;0;0;0;0;2;0;0;0
"14/02/2024";"17:55:00";"297";"Sem vítima";"715,882";"BR-116/MG";"Crescente";"Choque";1;0;0;0;0;0;0;0;0;0;1;0;0;0;0
"14/02/2024";"18:57:00";"311";"Com vítima";"0,467";"BR-493/RJ";"Decrescente";"Choque";1;0;0;1;0;0;0;0;0;0;1;1;0;0;0
"14/02/2024";"19:50:00";"320";"Com vítima";"530,000";"BR-116/MG";"Crescente";"Colisão frontal";1;0;0;1;0;0;0;0;0;0;1;1;0;0;0
"14/02/2024";"20:26:00";"327";"Com vítima";"516,900";"BR-116/MG";"Crescente";"Colisão lateral no mesmo sentido";1;0;0;1;0;0;0;0;0;0;1;1;0;0;0