data;horario;n_da_ocorrencia;tipo_de_ocorrencia;km;trecho;sentido;tipo_de_acidente;automovel;bicicleta;caminhao;moto;onibus;outros;tracao_animal;transporte_de_cargas_especiais;trator_maquinas;utilitarios;ilesos;levemente_feridos;moderadamente_feridos;gravemente_feridos;mortos
"26/02/2024";"10:26:00";"212";"Sem vítima";"15,000";"BR-465/RJ";"Crescente";"Colisão lateral no mesmo sentido";2;0;0;0;0;0;0;0;0;0;2;0;0;0;0
"26/02/2024";"12:55:00";"252";"Com vítima";"772,000";"BR-116/MG";"Decrescente";"Colisão lateral em sentido contrário";2;0;0;0;0;0;0;0;0;0;0;3;0;0;0
"26/02/2024";"14:54:00";"276";"Sem vítima";"181,000";"BR-116/RJ";"Crescente";"Colisão lateral no mesmo sentido";1;0;0;0;0;1;0;0;0;0;2;0;0;0;0
"26/02/2024";"16:24:00";"294";"Sem vítima";"13,000";"BR-493/RJ";"Crescente";"Colisão lateral no mesmo sentido";1;0;1;0;0;0;0;0;0;0;2;0;0;0;0
"26/02/2024";"22:22:00";"359";"Com vítima";"524,688";"BR-116/MG";"Crescente";"Colisão frontal";1;0;0;1;0;1;0;0;0;0;1;1;1;0;0
"27/02/2024";"04:49:00";"125";"Com vítima";"209,435";"BR-116/RJ";"Crescente";"Queda de moto";0;0;0;1;0;0;0;0;0;0;0;0;1;0;0
"27/02/2024";"05:32:00";"130";"Com vítima";"590,112";"BR-116/MG";"Crescente";"Saída de pista";0;0;0;0;0;1;0;0;0;0;0;0;1;0;0
"27/02/2024";"05:59:00";"135";"Com vítima";"185,047";"BR-116/RJ";"Decrescente";"Engavetamento";3;0;0;0;0;0;0;0;0;1;6;1;0;0;0
"27/02/2024";"07:58:00";"159";"Com vítima";"20,000";"BR-493/RJ";"Decrescente";"Colisão lateral no mesmo sentido";1;0;0;1;0;0;0;0;0;0;0;3;0;0;0
"27/02/2024";"08:05:00";"160";"Com vítima";"691,000";"BR-116/MG";"Decrescente";"Atropelamento de animal";0;0;0;1;0;0;0;0;0;0;0;1;0;0;0
"27/02/2024";"08:07:00";"161";"Com vítima";"180,000";"BR-116/RJ";"Crescente";"Colisão traseira";1;0;0;1;0;0;0;0;0;0;1;0;0;1;0
"27/02/2024";"13:13:00";"225";"Com vítima";"580,554";"BR-116/MG";"Decrescente";"Tombamento";0;0;0;0;0;1;0;0;0;0;0;0;0;0;2
"27/02/2024";"14:33:00";"241";"Com vítima";"2,000";"BR-465/RJ";"Crescente";"Colisão transversal";0;0;0;2;0;0;0;0;0;0;1;0;1;0;0
"27/02/2024";"15:54:00";"256";"Sem vítima";"98,000";"BR-116/RJ";"Decrescente";"Choque";1;0;0;0;0;0;0;0;0;0;1;0;0;0;0
"27/02/2024";"16:45:00";"273";"Com vítima";"196,000";"BR-116/RJ";"Decrescente";"Atropelamento de pedestre";0;0;0;0;0;1;0;0;0;0;2;0;9;0;0
"27/02/2024";"16:58:00";"280";"Com vítima";"171,000";"BR-116/RJ";"Crescente";"Colisão traseira";0;0;0;1;0;1;0;0;0;0;1;1;0;0;0
"28/02/2024";"01:31:00";"56";"Sem vítima";"212,926";"BR-116/RJ";"Crescente";"Colisão traseira";0;0;0;0;1;1;0;0;0;0;2;0;0;0;0
"28/02/2024";"06:56:00";"122";"Com vítima";"7,104";"BR-493/RJ";"Decrescente";"Colisão traseira";0;0;0;0;0;2;0;0;0;0;1;1;0;0;0
"28/02/2024";"06:57:00";"123";"Com vítima";"174,563";"BR-116/RJ";"Decrescente";"Colisão traseira";2;0;0;1;0;0;0;0;0;0;0;4;0;0;0
"28/02/2024";"09:07:00";"148";"Com vítima";"678,000";"BR-116/MG";"Decrescente";"Colisão traseira";1;0;0;1;0;0;0;0;0;0;1;1;0;0;0
"28/02/2024";"09:24:00";"154";"Com vítima";"530,000";"BR-116/MG";"Crescente";"Colisão lateral no mesmo sentido";2;0;0;0;0;0;0;0;0;0;0;2;0;0;0
"28/02/2024";"11:36:00";"189";"Com vítima";"23,000";"BR-493/RJ";"Crescente";"Colisão traseira";1;0;0;0;0;1;0;0;0;0;1;1;0;0;0
"28/02/2024";"13:37:00";"222";"Com vítima";"132,911";"BR-116/RJ";"Crescente";"Colisão traseira";1;0;0;0;0;0;0;0;0;0;0;2;2;1;0
"28/02/2024";"15:01:00";"241";"Com vítima";"0,035";"BR-493/RJ";"Decrescente";"Colisão traseira";0;0;1;0;0;1;0;0;0;0;1;1;0;0;0
"28/02/2024";"16:02:00";"254";"Sem vítima";"212,900";"BR-116/RJ";"Crescente";"Colisão traseira";0;0;1;0;0;1;0;0;0;0;2;0;0;0;0
"28/02/2024";"18:51:00";"285";"Com vítima";"190,903";"BR-116/RJ";"Crescente";"Colisão traseira";1;0;0;1;0;0;0;0;0;0;0;1;1;0;0
"28/02/2024";"19:47:00";"295";"Com vítima";"533,083";"BR-116/MG";"Crescente";"Colisão traseira";1;0;0;0;0;1;0;0;0;0;1;1;0;0;0
"28/02/2024";"23:54:00";"325";"Com vítima";"503,000";"BR-116/MG";"Crescente";"Queda de moto";0;0;0;1;0;0;0;0;0;0;0;1;0;0;0
"29/02/2024";"08:33:00";"150";"Com vítima";"192,000";"BR-116/RJ";"Crescente";"Queda de moto";0;0;0;1;0;0;0;0;0;0;0;2;0;0;0
"29/02/2024";"08:49:00";"157";"Com vítima";"127,000";"BR-116/RJ";"Crescente";"Colisão lateral no mesmo sentido";1;0;0;0;0;1;0;0;0;0;0;2;0;0;0
"29/02/2024";"09:01:00";"160";"Com vítima";"178,000";"BR-116/RJ";"Decrescente";"Colisão traseira";0;0;1;1;0;0;0;0;0;0;1;0;1;0;0
"29/02/2024";"11:16:00";"193";"Com vítima";"17,908";"BR-465/RJ";"Crescente";"Colisão traseira";0;0;0;2;0;0;0;0;0;0;1;0;1;0;0
"29/02/2024";"12:06:00";"207";"Sem vítima";"182,000";"BR-116/RJ";"Crescente";"Colisão lateral no mesmo sentido";1;0;1;0;0;0;0;0;0;0;2;0;0;0;0
"29/02/2024";"13:28:00";"233";"Com vítima";"58,000";"BR-116/RJ";"Decrescente";"Colisão transversal";1;0;0;0;1;0;0;0;0;0;0;5;0;0;0
"29/02/2024";"16:17:00";"272";"Com vítima";"142,328";"BR-116/RJ";"Decrescente";"Colisão lateral no mesmo sentido";1;0;1;0;0;0;0;0;0;0;0;2;0;0;0
"29/02/2024";"17:24:00";"289";"Sem vítima";"186,000";"BR-116/RJ";"Decrescente";"Colisão traseira";0;0;0;2;0;0;0;0;0;0;4;0;0;0;0
"29/02/2024";"17:50:00";"292";"Sem vítima";"116,979";"BR-493/RJ";"Decrescente";"Queda de moto";0;0;0;1;0;0;0;0;0;0;1;0;0;0;0
"29/02/2024";"21:38:00";"341";"Com vítima";"646,840";"BR-116/MG";"Decrescente";"Colisão frontal";2;0;0;0;0;0;0;0;0;0;0;2;1;0;0
"29/02/2024";"22:13:00";"344";"Sem vítima";"179,000";"BR-116/RJ";"Decrescente";"Colisão traseira";2;0;0;0;0;0;0;0;0;0;2;0;0;0;0
"01/03/2024";"01:55:00";"83";"Sem vítima";"448,466";"BR-116/MG";"Decrescente";"Choque";1;0;0;0;0;0;0;0;0;0;2;0;0;0;0
"01/03/2024";"05:53:00";"119";"Sem vítima";"188,000";"BR-116/RJ";"Crescente";"Choque";1;0;0;0;0;0;0;0;0;0;1;0;0;0;0
"01/03/2024";"06:56:00";"130";"Com vítima";"640,800";"BR-116/MG";"Decrescente";"Colisão traseira";1;0;0;0;0;1;0;0;0;0;1;2;0;0;0
"01/03/2024";"07:03:00";"133";"Sem vítima";"22,000";"BR-465/RJ";"Decrescente";"Colisão traseira";1;0;0;0;1;0;0;0;0;0;2;0;0;0;0
"01/03/2024";"07:37:00";"137";"Com vítima";"411,000";"BR-116/MG";"Crescente";"Colisão traseira";1;0;0;0;1;0;0;0;0;0;0;3;0;0;0
"01/03/2024";"12:20:00";"210";"Com vítima";"98,223";"BR-493/RJ";"Crescente";"Atropelamento de ciclista";1;1;0;0;0;0;0;0;0;0;0;2;0;0;1
"01/03/2024";"14:09:00";"234";"Com vítima";"635,000";"BR-116/MG";"Decrescente";"Colisão transversal";2;0;0;0;0;0;0;0;0;0;1;4;0;1;0
"01/03/2024";"16:33:00";"283";"Com vítima";"509,000";"BR-116/MG";"Decrescente";"Colisão transversal";0;1;0;1;0;0;0;0;0;0;1;0;0;0;0
"01/03/2024";"16:52:00";"289";"Sem vítima";"51,000";"BR-493/RJ";"Crescente";"Colisão traseira";1;0;0;0;0;1;0;0;0;0;2;0;0;0;0
"01/03/2024";"17:47:00";"307";"Com vítima";"413,192";"BR-116/MG";"Decrescente";"Colisão traseira";1;0;1;1;0;0;0;0;0;0;1;1;0;0;1
"01/03/2024";"18:34:00";"313";"Com vítima";"490,910";"BR-116/MG";"Crescente";"Colisão frontal";1;0;1;0;0;0;0;0;0;0;1;0;1;1;0
"01/03/2024";"19:06:00";"326";"Com vítima";"716,761";"BR-116/MG";"Decrescente";"Capotamento";1;0;0;0;0;0;0;0;0;0;0;1;0;0;0
"01/03/2024";"19:35:00";"331";"Com vítima";"63,688";"BR-493/RJ";"Crescente";"Saída de pista";0;0;0;0;0;1;0;0;0;0;0;1;0;0;0
"01/03/2024";"20:49:00";"349";"Sem vítima";"571,066";"BR-116/MG";"Crescente";"Choque";1;0;0;0;0;0;0;0;0;0;1;0;0;0;0
"01/03/2024";"22:17:00";"371";"Com vítima";"424,908";"BR-116/MG";"Decrescente";"Atropelamento de pedestre";0;0;0;0;0;1;0;0;0;0;2;0;0;0;9
"02/03/2024";"05:28:00";"77";"Com vítima";"174,000";"BR-116/RJ";"Crescente";"Choque";1;0;0;0;0;0;0;0;0;0;0;3;0;0;0
"02/03/2024";"06:48:00";"91";"Com vítima";"758,000";"BR-116/MG";"Decrescente";"Saída de pista";1;0;0;0;0;0;0;0;0;0;0;1;0;0;0
"02/03/2024";"07:43:00";"100";"Sem vítima";"13,000";"BR-116/RJ";"Crescente";"Colisão traseira";1;0;1;0;0;0;0;0;0;0;2;0;0;0;0
"02/03/2024";"08:40:00";"118";"Com vítima";"31,000";"BR-116/RJ";"Decrescente";"Colisão traseira";2;0;0;0;0;0;0;0;0;0;0;4;0;0;0
"02/03/2024";"09:22:00";"130";"Com vítima";"147,808";"BR-116/RJ";"Decrescente";"Colisão lateral no mesmo sentido";1;0;0;0;0;1;0;0;0;1;0;8;0;0;0
"02/03/2024";"09:40:00";"135";"Com vítima";"147,990";"BR-116/RJ";"Decrescente";"Colisão lateral no mesmo sentido";1;0;0;0;0;1;0;0;0;0;1;1;0;0;0
"02/03/2024";"10:23:00";"137";"Com vítima";"496,000";"BR-116/MG";"Decrescente";"Colisão transversal";0;0;0;1;0;0;0;0;0;1;0;1;0;1;0
"02/03/2024";"10:39:00";"140";"Com vítima";"750,000";"BR-116/MG";"Crescente";"Saída de pista";1;0;0;0;0;0;0;0;0;0;0;2;0;0;0
"02/03/2024";"11:54:00";"159";"Com vítima";"26,000";"BR-116/RJ";"Crescente";"Choque";1;0;0;0;0;0;0;0;0;0;0;1;0;0;0
"02/03/2024";"12:14:00";"164";"Com vítima";"414,000";"BR-116/MG";"Crescente";"Queda de bicicleta";0;1;0;0;0;0;0;0;0;0;0;0;0;0;0
"02/03/2024";"14:12:00";"192";"Com vítima";"555,000";"BR-116/MG";"Crescente";"Capotamento";1;0;0;0;0;0;0;0;0;0;0;0;1;0;0
"02/03/2024";"15:41:00";"212";"Com vítima";"181,000";"BR-116/RJ";"Crescente";"Colisão lateral em sentido contrário";1;0;0;1;0;0;0;0;0;0;0;1;1;0;0
"02/03/2024";"16:32:00";"221";"Sem vítima";"20,000";"BR-465/RJ";"Crescente";"Colisão lateral no mesmo sentido";1;0;0;1;0;0;0;0;0;0;2;0;0;0;0
"02/03/2024";"17:57:00";"234";"Sem vítima";"190,434";"BR-116/RJ";"Crescente";"Choque";1;0;0;0;0;0;0;0;0;0;1;0;0;0;0
"02/03/2024";"18:02:00";"235";"Com vítima";"68,619";"BR-116/RJ";"Crescente";"Choque";0;0;0;1;0;0;0;0;0;0;0;0;1;0;0
"02/03/2024";"18:52:00";"243";"Com vítima";"96,226";"BR-493/RJ";"Decrescente";"Capotamento";1;0;0;0;0;0;0;0;0;0;0;3;0;0;0
"02/03/2024";"19:02:00";"246";"Com vítima";"170,976";"BR-116/RJ";"Decrescente";"Colisão traseira";2;0;1;0;0;0;0;0;0;0;1;3;0;1;0
"02/03/2024";"19:59:00";"256";"Com vítima";"17,908";"BR-465/RJ";"Decrescente";"Colisão transversal";1;0;0;1;0;0;0;0;0;0;1;1;0;0;0
"02/03/2024";"20:29:00";"259";"Com vítima";"752,266";"BR-116/MG";"Decrescente";"Colisão transversal";2;0;0;0;0;0;0;0;0;0;2;0;0;1;0
"02/03/2024";"21:06:00";"265";"Sem vítima";"76,023";"BR-116/RJ";"Decrescente";"Choque";1;0;0;0;0;0;0;0;0;0;1;0;0;0;0
"02/03/2024";"22:43:00";"276";"Sem vítima";"673,159";"BR-116/MG";"Decrescente";"Capotamento";1;0;0;0;0;0;0;0;0;0;1;0;0;0;0
"02/03/2024";"23:15:00";"280";"Com vítima";"592,448";"BR-116/MG";"Crescente";"Capotamento";1;0;0;0;0;0;0;0;0;0;0;0;1;0;0
"03/03/2024";"02:41:00";"21";"Com vítima";"63,000";"BR-493/RJ";"Decrescente";"Acidentes de outra natureza";1;0;0;0;0;0;0;0;0;0;0;1;0;0;0
"03/03/2024";"04:04:00";"27";"Com vítima";"3,207";"BR-493/RJ";"Crescente";"Choque";1;0;0;0;0;0;0;0;0;0;0;1;0;0;0
"03/03/2024";"06:27:00";"38";"Sem vítima";"663,000";"BR-116/MG";"Decrescente";"Choque";0;0;0;0;0;1;0;0;0;0;1;0;0;0;0
"03/03/2024";"07:46:00";"49";"Sem vítima";"1,000";"BR-465/RJ";"Crescente";"Queda de moto";0;0;0;1;0;0;0;0;0;0;1;0;0;0;0
"03/03/2024";"08:33:00";"60";"Com vítima";"173,800";"BR-116/RJ";"Crescente";"Queda de moto";0;0;0;1;0;0;0;0;0;0;0;1;0;0;0
"03/03/2024";"15:56:00";"137";"Sem vítima";"9,400";"BR-465/RJ";"Decrescente";"Saída de pista";1;0;0;0;0;0;0;0;0;0;1;0;0;0;0
"03/03/2024";"16:43:00";"154";"Com vítima";"616,000";"BR-116/MG";"Decrescente";"Colisão traseira";1;0;0;0;0;1;0;0;0;0;1;1;0;0;0
"03/03/2024";"16:48:00";"156";"Sem vítima";"112,000";"BR-493/RJ";"Crescente";"Colisão traseira";1;0;0;0;0;0;0;0;0;0;1;0;0;0;0
"03/03/2024";"17:08:00";"159";"Com vítima";"418,000";"BR-116/MG";"Decrescente";"Colisão traseira";2;0;0;0;0;0;0;0;0;0;1;1;0;0;0
"03/03/2024";"18:35:00";"188";"Sem vítima";"713,554";"BR-116/MG";"Crescente";"Choque";0;0;0;0;0;1;0;0;0;0;1;0;0;0;0
"03/03/2024";"20:19:00";"203";"Com vítima";"82,710";"BR-116/RJ";"Decrescente";"Colisão transversal";1;0;0;1;0;0;0;0;0;0;2;1;1;0;0
"03/03/2024";"21:03:00";"207";"Com vítima";"190,951";"BR-116/RJ";"Decrescente";"Colisão traseira";1;0;0;0;0;1;0;0;0;0;1;3;0;0;0
"03/03/2024";"21:50:00";"216";"Com vítima";"415,667";"BR-116/MG";"Crescente";"Choque";0;0;1;1;0;0;0;0;0;0;1;0;0;1;0
"03/03/2024";"22:01:00";"217";"Com vítima";"189,238";"BR-116/RJ";"Decrescente";"Colisão traseira";2;0;0;0;0;1;0;0;0;0;6;2;0;0;0
"04/03/2024";"05:34:00";"22";"Com vítima";"95,415";"BR-493/RJ";"Decrescente";"Queda de moto";0;0;0;1;0;0;0;0;0;0;0;1;0;0;0
"04/03/2024";"06:31:00";"30";"Com vítima";"509,000";"BR-116/MG";"Crescente";"Atropelamento de ciclista";1;1;0;0;0;0;0;0;0;0;0;1;1;0;0
"04/03/2024";"09:19:00";"78";"Com vítima";"186,193";"BR-116/RJ";"Decrescente";"Queda de moto";1;0;0;2;0;0;0;0;0;0;0;4;0;0;0
"04/03/2024";"09:30:00";"85";"Sem vítima";"142,000";"BR-116/RJ";"Crescente";"Colisão traseira";1;0;0;0;0;0;0;0;0;1;2;0;0;0;0
"04/03/2024";"10:13:00";"100";"Com vítima";"202,533";"BR-116/RJ";"Crescente";"Queda de moto";0;0;0;1;0;0;0;0;0;0;0;1;1;0;0
"04/03/2024";"11:24:00";"121";"Com vítima";"454,000";"BR-116/MG";"Decrescente";"Colisão lateral no mesmo sentido";0;0;0;1;0;0;0;0;0;1;1;0;1;0;0
"04/03/2024";"11:32:00";"127";"Com vítima";"42,000";"BR-116/RJ";"Crescente";"Colisão traseira";1;0;0;1;0;0;0;0;0;0;0;1;2;0;0
"04/03/2024";"16:55:00";"203";"Sem vítima";"131,000";"BR-116/RJ";"Decrescente";"Choque";1;0;0;0;0;0;0;0;0;0;1;0;0;0;0
"04/03/2024";"19:00:00";"227";"Sem vítima";"200,000";"BR-116/RJ";"Decrescente";"Colisão lateral no mesmo sentido";0;0;2;0;0;0;0;0;0;0;2;0;0;0;0
"04/03/2024";"19:32:00";"232";"Com vítima";"212,000";"BR-116/RJ";"Decrescente";"Atropelamento de ciclista";0;1;0;1;0;0;0;0;0;0;0;0;1;0;0
"04/03/2024";"21:55:00";"251";"Com vítima";"408,716";"BR-116/MG";"Decrescente";"Queda de moto";0;0;0;1;0;0;0;0;0;0;0;1;0;0;0
"04/03/2024";"22:31:00";"257";"Com vítima";"178,353";"BR-116/RJ";"Crescente";"Colisão lateral no mesmo sentido";1;0;0;1;0;0;0;0;0;0;2;1;0;0;0
"05/03/2024";"07:37:00";"159";"Com vítima";"171,000";"BR-116/RJ";"Decrescente";"Colisão lateral no mesmo sentido";1;0;1;0;0;0;0;0;0;0;1;1;0;0;0
"05/03/2024";"14:56:00";"274";"Com vítima";"94,000";"BR-116/RJ";"Decrescente";"Engavetamento";3;0;0;0;0;0;0;0;0;0;0;5;1;0;0
"05/03/2024";"15:01:00";"276";"Com vítima";"136,000";"BR-116/RJ";"Crescente";"Queda de moto";0;0;0;1;0;0;0;0;0;0;0;0;1;0;0
"05/03/2024";"15:31:00";"283";"Sem vítima";"522,000";"BR-116/MG";"Crescente";"Colisão lateral no mesmo sentido";2;0;0;0;0;0;0;0;0;0;2;0;0;0;0
"05/03/2024";"16:59:00";"310";"Com vítima";"18,000";"BR-465/RJ";"Decrescente";"Colisão lateral no mesmo sentido";0;0;0;1;0;1;0;0;0;0;0;2;0;1;0
"05/03/2024";"18:32:00";"332";"Com vítima";"701,061";"BR-116/MG";"Decrescente";"Colisão transversal";1;0;0;1;0;0;0;0;0;0;1;0;1;0;0
"05/03/2024";"19:42:00";"344";"Com vítima";"177,000";"BR-116/RJ";"Crescente";"Queda de moto";0;0;0;1;0;0;0;0;0;0;0;1;0;0;0
"05/03/2024";"19:50:00";"347";"Sem vítima";"19,765";"BR-493/RJ";"Decrescente";"Colisão traseira";2;0;0;0;0;0;0;0;0;0;2;0;0;0;0
"05/03/2024";"20:03:00";"350";"Sem vítima";"180,000";"BR-116/RJ";"Decrescente";"Choque";1;0;0;0;0;0;0;0;0;0;1;0;0;0;0
"05/03/2024";"20:17:00";"352";"Sem vítima";"108,000";"BR-493/RJ";"Decrescente";"Saída de pista";1;0;0;0;0;0;0;0;0;0;1;0;0;0;0
"05/03/2024";"20:29:00";"353";"Com vítima";"17,386";"BR-493/RJ";"Decrescente";"Saída de pista";1;0;0;0;0;0;0;0;0;0;0;1;0;0;0
"05/03/2024";"21:07:00";"358";"Sem vítima";"212,000";"BR-116/RJ";"Decrescente";"Colisão traseira";1;0;0;0;0;1;0;0;0;0;2;0;0;0;0
"05/03/2024";"21:18:00";"359";"Sem vítima";"52,304";"BR-493/RJ";"Crescente";"Saída de pista";1;0;0;0;0;0;0;0;0;0;1;0;0;0;0
"05/03/2024";"22:40:00";"367";"Com vítima";"176,000";"BR-116/RJ";"Crescente";"Colisão lateral no mesmo sentido";1;0;0;0;1;0;0;0;0;0;1;2;0;0;0
"06/03/2024";"01:33:00";"61";"Sem vítima";"93,000";"BR-116/RJ";"Decrescente";"Choque";1;0;0;0;0;0;0;0;0;0;1;0;0;0;0
"06/03/2024";"06:14:00";"162";"Sem vítima";"106,880";"BR-493/RJ";"Crescente";"Tombamento";0;0;0;0;0;1;0;0;0;0;1;0;0;0;0
"06/03/2024";"09:10:00";"209";"Com vítima";"99,000";"BR-116/RJ";"Crescente";"Colisão lateral em sentido contrário";2;0;0;0;0;0;0;0;0;0;0;5;0;0;0
"06/03/2024";"09:23:00";"216";"Sem vítima";"176,000";"BR-116/RJ";"Decrescente";"Queda de moto";0;0;0;1;0;0;0;0;0;0;2;0;0;0;0
"06/03/2024";"12:30:00";"251";"Sem vítima";"182,000";"BR-116/RJ";"Crescente";"Engavetamento";3;0;0;0;0;0;0;0;0;0;3;0;0;0;0
"06/03/2024";"13:04:00";"261";"Com vítima";"21,000";"BR-465/RJ";"Crescente";"Colisão lateral no mesmo sentido";1;0;0;1;0;0;0;0;0;0;1;1;0;0;0
"06/03/2024";"13:28:00";"267";"Com vítima";"183,000";"BR-116/RJ";"Crescente";"Queda de moto";0;0;0;1;0;0;0;0;0;0;0;2;0;0;0
"06/03/2024";"14:30:00";"273";"Com vítima";"547,000";"BR-116/MG";"Decrescente";"Choque";1;0;0;0;0;0;0;0;0;0;0;4;0;0;0
"06/03/2024";"15:11:00";"281";"Com vítima";"143,600";"BR-116/RJ";"Decrescente";"Queda de moto";1;0;0;0;0;0;0;0;0;0;0;1;1;0;0
"06/03/2024";"16:16:00";"293";"Com vítima";"111,000";"BR-493/RJ";"Crescente";"Capotamento";1;0;0;0;0;0;0;0;0;0;4;2;0;0;0
"06/03/2024";"16:26:00";"297";"Com vítima";"549,000";"BR-116/MG";"Decrescente";"Colisão frontal";1;0;0;1;0;0;0;0;0;0;0;2;0;0;0
"06/03/2024";"19:28:00";"336";"Com vítima";"547,924";"BR-116/MG";"Decrescente";"Colisão traseira";1;0;0;1;0;0;0;0;0;0;1;0;1;0;0
"06/03/2024";"19:59:00";"342";"Com vítima";"180,000";"BR-116/RJ";"Crescente";"Engavetamento";4;0;0;0;0;0;0;0;0;0;5;2;0;0;0
"06/03/2024";"20:00:00";"343";"Com vítima";"179,744";"BR-116/RJ";"Crescente";"Queda de moto";0;0;0;1;0;0;0;0;0;0;0;1;0;0;0
"06/03/2024";"20:02:00";"344";"Sem vítima";"554,638";"BR-116/MG";"Decrescente";"Choque";1;0;0;0;0;1;0;0;0;0;3;0;0;0;0
"06/03/2024";"20:02:00";"345";"Com vítima";"75,140";"BR-116/RJ";"Crescente";"Colisão lateral em sentido contrário";3;0;0;0;0;0;0;0;0;0;2;2;0;0;0
"06/03/2024";"20:09:00";"347";"Com vítima";"214,000";"BR-116/RJ";"Crescente";"Atropelamento de pedestre";0;0;0;0;0;1;0;0;0;0;2;0;0;9;0
"07/03/2024";"02:19:00";"31";"Sem vítima";"68,104";"BR-493/RJ";"Decrescente";"Acidentes de outra natureza";1;0;0;0;0;0;0;0;0;0;2;0;0;0;0
"07/03/2024";"05:01:00";"129";"Sem vítima";"95,940";"BR-493/RJ";"Crescente";"Tombamento";0;0;0;0;0;1;0;0;0;0;1;0;0;0;0
"07/03/2024";"06:56:00";"140";"Com vítima";"190,000";"BR-116/RJ";"Crescente";"Atropelamento de pedestre";0;0;0;1;0;0;0;0;0;0;1;1;0;0;0
"07/03/2024";"08:23:00";"164";"Com vítima";"417,000";"BR-116/MG";"Crescente";"Colisão traseira";0;0;0;1;0;0;0;0;0;1;1;1;0;0;0
"07/03/2024";"10:13:00";"196";"Com vítima";"170,000";"BR-116/RJ";"Decrescente";"Colisão lateral no mesmo sentido";1;0;0;1;0;0;0;0;0;0;1;0;1;0;0
"07/03/2024";"10:19:00";"197";"Com vítima";"184,400";"BR-116/RJ";"Crescente";"Colisão lateral no mesmo sentido";1;0;0;1;0;0;0;0;0;0;0;2;0;0;0
"07/03/2024";"13:58:00";"236";"Sem vítima";"97,877";"BR-116/RJ";"Crescente";"Choque";1;0;0;0;0;0;0;0;0;0;1;0;0;0;0
"07/03/2024";"15:55:00";"265";"Com vítima";"205,000";"BR-116/RJ";"Crescente";"Colisão traseira";0;0;1;0;1;0;0;0;0;0;1;1;0;0;0
"07/03/2024";"17:02:00";"279";"Sem vítima";"58,417";"BR-493/RJ";"Decrescente";"Choque";1;0;0;0;0;0;0;0;0;0;1;0;0;0;0
"07/03/2024";"20:01:00";"321";"Com vítima";"641,456";"BR-116/MG";"Decrescente";"Colisão lateral em sentido contrário";1;0;1;0;0;0;0;0;0;0;1;0;1;0;0
"07/03/2024";"23:04:00";"348";"Com vítima";"19,800";"BR-465/RJ";"Crescente";"Colisão transversal";2;0;0;0;0;0;0;0;0;0;2;3;1;0;0
"07/03/2024";"23:17:00";"349";"Sem vítima";"539,579";"BR-116/MG";"Crescente";"Colisão lateral em sentido contrário";1;0;0;0;1;0;0;0;0;0;2;0;0;0;0
"08/03/2024";"02:42:00";"21";"Com vítima";"128,303";"BR-116/RJ";"Crescente";"Capotamento";1;0;0;0;0;0;0;0;0;0;0;0;1;0;0
"08/03/2024";"04:00:00";"43";"Sem vítima";"145,791";"BR-116/RJ";"Decrescente";"Atropelamento de animal";2;0;0;0;0;0;0;0;0;0;2;0;0;0;0
"08/03/2024";"07:08:00";"120";"Com vítima";"21,268";"BR-493/RJ";"Decrescente";"Queda de moto";0;0;0;1;0;0;0;0;0;0;0;1;0;0;0
"08/03/2024";"09:15:00";"158";"Com vítima";"199,000";"BR-116/RJ";"Crescente";"Colisão lateral no mesmo sentido";1;0;0;1;0;0;0;0;0;0;0;2;0;0;0
"08/03/2024";"10:47:00";"190";"Com vítima";"108,200";"BR-116/RJ";"Crescente";"Colisão lateral no mesmo sentido";2;0;0;0;0;0;0;0;0;0;1;2;0;0;0
"08/03/2024";"11:43:00";"203";"Com vítima";"12,500";"BR-465/RJ";"Decrescente";"Colisão lateral em sentido contrário";0;0;0;1;0;1;0;0;0;0;0;1;0;0;1
"08/03/2024";"13:28:00";"230";"Com vítima";"546,000";"BR-116/MG";"Decrescente";"Choque";1;0;0;0;0;0;0;0;0;0;0;3;0;0;0
"08/03/2024";"14:36:00";"248";"Com vítima";"667,000";"BR-116/MG";"Crescente";"Choque";1;0;0;0;0;0;0;0;0;0;0;1;0;0;0
"08/03/2024";"15:41:00";"270";"Com vítima";"20,430";"BR-493/RJ";"Decrescente";"Engavetamento";1;0;3;0;0;1;0;0;0;0;2;4;0;0;0
"08/03/2024";"16:23:00";"283";"Com vítima";"511,000";"BR-116/MG";"Crescente";"Colisão traseira";2;0;0;0;0;0;0;0;0;0;0;2;0;0;0