data;horario;n_da_ocorrencia;tipo_de_ocorrencia;km;trecho;sentido;tipo_de_acidente;automovel;bicicleta;caminhao;moto;onibus;outros;tracao_animal;transporte_de_cargas_especiais;trator_maquinas;utilitarios;ilesos;levemente_feridos;moderadamente_feridos;gravemente_feridos;mortos
"08/03/2024";"16:36:00";"288";"Com vítima";"126,209";"BR-116/RJ";"Crescente";"Saída de pista";1;0;0;0;0;0;0;0;0;0;0;1;0;0;0
"08/03/2024";"17:44:00";"302";"Com vítima";"183,000";"BR-116/RJ";"Crescente";"Colisão lateral no mesmo sentido";1;0;0;1;0;0;0;0;0;0;2;2;0;0;0
"08/03/2024";"17:47:00";"303";"Com vítima";"14,500";"BR-465/RJ";"Crescente";"Atropelamento de pedestre";1;0;0;1;0;0;0;0;0;0;0;2;2;0;0
"08/03/2024";"19:28:00";"326";"Com vítima";"181,000";"BR-116/RJ";"Crescente";"Colisão lateral no mesmo sentido";1;0;0;1;0;0;0;0;0;0;1;1;0;0;0
"08/03/2024";"23:45:00";"375";"Com vítima";"544,786";"BR-116/MG";"Crescente";"Queda de moto";0;0;0;1;0;0;0;0;0;0;0;1;0;0;0
"08/03/2024";"23:55:00";"378";"Sem vítima";"49,000";"BR-493/RJ";"Decrescente";"Choque";1;0;0;0;0;0;0;0;0;0;1;0;0;0;0
"09/03/2024";"06:08:00";"117";"Com vítima";"206,000";"BR-116/RJ";"Crescente";"Saída de pista";1;0;0;0;0;0;0;0;0;0;0;1;0;0;0
"09/03/2024";"08:09:00";"140";"Com vítima";"614,525";"BR-116/MG";"Decrescente";"Colisão lateral no mesmo sentido";2;0;0;0;0;0;0;0;0;0;0;0;3;2;0
"09/03/2024";"08:40:00";"143";"Com vítima";"765,000";"BR-116/MG";"Decrescente";"Colisão frontal";1;0;0;1;0;0;0;0;0;0;0;1;1;0;0
"09/03/2024";"12:09:00";"191";"Com vítima";"19,700";"BR-465/RJ";"Decrescente";"Colisão lateral no mesmo sentido";1;0;0;1;0;0;0;0;0;0;0;2;1;0;0
"09/03/2024";"13:16:00";"202";"Com vítima";"21,000";"BR-465/RJ";"Decrescente";"Colisão lateral no mesmo sentido";1;0;0;1;0;0;0;0;0;0;1;2;0;0;0
"09/03/2024";"16:04:00";"243";"Com vítima";"184,700";"BR-116/RJ";"Decrescente";"Colisão traseira";1;0;0;1;0;0;0;0;0;0;1;1;0;0;0
"09/03/2024";"19:42:00";"287";"Com vítima";"21,000";"BR-465/RJ";"Decrescente";"Atropelamento de ciclista";0;1;0;0;0;1;0;0;0;0;1;0;0;0;0
"09/03/2024";"20:42:00";"295";"Com vítima";"203,000";"BR-116/RJ";"Crescente";"Capotamento";0;0;0;0;0;0;0;0;0;1;0;2;0;0;0
"09/03/2024";"21:54:00";"304";"Com vítima";"130,000";"BR-116/RJ";"Decrescente";"Choque";1;0;0;0;0;0;0;0;0;0;0;1;0;0;0
"09/03/2024";"23:50:00";"320";"Com vítima";"702,508";"BR-116/MG";"Decrescente";"Colisão frontal";1;0;0;1;0;0;0;0;0;0;1;1;0;0;0
"10/03/2024";"01:04:00";"26";"Com vítima";"173,000";"BR-116/RJ";"Crescente";"Colisão traseira";1;0;0;1;0;0;0;0;0;0;0;1;1;0;0
"10/03/2024";"09:20:00";"84";"Com vítima";"420,830";"BR-116/MG";"Crescente";"Colisão frontal";0;1;0;1;0;0;0;0;0;0;0;0;1;1;0
"10/03/2024";"13:53:00";"129";"Com vítima";"519,000";"BR-116/MG";"Crescente";"Choque";1;0;0;0;0;0;0;0;0;0;0;1;0;0;0
"10/03/2024";"14:21:00";"134";"Com vítima";"98,000";"BR-493/RJ";"Crescente";"Saída de pista";1;0;0;0;0;0;0;0;0;0;0;1;0;0;0
"10/03/2024";"15:15:00";"146";"Com vítima";"728,557";"BR-116/MG";"Crescente";"Choque";0;0;0;1;0;0;0;0;0;0;0;0;0;0;1
"10/03/2024";"17:21:00";"183";"Com vítima";"188,000";"BR-116/RJ";"Decrescente";"Colisão traseira";1;0;0;0;0;0;0;0;0;1;0;2;0;0;0
"10/03/2024";"17:39:00";"187";"Com vítima";"76,850";"BR-116/RJ";"Decrescente";"Colisão traseira";1;0;0;0;0;1;0;0;0;0;1;1;1;0;0
"10/03/2024";"17:56:00";"193";"Com vítima";"776,820";"BR-116/MG";"Decrescente";"Colisão traseira";1;0;1;0;0;0;0;0;0;0;0;2;1;0;2
"10/03/2024";"18:26:00";"195";"Sem vítima";"518,670";"BR-116/MG";"Decrescente";"Colisão lateral em sentido contrário";0;0;0;2;0;0;0;0;0;0;2;0;0;0;0
"10/03/2024";"18:31:00";"198";"Sem vítima";"653,000";"BR-116/MG";"Decrescente";"Queda de moto";0;0;0;1;0;0;0;0;0;0;1;0;0;0;0
"10/03/2024";"18:48:00";"201";"Sem vítima";"518,816";"BR-116/MG";"Crescente";"Colisão traseira";2;0;0;0;0;0;0;0;0;0;2;0;0;0;0
"10/03/2024";"19:10:00";"207";"Com vítima";"186,577";"BR-116/RJ";"Decrescente";"Engavetamento";3;0;0;0;0;0;0;0;0;0;3;1;0;0;0
"10/03/2024";"19:20:00";"209";"Com vítima";"13,000";"BR-465/RJ";"Crescente";"Queda de moto";0;0;0;0;0;1;0;0;0;0;0;1;0;0;0
"10/03/2024";"20:45:00";"227";"Com vítima";"606,307";"BR-116/MG";"Decrescente";"Capotamento";1;0;0;0;0;0;0;0;0;0;0;3;0;0;0
"10/03/2024";"23:23:00";"251";"Sem vítima";"96,000";"BR-493/RJ";"Crescente";"Choque";1;0;0;0;0;0;0;0;0;0;1;0;0;0;0
"11/03/2024";"02:24:00";"64";"Sem vítima";"656,000";"BR-116/MG";"Crescente";"Capotamento";1;0;0;0;0;0;0;0;0;0;1;0;0;0;0
"11/03/2024";"04:41:00";"144";"Com vítima";"147,477";"BR-116/RJ";"Crescente";"Queda de moto";0;0;0;1;0;0;0;0;0;0;0;1;0;0;0
"11/03/2024";"09:13:00";"188";"Sem vítima";"142,350";"BR-116/RJ";"Crescente";"Colisão lateral no mesmo sentido";1;0;0;0;0;1;0;0;0;0;2;0;0;0;0
"11/03/2024";"11:07:00";"209";"Com vítima";"451,000";"BR-116/MG";"Decrescente";"Queda de moto";0;0;0;1;0;0;0;0;0;0;0;0;2;0;0
"11/03/2024";"12:32:00";"231";"Com vítima";"21,000";"BR-465/RJ";"Decrescente";"Queda de moto";0;0;0;1;0;0;0;0;0;1;1;1;0;0;0
"11/03/2024";"12:37:00";"233";"Sem vítima";"508,000";"BR-116/MG";"Decrescente";"Colisão traseira";2;0;0;0;0;0;0;0;0;0;3;0;0;0;0
"11/03/2024";"15:24:00";"268";"Com vítima";"173,918";"BR-116/RJ";"Crescente";"Colisão traseira";1;0;0;1;0;0;0;0;0;0;1;0;1;0;0
"11/03/2024";"16:39:00";"286";"Sem vítima";"75,000";"BR-116/RJ";"Crescente";"Capotamento";1;0;0;0;0;0;0;0;0;0;1;0;0;0;0
"11/03/2024";"19:20:00";"329";"Com vítima";"137,106";"BR-116/RJ";"Crescente";"Colisão traseira";1;0;0;0;0;1;0;0;0;0;1;0;1;0;0
"11/03/2024";"19:43:00";"335";"Com vítima";"95,958";"BR-493/RJ";"Crescente";"Capotamento";1;0;0;0;0;0;0;0;0;0;3;0;1;0;0
"11/03/2024";"20:01:00";"340";"Sem vítima";"797,813";"BR-116/MG";"Decrescente";"Saída de pista";1;0;0;0;0;0;0;0;0;0;4;0;0;0;0
"11/03/2024";"20:17:00";"345";"Sem vítima";"762,578";"BR-116/MG";"Crescente";"Colisão traseira";2;0;0;0;0;0;0;0;0;0;3;0;0;0;0
"11/03/2024";"20:36:00";"349";"Com vítima";"22,339";"BR-493/RJ";"Decrescente";"Colisão frontal";0;0;1;0;0;1;0;0;0;0;1;0;0;1;0
"11/03/2024";"21:55:00";"361";"Sem vítima";"437,770";"BR-116/MG";"Crescente";"Saída de pista";1;0;0;0;0;0;0;0;0;0;1;0;0;0;0
"11/03/2024";"23:08:00";"366";"Com vítima";"114,845";"BR-493/RJ";"Decrescente";"Atropelamento de animal";0;0;0;1;0;0;0;0;0;0;0;1;0;1;0
"12/03/2024";"01:54:00";"30";"Sem vítima";"50,980";"BR-493/RJ";"Decrescente";"Choque";0;0;0;0;0;1;0;0;0;0;1;0;0;0;0
"12/03/2024";"04:50:00";"71";"Com vítima";"530,693";"BR-116/MG";"Crescente";"Atropelamento de pedestre";0;0;0;1;0;0;0;0;0;0;0;1;1;0;0
"12/03/2024";"13:42:00";"167";"Sem vítima";"411,000";"BR-116/MG";"Crescente";"Colisão lateral no mesmo sentido";1;0;1;0;0;0;0;0;0;0;2;0;0;0;0
"12/03/2024";"14:40:00";"177";"Sem vítima";"51,300";"BR-493/RJ";"Decrescente";"Colisão lateral no mesmo sentido";0;0;1;0;0;1;0;0;0;0;2;0;0;0;0
"12/03/2024";"16:03:00";"190";"Sem vítima";"413,000";"BR-116/MG";"Crescente";"Engavetamento";2;0;1;0;0;0;0;0;0;0;3;0;0;0;0
"12/03/2024";"16:28:00";"192";"Sem vítima";"721,000";"BR-116/MG";"Crescente";"Colisão lateral no mesmo sentido";1;0;1;0;0;0;0;0;0;0;2;0;0;0;0
"12/03/2024";"16:48:00";"195";"Sem vítima";"522,000";"BR-116/MG";"Decrescente";"Colisão traseira";2;0;0;0;0;0;0;0;0;0;2;0;0;0;0
"12/03/2024";"17:11:00";"199";"Sem vítima";"752,000";"BR-116/MG";"Crescente";"Colisão transversal";2;0;0;0;0;0;0;0;0;0;2;0;0;0;0
"12/03/2024";"22:40:00";"244";"Com vítima";"207,071";"BR-116/RJ";"Crescente";"Capotamento";1;0;0;0;0;0;0;0;0;0;0;1;0;0;0
"13/03/2024";"06:10:00";"73";"Com vítima";"204,400";"BR-116/RJ";"Decrescente";"Colisão traseira";0;0;0;1;1;0;0;0;0;0;1;1;0;0;0
"13/03/2024";"07:36:00";"93";"Com vítima";"172,000";"BR-116/RJ";"Decrescente";"Colisão lateral no mesmo sentido";0;0;0;1;0;0;0;0;0;0;0;1;0;0;0
"13/03/2024";"08:03:00";"95";"Com vítima";"172,000";"BR-116/RJ";"Decrescente";"Atropelamento de pedestre";0;0;0;2;0;0;0;0;0;0;1;0;2;0;0
"13/03/2024";"10:18:00";"121";"Com vítima";"20,896";"BR-493/RJ";"Crescente";"Colisão transversal";1;0;0;1;0;0;0;0;0;0;1;0;1;0;0
"13/03/2024";"13:43:00";"168";"Sem vítima";"101,948";"BR-116/RJ";"Crescente";"Choque";1;0;0;0;0;0;0;0;0;0;3;0;0;0;0
"13/03/2024";"14:26:00";"172";"Sem vítima";"103,000";"BR-116/RJ";"Decrescente";"Queda de moto";0;0;0;1;0;0;0;0;0;0;2;0;0;0;0
"13/03/2024";"18:41:00";"226";"Com vítima";"522,870";"BR-116/MG";"Decrescente";"Colisão transversal";1;0;0;1;0;0;0;0;0;0;1;0;1;0;0
"13/03/2024";"20:21:00";"248";"Com vítima";"417,379";"BR-116/MG";"Decrescente";"Queda de moto";0;0;0;1;0;0;0;0;0;0;0;0;1;0;0
"13/03/2024";"21:25:00";"255";"Com vítima";"176,000";"BR-116/RJ";"Decrescente";"Queda de moto";0;0;0;1;0;0;0;0;0;0;0;0;1;0;0
"14/03/2024";"00:54:00";"68";"Sem vítima";"110,132";"BR-116/RJ";"Crescente";"Capotamento";1;0;0;0;0;0;0;0;0;0;1;0;0;0;0
"14/03/2024";"01:00:00";"78";"Sem vítima";"106,884";"BR-493/RJ";"Crescente";"Tombamento";0;0;0;0;0;1;0;0;0;0;1;0;0;0;0
"14/03/2024";"06:22:00";"123";"Sem vítima";"719,000";"BR-116/MG";"Crescente";"Saída de pista";1;0;0;0;0;0;0;0;0;0;1;0;0;0;0
"14/03/2024";"07:30:00";"135";"Com vítima";"577,159";"BR-116/MG";"Crescente";"Colisão lateral em sentido contrário";1;0;0;0;0;2;0;0;0;0;2;0;0;1;0
"14/03/2024";"08:02:00";"141";"Com vítima";"51,920";"BR-493/RJ";"Crescente";"Colisão lateral no mesmo sentido";1;0;0;0;0;1;0;0;0;0;2;0;1;0;0
"14/03/2024";"08:37:00";"152";"Com vítima";"179,600";"BR-116/RJ";"Crescente";"Engavetamento";5;0;0;0;0;0;0;0;0;0;0;6;0;0;0
"14/03/2024";"10:41:00";"178";"Com vítima";"172,000";"BR-116/RJ";"Crescente";"Colisão traseira";1;0;1;0;0;0;0;0;0;0;0;2;0;0;0
"14/03/2024";"11:05:00";"184";"Sem vítima";"178,484";"BR-116/RJ";"Decrescente";"Tombamento";0;0;0;0;0;1;0;0;0;0;1;0;0;0;0
"14/03/2024";"16:24:00";"254";"Com vítima";"186,600";"BR-116/RJ";"Decrescente";"Queda de moto";0;0;0;1;0;0;0;0;0;0;0;1;0;0;0
"14/03/2024";"20:03:00";"297";"Com vítima";"108,998";"BR-116/RJ";"Crescente";"Engavetamento";3;0;0;0;0;0;0;0;0;0;3;3;0;0;0
"14/03/2024";"20:54:00";"303";"Com vítima";"184,000";"BR-116/RJ";"Crescente";"Queda de moto";0;0;0;1;0;0;0;0;0;0;1;1;0;0;0
"15/03/2024";"02:07:00";"88";"Com vítima";"634,010";"BR-116/MG";"Crescente";"Tombamento";0;0;0;0;0;1;0;0;0;0;0;0;1;0;0
"15/03/2024";"11:01:00";"171";"Sem vítima";"148,000";"BR-116/RJ";"Crescente";"Colisão lateral no mesmo sentido";1;0;0;0;0;1;0;0;0;0;2;0;0;0;0
"15/03/2024";"12:18:00";"193";"Com vítima";"185,000";"BR-116/RJ";"Crescente";"Engavetamento";3;0;0;0;0;0;0;0;0;0;0;3;1;0;0
"15/03/2024";"13:42:00";"211";"Sem vítima";"6,900";"BR-465/RJ";"Crescente";"Colisão traseira";2;0;0;0;0;0;0;0;0;0;2;0;0;0;0
"15/03/2024";"17:35:00";"284";"Com vítima";"5,000";"BR-465/RJ";"Crescente";"Atropelamento de ciclista";0;1;0;1;0;0;0;0;0;0;1;0;1;0;0
"15/03/2024";"18:27:00";"295";"Com vítima";"560,061";"BR-116/MG";"Decrescente";"Queda de moto";0;0;0;1;0;0;0;0;0;0;0;1;0;0;0
"15/03/2024";"18:50:00";"298";"Com vítima";"5,968";"BR-493/RJ";"Crescente";"Atropelamento de ciclista";0;1;1;0;0;0;0;0;0;0;1;0;0;0;0
"15/03/2024";"18:54:00";"300";"Com vítima";"115,721";"BR-116/RJ";"Decrescente";"Colisão traseira";1;0;0;0;0;1;0;0;0;0;0;2;0;0;0
"15/03/2024";"20:08:00";"326";"Com vítima";"530,189";"BR-116/MG";"Decrescente";"Queda de moto";0;0;0;1;0;0;0;0;0;0;0;1;0;0;0
"15/03/2024";"20:40:00";"330";"Com vítima";"173,510";"BR-116/RJ";"Decrescente";"Colisão lateral no mesmo sentido";1;0;0;1;0;0;0;0;0;0;0;2;0;0;0
"15/03/2024";"22:03:00";"343";"Com vítima";"179,055";"BR-116/RJ";"Crescente";"Colisão traseira";1;0;0;0;0;1;0;0;0;0;1;1;0;0;0
"16/03/2024";"05:21:00";"84";"Com vítima";"540,623";"BR-116/MG";"Crescente";"Colisão frontal";1;0;0;0;1;0;0;0;0;0;39;0;2;0;1
"16/03/2024";"06:27:00";"89";"Com vítima";"182,000";"BR-116/RJ";"Decrescente";"Capotamento";1;0;0;0;0;0;0;0;0;0;2;2;0;1;0
"16/03/2024";"07:00:00";"92";"Com vítima";"195,000";"BR-116/RJ";"Crescente";"Engavetamento";3;0;0;0;0;0;0;0;0;0;0;4;0;0;0
"16/03/2024";"07:54:00";"101";"Com vítima";"119,000";"BR-116/RJ";"Decrescente";"Atropelamento de pedestre";1;0;0;0;0;0;0;0;0;0;1;9;0;0;0
"16/03/2024";"08:14:00";"104";"Sem vítima";"173,000";"BR-116/RJ";"Decrescente";"Choque";1;0;0;0;0;0;0;0;0;0;1;0;0;0;0
"16/03/2024";"09:41:00";"121";"Sem vítima";"180,000";"BR-116/RJ";"Decrescente";"Colisão lateral no mesmo sentido";1;0;0;0;0;1;0;0;0;0;2;0;0;0;0
"16/03/2024";"10:25:00";"131";"Sem vítima";"96,000";"BR-493/RJ";"Decrescente";"Queda de moto";0;0;0;1;0;0;0;0;0;0;2;0;0;0;0
"16/03/2024";"11:51:00";"149";"Sem vítima";"661,000";"BR-116/MG";"Decrescente";"Saída de pista";1;0;0;0;0;0;0;0;0;0;1;0;0;0;0
"16/03/2024";"14:46:00";"198";"Sem vítima";"48,520";"BR-493/RJ";"Crescente";"Choque";0;0;0;0;0;1;0;0;0;0;1;0;0;0;0
"16/03/2024";"14:48:00";"200";"Com vítima";"499,520";"BR-116/MG";"Decrescente";"Colisão traseira";1;0;0;1;0;0;0;0;0;0;2;1;0;0;0
"16/03/2024";"17:01:00";"223";"Sem vítima";"69,000";"BR-116/RJ";"Decrescente";"Choque";1;0;0;0;0;0;0;0;0;0;2;0;0;0;0
"16/03/2024";"19:04:00";"248";"Com vítima";"698,431";"BR-116/MG";"Decrescente";"Colisão lateral no mesmo sentido";1;0;0;1;0;0;0;0;0;0;1;0;0;1;0
"16/03/2024";"20:30:00";"270";"Com vítima";"584,938";"BR-116/MG";"Crescente";"Colisão traseira";0;0;0;1;0;1;0;0;0;0;1;1;0;0;0
"16/03/2024";"20:34:00";"271";"Sem vítima";"175,422";"BR-116/RJ";"Decrescente";"Choque";1;0;0;0;0;0;0;0;0;0;1;0;0;0;0
"17/03/2024";"00:05:00";"1";"Com vítima";"577,689";"BR-116/MG";"Crescente";"Tombamento";0;0;0;0;0;1;0;0;0;0;0;0;1;0;0
"17/03/2024";"00:49:00";"35";"Com vítima";"11,754";"BR-465/RJ";"Crescente";"Queda de moto";0;0;0;1;0;0;0;0;0;0;0;1;0;0;0
"17/03/2024";"00:54:00";"37";"Sem vítima";"685,847";"BR-116/MG";"Crescente";"Saída de pista";1;0;0;0;0;0;0;0;0;0;1;0;0;0;0
"17/03/2024";"02:40:00";"48";"Com vítima";"552,575";"BR-116/MG";"Decrescente";"Capotamento";0;0;0;0;0;0;0;0;0;1;0;1;1;0;0
"17/03/2024";"07:46:00";"75";"Sem vítima";"98,000";"BR-493/RJ";"Crescente";"Colisão frontal";0;0;0;0;0;1;0;0;0;1;2;0;0;0;0
"17/03/2024";"07:47:00";"76";"Com vítima";"184,000";"BR-116/RJ";"Decrescente";"Choque";0;0;0;0;0;0;0;0;0;1;0;1;0;0;0
"17/03/2024";"08:50:00";"86";"Com vítima";"174,000";"BR-116/RJ";"Decrescente";"Queda de moto";0;0;0;1;0;0;0;0;0;0;0;2;0;0;0
"17/03/2024";"11:56:00";"129";"Com vítima";"537,000";"BR-116/MG";"Decrescente";"Colisão lateral em sentido contrário";1;0;0;1;0;0;0;0;0;0;1;1;0;0;0
"17/03/2024";"13:50:00";"150";"Com vítima";"189,000";"BR-116/RJ";"Decrescente";"Saída de pista";1;0;0;0;0;0;0;0;0;0;0;3;0;0;0
"17/03/2024";"15:10:00";"158";"Com vítima";"572,965";"BR-116/MG";"Crescente";"Acidentes de outra natureza";1;0;0;0;0;0;0;0;0;0;2;0;1;0;0
"17/03/2024";"16:53:00";"184";"Com vítima";"4,194";"BR-465/RJ";"Crescente";"Colisão traseira";2;0;0;0;0;0;0;0;0;0;3;1;0;0;0
"17/03/2024";"18:08:00";"205";"Sem vítima";"92,000";"BR-116/RJ";"Decrescente";"Choque";1;0;0;0;0;0;0;0;0;0;1;0;0;0;0
"17/03/2024";"18:33:00";"211";"Com vítima";"48,316";"BR-116/RJ";"Decrescente";"Choque";1;0;0;0;0;0;0;0;0;0;0;1;0;0;0
"17/03/2024";"18:37:00";"213";"Com vítima";"81,297";"BR-116/RJ";"Decrescente";"Atropelamento de pedestre";0;0;0;1;0;0;0;0;0;0;1;0;0;1;0
"17/03/2024";"18:42:00";"215";"Sem vítima";"0,034";"BR-493/RJ";"Decrescente";"Colisão traseira";1;0;0;1;0;0;0;0;0;0;3;0;0;0;0
"17/03/2024";"19:04:00";"224";"Sem vítima";"82,900";"BR-116/RJ";"Decrescente";"Colisão traseira";1;0;0;1;0;0;0;0;0;0;2;0;0;0;0
"17/03/2024";"20:34:00";"251";"Com vítima";"13,478";"BR-465/RJ";"Decrescente";"Colisão traseira";2;0;0;1;0;0;0;0;0;0;3;1;0;1;0
"18/03/2024";"02:31:00";"75";"Com vítima";"178,543";"BR-116/RJ";"Decrescente";"Colisão frontal";2;0;0;0;0;0;0;0;0;0;1;2;0;0;0
"18/03/2024";"02:32:00";"77";"Com vítima";"183,613";"BR-116/RJ";"Decrescente";"Queda de moto";0;0;0;1;0;0;0;0;0;0;0;2;0;0;0
"18/03/2024";"03:59:00";"85";"Sem vítima";"120,000";"BR-116/RJ";"Decrescente";"Choque";1;0;0;0;0;0;0;0;0;0;1;0;0;0;0
"18/03/2024";"05:41:00";"91";"Com vítima";"812,300";"BR-116/MG";"Crescente";"Queda de moto";0;0;0;1;0;0;0;0;0;0;0;2;0;0;0
"18/03/2024";"06:58:00";"103";"Com vítima";"212,000";"BR-116/RJ";"Crescente";"Engavetamento";3;0;0;0;0;0;0;0;0;0;0;3;0;0;0
"18/03/2024";"07:51:00";"118";"Com vítima";"176,000";"BR-116/RJ";"Crescente";"Queda de moto";0;0;0;1;0;0;0;0;0;0;0;1;0;0;0
"18/03/2024";"08:04:00";"121";"Com vítima";"4,000";"BR-465/RJ";"Decrescente";"Engavetamento";3;0;0;0;0;0;0;0;0;0;2;1;1;0;0
"18/03/2024";"08:05:00";"122";"Com vítima";"178,000";"BR-116/RJ";"Crescente";"Colisão traseira";0;0;0;1;0;0;0;0;0;1;0;4;0;0;0
"18/03/2024";"08:39:00";"133";"Sem vítima";"48,600";"BR-493/RJ";"Decrescente";"Colisão traseira";0;0;1;0;0;1;0;0;0;0;2;0;0;0;0
"18/03/2024";"08:47:00";"136";"Sem vítima";"183,000";"BR-116/RJ";"Crescente";"Saída de pista";1;0;0;0;0;0;0;0;0;0;1;0;0;0;0
"18/03/2024";"09:04:00";"141";"Sem vítima";"95,110";"BR-493/RJ";"Crescente";"Saída de pista";1;0;0;0;0;0;0;0;0;0;1;0;0;0;0
"18/03/2024";"09:30:00";"150";"Sem vítima";"148,000";"BR-116/RJ";"Crescente";"Colisão lateral no mesmo sentido";1;0;0;1;0;0;0;0;0;0;3;0;0;0;0
"18/03/2024";"10:44:00";"173";"Sem vítima";"632,000";"BR-116/MG";"Decrescente";"Capotamento";1;0;0;0;0;0;0;0;0;0;2;0;0;0;0
"18/03/2024";"11:41:00";"185";"Sem vítima";"96,000";"BR-116/RJ";"Crescente";"Colisão frontal";1;0;1;0;0;0;0;0;0;0;2;0;0;0;0
"18/03/2024";"12:35:00";"198";"Com vítima";"77,005";"BR-116/RJ";"Decrescente";"Colisão frontal";1;0;1;0;0;0;0;0;0;0;1;1;0;0;0
"18/03/2024";"13:25:00";"210";"Com vítima";"196,000";"BR-116/RJ";"Crescente";"Colisão traseira";0;0;0;0;0;1;0;0;0;1;1;1;0;0;0
"18/03/2024";"13:33:00";"213";"Sem vítima";"543,000";"BR-116/MG";"Crescente";"Saída de pista";1;0;0;0;0;0;0;0;0;0;2;0;0;0;0
"18/03/2024";"13:58:00";"216";"Com vítima";"496,477";"BR-116/MG";"Crescente";"Queda de moto";0;0;0;1;0;0;0;0;0;0;0;0;1;0;0
"18/03/2024";"14:46:00";"226";"Com vítima";"4,870";"BR-465/RJ";"Crescente";"Colisão traseira";1;0;1;0;0;0;0;0;0;0;1;2;0;0;0
"18/03/2024";"15:21:00";"238";"Com vítima";"5,979";"BR-465/RJ";"Crescente";"Colisão transversal";1;0;0;1;0;0;0;0;0;0;1;0;1;0;0
"18/03/2024";"16:04:00";"252";"Sem vítima";"816,000";"BR-116/MG";"Crescente";"Colisão traseira";2;0;0;0;0;0;0;0;0;0;2;0;0;0;0
"18/03/2024";"16:22:00";"258";"Sem vítima";"131,000";"BR-116/RJ";"Crescente";"Queda de moto";0;0;0;1;0;0;0;0;0;0;2;0;0;0;0
"18/03/2024";"19:40:00";"306";"Com vítima";"196,000";"BR-116/RJ";"Crescente";"Atropelamento de ciclista";0;1;0;0;0;1;0;0;0;0;1;0;0;0;0
"19/03/2024";"06:07:00";"24";"Com vítima";"148,000";"BR-116/RJ";"Decrescente";"Colisão lateral no mesmo sentido";1;0;0;1;0;0;0;0;0;0;1;0;1;0;0
"19/03/2024";"06:24:00";"26";"Com vítima";"55,774";"BR-116/RJ";"Decrescente";"Tombamento";0;0;0;0;0;1;0;0;0;0;0;0;1;0;0
"19/03/2024";"07:44:00";"43";"Sem vítima";"146,000";"BR-116/RJ";"Crescente";"Engavetamento";4;0;0;0;0;0;0;0;0;0;5;0;0;0;0
"19/03/2024";"11:53:00";"91";"Sem vítima";"766,000";"BR-116/MG";"Crescente";"Colisão lateral no mesmo sentido";1;0;0;1;0;0;0;0;0;0;2;0;0;0;0
"19/03/2024";"12:28:00";"101";"Com vítima";"6,000";"BR-465/RJ";"Crescente";"Colisão lateral no mesmo sentido";1;0;0;1;0;0;0;0;0;0;1;1;0;0;0
"19/03/2024";"17:35:00";"175";"Com vítima";"212,000";"BR-116/RJ";"Decrescente";"Queda de moto";0;0;0;1;0;0;0;0;0;0;0;1;0;0;0
"19/03/2024";"17:46:00";"178";"Com vítima";"92,901";"BR-116/RJ";"Decrescente";"Capotamento";0;0;0;0;0;0;0;0;0;1;1;1;0;0;0
"19/03/2024";"18:29:00";"184";"Com vítima";"526,100";"BR-116/MG";"Crescente";"Atropelamento de pedestre";0;0;0;1;0;0;0;0;0;0;1;1;0;0;0
"19/03/2024";"18:42:00";"187";"Com vítima";"206,456";"BR-116/RJ";"Decrescente";"Capotamento";1;0;0;0;0;0;0;0;0;0;0;1;0;0;0
"20/03/2024";"03:27:00";"43";"Sem vítima";"716,000";"BR-116/MG";"Decrescente";"Saída de pista";1;0;0;0;0;0;0;0;0;0;1;0;0;0;0
"20/03/2024";"04:20:00";"44";"Sem vítima";"112,600";"BR-116/RJ";"Crescente";"Colisão lateral no mesmo sentido";0;0;2;0;0;0;0;0;0;0;2;0;0;0;0
"20/03/2024";"06:13:00";"51";"Sem vítima";"180,000";"BR-116/RJ";"Decrescente";"Colisão traseira";1;0;0;0;0;1;0;0;0;0;2;0;0;0;0
"20/03/2024";"07:56:00";"74";"Com vítima";"188,000";"BR-116/RJ";"Decrescente";"Queda de moto";0;0;0;1;0;0;0;0;0;0;0;2;0;0;0
"20/03/2024";"08:12:00";"80";"Com vítima";"2,500";"BR-116/RJ";"Decrescente";"Colisão lateral no mesmo sentido";1;0;0;1;0;0;0;0;0;0;1;0;1;0;0
"20/03/2024";"09:54:00";"101";"Com vítima";"178,000";"BR-116/RJ";"Decrescente";"Colisão lateral no mesmo sentido";1;0;0;1;0;0;0;0;0;0;1;2;0;0;0
"20/03/2024";"11:38:00";"131";"Com vítima";"170,000";"BR-116/RJ";"Decrescente";"Colisão traseira";1;0;0;1;0;0;0;0;0;0;0;2;0;0;0