data;horario;n_da_ocorrencia;tipo_de_ocorrencia;km;trecho;sentido;tipo_de_acidente;automovel;bicicleta;caminhao;moto;onibus;outros;tracao_animal;transporte_de_cargas_especiais;trator_maquinas;utilitarios;ilesos;levemente_feridos;moderadamente_feridos;gravemente_feridos;mortos
"02/04/2024";"07:13:00";"121";"Com vítima";"59,300";"BR-493/RJ";"Decrescente";"Saída de pista";0;0;1;0;0;0;0;0;0;0;0;1;0;0;0
"02/04/2024";"07:37:00";"126";"Com vítima";"59,310";"BR-493/RJ";"Decrescente";"Colisão traseira";2;0;0;0;0;0;0;0;0;0;1;0;1;0;0
"02/04/2024";"08:48:00";"138";"Sem vítima";"148,000";"BR-116/RJ";"Decrescente";"Colisão lateral no mesmo sentido";1;0;1;0;0;0;0;0;0;0;2;0;0;0;0
"02/04/2024";"10:46:00";"165";"Com vítima";"180,000";"BR-116/RJ";"Decrescente";"Colisão lateral no mesmo sentido";3;0;0;1;0;0;0;0;0;0;3;1;0;0;0
"02/04/2024";"13:29:00";"206";"Com vítima";"200,000";"BR-116/RJ";"Crescente";"Colisão traseira";0;0;0;1;1;0;0;0;0;0;1;0;1;0;0
"02/04/2024";"17:58:00";"262";"Com vítima";"177,000";"BR-116/RJ";"Crescente";"Queda de moto";0;0;0;1;0;0;0;0;0;0;0;1;0;0;0
"02/04/2024";"18:01:00";"263";"Com vítima";"142,000";"BR-116/RJ";"Decrescente";"Colisão traseira";0;0;0;2;0;0;0;0;0;0;0;2;0;0;0
"02/04/2024";"19:12:00";"275";"Com vítima";"6,000";"BR-465/RJ";"Decrescente";"Atropelamento de pedestre";0;0;0;1;0;0;0;0;0;0;2;1;0;0;0
"02/04/2024";"22:15:00";"309";"Com vítima";"176,300";"BR-116/RJ";"Crescente";"Queda de moto";0;0;0;1;0;0;0;0;0;0;1;1;0;0;0
"03/04/2024";"08:40:00";"126";"Com vítima";"500,000";"BR-116/MG";"Decrescente";"Colisão traseira";2;0;0;0;0;0;0;0;0;0;3;1;1;0;0
"03/04/2024";"10:25:00";"147";"Sem vítima";"8,000";"BR-493/RJ";"Decrescente";"Engavetamento";0;0;3;0;0;0;0;0;0;0;4;0;0;0;0
"03/04/2024";"11:17:00";"158";"Com vítima";"21,000";"BR-116/RJ";"Decrescente";"Queda de moto";0;0;0;1;0;0;0;0;0;0;0;1;0;0;0
"03/04/2024";"11:29:00";"163";"Com vítima";"174,200";"BR-116/RJ";"Crescente";"Queda de moto";0;0;0;1;0;0;0;0;0;0;0;0;2;0;0
"03/04/2024";"14:13:00";"194";"Sem vítima";"413,000";"BR-116/MG";"Crescente";"Engavetamento";4;0;0;0;0;0;0;0;0;0;4;0;0;0;0
"03/04/2024";"14:41:00";"198";"Com vítima";"181,900";"BR-116/RJ";"Crescente";"Colisão traseira";1;0;1;0;0;0;0;0;0;0;0;2;0;0;0
"03/04/2024";"15:36:00";"213";"Sem vítima";"25,458";"BR-116/RJ";"Decrescente";"Tombamento";0;0;1;0;0;0;0;0;0;0;1;0;0;0;0
"03/04/2024";"15:48:00";"212";"Com vítima";"21,800";"BR-465/RJ";"Decrescente";"Colisão lateral no mesmo sentido";1;0;0;1;0;0;0;0;0;0;1;2;0;0;0
"03/04/2024";"18:46:00";"249";"Com vítima";"186,437";"BR-116/RJ";"Decrescente";"Engavetamento";3;0;0;0;0;0;0;0;0;0;4;1;0;0;0
"03/04/2024";"19:31:00";"260";"Sem vítima";"438,000";"BR-116/MG";"Crescente";"Atropelamento de animal";1;0;0;0;0;0;0;0;0;0;1;0;0;0;0
"03/04/2024";"19:58:00";"263";"Com vítima";"0,234";"BR-493/RJ";"Crescente";"Choque";1;0;0;0;0;1;0;0;0;0;1;1;0;0;0
"03/04/2024";"20:52:00";"271";"Sem vítima";"11,971";"BR-493/RJ";"Crescente";"Choque";1;0;0;0;0;0;0;0;0;0;1;0;0;0;0
"03/04/2024";"22:49:00";"287";"Com vítima";"176,683";"BR-116/RJ";"Decrescente";"Atropelamento de pedestre";0;0;0;0;1;0;0;0;0;0;1;9;0;0;0
"04/04/2024";"00:16:00";"1";"Com vítima";"430,901";"BR-116/MG";"Decrescente";"Colisão frontal";0;0;0;1;0;1;0;0;0;0;0;1;0;0;1
"04/04/2024";"00:38:00";"3";"Com vítima";"192,000";"BR-116/RJ";"Decrescente";"Atropelamento de animal";0;0;0;0;0;1;0;0;0;0;1;0;0;0;0
"04/04/2024";"06:34:00";"39";"Com vítima";"22,800";"BR-465/RJ";"Crescente";"Colisão lateral no mesmo sentido";1;0;0;0;2;0;0;0;0;0;2;1;0;0;0
"04/04/2024";"07:52:00";"59";"Sem vítima";"148,000";"BR-116/RJ";"Crescente";"Colisão traseira";1;0;1;0;0;0;0;0;0;0;2;0;0;0;0
"04/04/2024";"08:09:00";"63";"Com vítima";"173,000";"BR-116/RJ";"Crescente";"Colisão lateral no mesmo sentido";2;0;0;0;0;0;0;0;0;0;0;3;0;0;0
"04/04/2024";"10:04:00";"91";"Sem vítima";"83,000";"BR-116/RJ";"Decrescente";"Choque";1;0;0;0;0;0;0;0;0;0;1;0;0;0;0
"04/04/2024";"11:13:00";"111";"Com vítima";"110,000";"BR-116/RJ";"Decrescente";"Colisão traseira";1;0;0;1;0;0;0;0;0;0;1;1;0;0;0
"04/04/2024";"11:36:00";"115";"Com vítima";"553,000";"BR-116/MG";"Decrescente";"Colisão lateral no mesmo sentido";1;0;0;1;0;0;0;0;0;0;1;1;0;0;0
"04/04/2024";"13:38:00";"138";"Com vítima";"579,000";"BR-116/MG";"Crescente";"Saída de pista";1;0;0;0;0;0;0;0;0;0;0;1;0;1;0
"04/04/2024";"17:29:00";"192";"Com vítima";"710,000";"BR-116/MG";"Decrescente";"Queda de moto";0;0;0;1;0;0;0;0;0;0;0;1;0;0;0
"05/04/2024";"05:37:00";"75";"Com vítima";"212,440";"BR-116/RJ";"Crescente";"Colisão traseira";0;0;2;0;0;0;0;0;0;0;0;2;0;0;0
"05/04/2024";"11:25:00";"141";"Com vítima";"6,000";"BR-493/RJ";"Decrescente";"Colisão transversal";1;0;0;1;0;0;0;0;0;0;1;0;1;0;0
"05/04/2024";"11:51:00";"147";"Com vítima";"793,390";"BR-116/MG";"Decrescente";"Tombamento";0;0;0;0;0;1;0;0;0;0;0;1;0;0;0
"05/04/2024";"13:00:00";"161";"Com vítima";"136,000";"BR-116/RJ";"Crescente";"Queda de moto";1;0;0;1;0;0;0;0;0;0;1;0;1;0;0
"05/04/2024";"13:16:00";"163";"Com vítima";"197,000";"BR-116/RJ";"Crescente";"Choque";0;0;0;0;0;1;0;0;0;0;0;1;0;0;0
"05/04/2024";"16:23:00";"207";"Com vítima";"29,010";"BR-116/RJ";"Decrescente";"Tombamento";0;0;0;0;0;1;0;0;0;0;0;0;0;1;0
"05/04/2024";"16:29:00";"210";"Com vítima";"83,400";"BR-116/RJ";"Decrescente";"Colisão traseira";2;0;0;0;0;0;0;0;0;0;1;0;1;0;0
"05/04/2024";"19:18:00";"242";"Com vítima";"101,000";"BR-116/RJ";"Decrescente";"Colisão lateral em sentido contrário";1;0;0;1;0;0;0;0;0;0;0;1;0;1;0
"05/04/2024";"19:20:00";"244";"Sem vítima";"606,300";"BR-116/MG";"Crescente";"Choque";1;0;0;0;0;0;0;0;0;0;4;0;0;0;0
"05/04/2024";"20:27:00";"261";"Sem vítima";"185,000";"BR-116/RJ";"Crescente";"Colisão traseira";1;0;0;0;0;1;0;0;0;0;2;0;0;0;0
"05/04/2024";"23:49:00";"292";"Com vítima";"129,507";"BR-116/RJ";"Decrescente";"Queda de moto";0;0;0;1;0;0;0;0;0;0;0;0;1;0;0
"06/04/2024";"01:59:00";"62";"Com vítima";"145,000";"BR-116/RJ";"Decrescente";"Atropelamento de pedestre";0;0;0;0;0;1;0;0;0;0;2;0;9;0;0
"06/04/2024";"04:29:00";"73";"Com vítima";"110,099";"BR-116/RJ";"Crescente";"Colisão frontal";0;0;0;1;0;1;0;0;0;0;1;0;1;0;0
"06/04/2024";"06:22:00";"82";"Com vítima";"82,000";"BR-116/RJ";"Crescente";"Colisão frontal";1;0;0;0;0;1;0;0;0;0;1;1;0;0;0
"06/04/2024";"11:25:00";"133";"Com vítima";"20,000";"BR-465/RJ";"Decrescente";"Colisão lateral em sentido contrário";1;0;0;1;0;0;0;0;0;0;0;2;1;0;0
"06/04/2024";"11:49:00";"140";"Com vítima";"131,000";"BR-116/RJ";"Decrescente";"Queda de moto";0;0;0;1;0;0;0;0;0;0;0;1;0;0;0
"06/04/2024";"11:57:00";"141";"Com vítima";"175,000";"BR-116/RJ";"Decrescente";"Colisão traseira";3;0;0;0;0;0;0;0;0;0;0;3;0;0;0
"06/04/2024";"12:35:00";"149";"Com vítima";"18,000";"BR-465/RJ";"Crescente";"Colisão transversal";1;0;0;1;0;0;0;0;0;0;0;2;0;0;0
"06/04/2024";"14:23:00";"171";"Com vítima";"179,000";"BR-116/RJ";"Crescente";"Choque";2;0;0;0;0;0;0;0;0;0;0;1;1;0;0
"06/04/2024";"16:46:00";"199";"Com vítima";"542,000";"BR-116/MG";"Decrescente";"Choque";1;0;0;0;0;0;0;0;0;0;0;0;1;0;0
"06/04/2024";"17:41:00";"210";"Com vítima";"126,000";"BR-116/RJ";"Crescente";"Queda de moto";0;0;0;1;0;0;0;0;0;0;0;2;0;0;0
"06/04/2024";"19:20:00";"230";"Com vítima";"82,500";"BR-116/RJ";"Crescente";"Colisão lateral em sentido contrário";0;0;0;1;0;1;0;0;0;0;1;0;1;0;0
"06/04/2024";"19:54:00";"240";"Com vítima";"673,000";"BR-116/MG";"Crescente";"Saída de pista";1;0;0;0;0;0;0;0;0;0;0;1;0;0;0
"06/04/2024";"20:11:00";"243";"Com vítima";"144,200";"BR-116/RJ";"Crescente";"Colisão lateral no mesmo sentido";1;0;0;1;0;0;0;0;0;0;1;1;0;0;0
"06/04/2024";"21:26:00";"253";"Com vítima";"461,601";"BR-116/MG";"Crescente";"Capotamento";1;0;0;0;0;0;0;0;0;0;1;0;2;1;0
"06/04/2024";"22:22:00";"262";"Sem vítima";"180,000";"BR-116/RJ";"Decrescente";"Colisão traseira";1;0;0;1;0;0;0;0;0;0;3;0;0;0;0
"06/04/2024";"23:35:00";"266";"Com vítima";"531,263";"BR-116/MG";"Crescente";"Capotamento";1;0;0;0;0;0;0;0;0;0;0;0;1;0;0
"07/04/2024";"00:16:00";"1";"Com vítima";"169,000";"BR-116/RJ";"Decrescente";"Queda de moto";0;0;0;1;0;0;0;0;0;0;1;0;1;0;0
"07/04/2024";"01:29:00";"7";"Com vítima";"542,783";"BR-116/MG";"Decrescente";"Atropelamento de animal";0;0;0;1;0;0;0;0;0;0;0;1;0;0;0
"07/04/2024";"01:56:00";"26";"Com vítima";"14,146";"BR-465/RJ";"Crescente";"Colisão lateral no mesmo sentido";0;1;0;0;0;1;0;0;0;0;1;0;0;0;0
"07/04/2024";"02:01:00";"30";"Com vítima";"55,000";"BR-116/RJ";"Crescente";"Engavetamento";2;0;0;0;0;0;0;0;0;1;4;3;1;0;0
"07/04/2024";"02:43:00";"53";"Com vítima";"186,000";"BR-116/RJ";"Decrescente";"Colisão lateral no mesmo sentido";0;0;0;1;0;1;0;0;0;0;1;0;1;0;0
"07/04/2024";"08:28:00";"80";"Com vítima";"191,000";"BR-116/RJ";"Crescente";"Colisão traseira";3;0;0;0;0;0;0;0;0;0;2;4;0;0;0
"07/04/2024";"15:18:00";"176";"Com vítima";"174,000";"BR-116/RJ";"Decrescente";"Colisão traseira";3;0;0;0;0;0;0;0;0;0;1;5;0;0;0
"07/04/2024";"17:05:00";"200";"Com vítima";"724,000";"BR-116/MG";"Decrescente";"Colisão traseira";0;0;1;1;0;0;0;0;0;0;1;0;0;1;0
"07/04/2024";"18:56:00";"225";"Com vítima";"100,000";"BR-116/RJ";"Crescente";"Colisão lateral em sentido contrário";2;0;0;1;0;0;0;0;0;0;2;0;2;0;0
"07/04/2024";"18:59:00";"227";"Com vítima";"639,857";"BR-116/MG";"Decrescente";"Colisão frontal";2;0;0;0;0;0;0;0;0;0;0;3;4;0;0
"07/04/2024";"23:03:00";"269";"Com vítima";"18,300";"BR-465/RJ";"Decrescente";"Queda de moto";0;0;0;1;0;0;0;0;0;0;0;1;1;0;0
"08/04/2024";"00:54:00";"45";"Sem vítima";"717,125";"BR-116/MG";"Decrescente";"Choque";1;0;0;0;0;0;0;0;0;0;4;0;0;0;0
"08/04/2024";"03:23:00";"83";"Com vítima";"140,854";"BR-116/RJ";"Crescente";"Choque";1;0;0;0;0;0;0;0;0;0;0;1;0;0;0
"08/04/2024";"06:47:00";"119";"Com vítima";"191,000";"BR-116/RJ";"Decrescente";"Choque";0;0;1;0;0;0;0;0;0;0;0;1;0;0;0
"08/04/2024";"07:50:00";"128";"Sem vítima";"67,400";"BR-493/RJ";"Crescente";"Atropelamento de animal";1;0;0;0;0;0;0;0;0;0;1;0;0;0;0
"08/04/2024";"07:59:00";"136";"Sem vítima";"17,000";"BR-465/RJ";"Crescente";"Colisão traseira";2;0;0;0;0;0;0;0;0;0;2;0;0;0;0
"08/04/2024";"08:12:00";"137";"Com vítima";"443,340";"BR-116/MG";"Crescente";"Tombamento";0;0;0;0;0;1;0;0;0;0;0;0;0;1;0
"08/04/2024";"08:51:00";"143";"Com vítima";"186,000";"BR-116/RJ";"Decrescente";"Queda de moto";0;0;0;1;0;0;0;0;0;0;0;1;0;0;0
"08/04/2024";"08:53:00";"146";"Sem vítima";"131,000";"BR-116/RJ";"Decrescente";"Colisão traseira";2;0;0;0;0;0;0;0;0;0;2;0;0;0;0
"08/04/2024";"09:07:00";"148";"Com vítima";"148,000";"BR-116/RJ";"Crescente";"Colisão lateral no mesmo sentido";1;0;0;1;0;0;0;0;0;0;1;0;1;0;0
"08/04/2024";"10:30:00";"159";"Sem vítima";"626,000";"BR-116/MG";"Decrescente";"Colisão lateral em sentido contrário";2;0;0;0;0;0;0;0;0;0;2;0;0;0;0
"08/04/2024";"11:38:00";"182";"Com vítima";"4,000";"BR-465/RJ";"Decrescente";"Engavetamento";2;0;0;0;0;0;0;0;0;1;2;1;0;0;0
"08/04/2024";"11:58:00";"188";"Com vítima";"1,000";"BR-493/RJ";"Crescente";"Colisão frontal";1;0;0;1;0;0;0;0;0;0;1;0;1;1;0
"08/04/2024";"14:06:00";"213";"Com vítima";"5,000";"BR-493/RJ";"Decrescente";"Capotamento";1;0;0;0;0;0;0;0;0;0;0;1;0;0;0
"08/04/2024";"14:50:00";"226";"Sem vítima";"780,000";"BR-116/MG";"Decrescente";"Tombamento";0;0;0;0;0;1;0;0;0;0;1;0;0;0;0
"08/04/2024";"19:57:00";"284";"Com vítima";"703,624";"BR-116/MG";"Decrescente";"Colisão lateral em sentido contrário";1;0;0;0;0;1;0;0;0;0;1;0;1;0;0
"08/04/2024";"21:07:00";"294";"Com vítima";"58,300";"BR-493/RJ";"Decrescente";"Atropelamento de animal";0;0;0;1;0;0;0;0;0;0;0;0;1;0;0
"08/04/2024";"22:32:00";"308";"Com vítima";"756,201";"BR-116/MG";"Decrescente";"Choque";1;0;0;0;0;0;0;0;0;0;0;1;0;0;0
"08/04/2024";"23:58:00";"314";"Sem vítima";"142,127";"BR-116/RJ";"Crescente";"Colisão frontal";1;0;1;0;0;0;0;0;0;0;2;0;0;0;0
"09/04/2024";"06:36:00";"19";"Sem vítima";"9,000";"BR-493/RJ";"Decrescente";"Atropelamento de animal";1;0;0;0;0;0;0;0;0;0;1;0;0;0;0
"09/04/2024";"10:21:00";"81";"Com vítima";"203,100";"BR-116/RJ";"Crescente";"Saída de pista";1;0;0;0;0;0;0;0;0;0;0;1;0;0;0
"09/04/2024";"11:39:00";"99";"Sem vítima";"212,000";"BR-116/RJ";"Crescente";"Colisão traseira";0;0;0;0;0;2;0;0;0;0;2;0;0;0;0
"09/04/2024";"11:52:00";"102";"Com vítima";"21,000";"BR-465/RJ";"Crescente";"Colisão frontal";1;0;0;1;0;0;0;0;0;0;0;1;1;0;0
"09/04/2024";"16:54:00";"165";"Com vítima";"176,761";"BR-116/RJ";"Crescente";"Colisão traseira";1;0;0;1;0;0;0;0;0;0;2;0;0;1;0
"09/04/2024";"18:32:00";"180";"Com vítima";"13,359";"BR-465/RJ";"Decrescente";"Atropelamento de pedestre";1;0;0;0;0;0;0;0;0;0;1;1;0;0;0
"09/04/2024";"19:15:00";"189";"Sem vítima";"174,375";"BR-116/RJ";"Crescente";"Colisão lateral no mesmo sentido";1;0;0;0;0;1;0;0;0;0;2;0;0;0;0
"09/04/2024";"20:58:00";"208";"Sem vítima";"183,971";"BR-116/RJ";"Crescente";"Choque";0;0;1;0;0;0;0;0;0;0;1;0;0;0;0
"09/04/2024";"22:54:00";"223";"Com vítima";"172,758";"BR-116/RJ";"Crescente";"Choque";1;0;1;0;0;0;0;0;0;0;2;1;0;0;0
"10/04/2024";"05:01:00";"19";"Sem vítima";"63,000";"BR-493/RJ";"Crescente";"Choque";0;0;0;0;0;0;0;0;0;1;2;0;0;0;0
"10/04/2024";"06:44:00";"30";"Com vítima";"688,000";"BR-116/MG";"Decrescente";"Tombamento";0;0;0;0;0;1;0;0;0;0;0;1;1;0;0
"10/04/2024";"07:16:00";"34";"Com vítima";"62,700";"BR-116/RJ";"Decrescente";"Colisão transversal";1;0;0;0;0;0;0;0;0;1;2;1;1;1;0
"10/04/2024";"08:24:00";"45";"Com vítima";"96,000";"BR-493/RJ";"Crescente";"Queda de moto";0;0;0;1;0;0;0;0;0;0;0;1;0;0;0
"10/04/2024";"09:07:00";"50";"Com vítima";"187,000";"BR-116/RJ";"Decrescente";"Colisão traseira";0;0;0;2;0;0;0;0;0;0;0;0;2;0;0
"10/04/2024";"10:45:00";"71";"Sem vítima";"28,000";"BR-116/RJ";"Crescente";"Choque";1;0;0;0;0;0;0;0;0;0;2;0;0;0;0
"10/04/2024";"12:07:00";"92";"Com vítima";"14,000";"BR-465/RJ";"Crescente";"Colisão lateral no mesmo sentido";0;0;1;1;0;0;0;0;0;0;1;0;1;0;0
"10/04/2024";"17:32:00";"152";"Sem vítima";"524,500";"BR-116/MG";"Crescente";"Colisão lateral em sentido contrário";1;0;0;0;0;0;0;0;0;1;2;0;0;0;0
"10/04/2024";"17:49:00";"155";"Sem vítima";"131,600";"BR-116/RJ";"Crescente";"Colisão lateral no mesmo sentido";1;0;1;0;0;0;0;0;0;0;4;0;0;0;0
"10/04/2024";"23:31:00";"219";"Com vítima";"718,952";"BR-116/MG";"Crescente";"Tombamento";0;0;0;0;0;1;0;0;0;0;0;0;0;1;0
"11/04/2024";"01:22:00";"11";"Com vítima";"179,502";"BR-116/RJ";"Decrescente";"Choque";0;0;0;0;0;1;0;0;0;0;0;1;0;0;0
"11/04/2024";"01:31:00";"15";"Com vítima";"698,629";"BR-116/MG";"Decrescente";"Colisão traseira";0;0;0;1;0;1;0;0;0;0;1;0;0;1;0
"11/04/2024";"03:49:00";"85";"Sem vítima";"115,626";"BR-493/RJ";"Crescente";"Atropelamento de animal";1;0;0;0;0;0;0;0;0;0;4;0;0;0;0
"11/04/2024";"07:57:00";"122";"Com vítima";"539,000";"BR-116/MG";"Crescente";"Queda de moto";0;0;0;1;0;0;0;0;0;0;0;0;0;1;0
"11/04/2024";"08:13:00";"126";"Com vítima";"11,000";"BR-465/RJ";"Decrescente";"Colisão lateral em sentido contrário";0;0;0;1;0;0;0;0;0;1;1;0;1;0;0
"11/04/2024";"16:24:00";"246";"Sem vítima";"87,000";"BR-493/RJ";"Crescente";"Saída de pista";1;0;0;0;0;0;0;0;0;0;1;0;0;0;0
"11/04/2024";"17:14:00";"257";"Sem vítima";"97,000";"BR-116/RJ";"Decrescente";"Saída de pista";1;0;0;0;0;0;0;0;0;0;1;0;0;0;0
"11/04/2024";"17:22:00";"258";"Com vítima";"203,000";"BR-116/RJ";"Decrescente";"Choque";1;0;0;0;0;0;0;0;0;0;0;1;0;0;0
"11/04/2024";"18:17:00";"275";"Com vítima";"19,315";"BR-465/RJ";"Crescente";"Atropelamento de pedestre";0;0;0;1;0;0;0;0;0;0;1;0;1;0;0
"11/04/2024";"20:47:00";"292";"Com vítima";"193,139";"BR-116/RJ";"Decrescente";"Queda de moto";0;0;0;1;0;0;0;0;0;0;0;0;1;0;0
"11/04/2024";"21:13:00";"297";"Sem vítima";"533,050";"BR-116/MG";"Crescente";"Colisão lateral em sentido contrário";2;0;0;0;0;0;0;0;0;0;2;0;0;0;0
"12/04/2024";"04:42:00";"126";"Com vítima";"145,495";"BR-116/RJ";"Crescente";"Tombamento";0;0;1;0;0;0;0;0;0;0;0;0;1;0;0
"12/04/2024";"04:50:00";"128";"Sem vítima";"144,000";"BR-116/RJ";"Crescente";"Engavetamento";2;0;0;0;0;1;0;0;0;0;4;0;0;0;0
"12/04/2024";"05:15:00";"132";"Com vítima";"106,000";"BR-116/RJ";"Crescente";"Colisão traseira";1;0;1;0;0;0;0;0;0;0;1;1;0;0;0
"12/04/2024";"05:59:00";"136";"Sem vítima";"142,000";"BR-116/RJ";"Crescente";"Colisão traseira";2;0;0;0;0;0;0;0;0;0;2;0;0;0;0
"12/04/2024";"06:50:00";"147";"Sem vítima";"21,900";"BR-465/RJ";"Crescente";"Colisão lateral no mesmo sentido";1;0;0;0;1;0;0;0;0;0;2;0;0;0;0
"12/04/2024";"08:12:00";"168";"Com vítima";"188,700";"BR-116/RJ";"Crescente";"Colisão traseira";2;0;0;0;0;0;0;0;0;0;0;2;0;0;0
"12/04/2024";"16:02:00";"262";"Com vítima";"148,000";"BR-116/RJ";"Crescente";"Engavetamento";1;0;1;0;0;0;0;0;0;1;2;1;0;0;0
"12/04/2024";"16:39:00";"269";"Com vítima";"538,492";"BR-116/MG";"Decrescente";"Colisão lateral no mesmo sentido";0;0;1;0;0;1;0;0;0;0;1;0;1;0;0
"12/04/2024";"18:32:00";"293";"Com vítima";"72,637";"BR-493/RJ";"Crescente";"Queda de moto";0;0;0;1;0;0;0;0;0;0;0;1;1;0;0
"12/04/2024";"18:51:00";"296";"Com vítima";"772,142";"BR-116/MG";"Crescente";"Colisão transversal";1;0;0;1;0;0;0;0;0;0;1;0;0;1;0
"12/04/2024";"21:55:00";"329";"Com vítima";"72,000";"BR-116/RJ";"Crescente";"Atropelamento de pedestre";0;0;0;0;0;1;0;0;0;0;2;0;9;0;0
"12/04/2024";"22:16:00";"336";"Com vítima";"528,414";"BR-116/MG";"Decrescente";"Atropelamento de pedestre";0;0;0;1;0;0;0;0;0;0;1;0;0;9;0
"13/04/2024";"05:31:00";"68";"Com vítima";"138,000";"BR-116/RJ";"Crescente";"Queda de moto";0;0;0;1;0;0;0;0;0;0;0;1;0;0;0
"13/04/2024";"09:30:00";"116";"Com vítima";"210,000";"BR-116/RJ";"Crescente";"Queda de moto";0;0;0;1;0;0;0;0;0;0;0;1;0;0;0
"13/04/2024";"10:05:00";"121";"Com vítima";"139,100";"BR-116/RJ";"Decrescente";"Queda de moto";0;0;0;1;0;0;0;0;0;0;0;0;2;0;0
"13/04/2024";"10:14:00";"122";"Com vítima";"97,800";"BR-116/RJ";"Decrescente";"Queda de moto";0;0;0;1;0;0;0;0;0;0;0;1;1;0;0
"13/04/2024";"11:19:00";"135";"Com vítima";"175,000";"BR-116/RJ";"Crescente";"Queda de moto";0;0;0;1;0;0;0;0;0;0;0;1;0;0;0
"13/04/2024";"12:04:00";"142";"Com vítima";"174,000";"BR-116/RJ";"Decrescente";"Engavetamento";4;0;0;0;0;0;0;0;0;0;2;3;0;0;0
"13/04/2024";"12:39:00";"149";"Sem vítima";"53,000";"BR-493/RJ";"Crescente";"Choque";1;0;0;0;0;0;0;0;0;0;2;0;0;0;0
"13/04/2024";"14:21:00";"166";"Com vítima";"16,000";"BR-493/RJ";"Crescente";"Colisão transversal";0;0;0;1;0;1;0;0;0;0;1;1;1;0;0
"13/04/2024";"15:35:00";"190";"Sem vítima";"545,000";"BR-116/MG";"Crescente";"Colisão lateral em sentido contrário";2;0;0;0;0;0;0;0;0;0;2;0;0;0;0
"13/04/2024";"16:44:00";"200";"Com vítima";"17,000";"BR-465/RJ";"Decrescente";"Colisão lateral no mesmo sentido";1;0;0;1;0;0;0;0;0;0;1;1;1;0;0
"13/04/2024";"16:54:00";"204";"Com vítima";"106,500";"BR-493/RJ";"Decrescente";"Capotamento";1;0;0;0;0;0;0;0;0;0;0;2;0;0;0
"13/04/2024";"17:06:00";"209";"Com vítima";"185,000";"BR-116/RJ";"Crescente";"Colisão traseira";2;0;0;0;0;1;0;0;0;0;1;2;0;0;0
"13/04/2024";"18:09:00";"227";"Sem vítima";"183,450";"BR-116/RJ";"Decrescente";"Colisão lateral no mesmo sentido";1;0;0;0;0;0;0;0;0;1;4;0;0;0;0
"13/04/2024";"18:12:00";"229";"Com vítima";"478,060";"BR-116/MG";"Crescente";"Atropelamento de pedestre";0;0;0;1;0;0;0;0;0;0;0;1;1;0;0
"13/04/2024";"19:31:00";"240";"Com vítima";"10,074";"BR-116/RJ";"Decrescente";"Colisão frontal";1;0;0;0;1;0;0;0;0;0;20;0;0;1;0
"13/04/2024";"19:44:00";"247";"Sem vítima";"96,000";"BR-493/RJ";"Crescente";"Choque";1;0;0;0;0;0;0;0;0;0;1;0;0;0;0
"13/04/2024";"21:42:00";"268";"Com vítima";"762,840";"BR-116/MG";"Crescente";"Atropelamento de pedestre";2;0;0;0;0;0;0;0;0;0;2;1;0;1;0
"14/04/2024";"04:56:00";"29";"Com vítima";"192,000";"BR-116/RJ";"Decrescente";"Colisão traseira";2;0;0;0;0;0;0;0;0;0;0;2;0;0;0
"14/04/2024";"07:52:00";"47";"Sem vítima";"519,000";"BR-116/MG";"Crescente";"Choque";1;0;0;0;0;0;0;0;0;0;1;0;0;0;0
"14/04/2024";"09:06:00";"59";"Com vítima";"208,000";"BR-116/RJ";"Crescente";"Choque";1;0;0;0;0;0;0;0;0;0;0;1;0;0;0
"14/04/2024";"14:06:00";"116";"Sem vítima";"51,000";"BR-493/RJ";"Crescente";"Choque";1;0;0;0;0;0;0;0;0;0;1;0;0;0;0
"14/04/2024";"14:29:00";"118";"Com vítima";"194,600";"BR-116/RJ";"Crescente";"Saída de pista";1;0;0;0;0;0;0;0;0;0;0;1;0;0;0
"14/04/2024";"16:08:00";"143";"Com vítima";"101,300";"BR-116/RJ";"Decrescente";"Queda de moto";0;0;0;1;0;0;0;0;0;0;0;2;0;0;0
"14/04/2024";"18:54:00";"174";"Com vítima";"2,434";"BR-493/RJ";"Crescente";"Colisão traseira";1;0;0;1;0;0;0;0;0;0;1;1;0;0;0
"14/04/2024";"20:58:00";"190";"Com vítima";"559,016";"BR-116/MG";"Crescente";"Colisão traseira";0;0;0;2;0;0;0;0;0;0;1;0;2;0;0
"15/04/2024";"00:01:00";"2";"Com vítima";"194,208";"BR-116/RJ";"Decrescente";"Atropelamento de animal";2;0;0;0;0;0;0;0;0;0;6;1;0;0;0