data;horario;n_da_ocorrencia;tipo_de_ocorrencia;km;trecho;sentido;tipo_de_acidente;automovel;bicicleta;caminhao;moto;onibus;outros;tracao_animal;transporte_de_cargas_especiais;trator_maquinas;utilitarios;ilesos;levemente_feridos;moderadamente_feridos;gravemente_feridos;mortos
"15/04/2024";"01:37:00";"30";"Sem vítima";"9,026";"BR-465/RJ";"Decrescente";"Atropelamento de animal";1;0;0;0;0;0;0;0;0;0;1;0;0;0;0
"15/04/2024";"04:32:00";"85";"Com vítima";"813,000";"BR-116/MG";"Crescente";"Queda de moto";0;0;0;1;0;0;0;0;0;0;0;0;0;1;0
"15/04/2024";"05:15:00";"88";"Sem vítima";"147,000";"BR-116/RJ";"Crescente";"Engavetamento";3;0;0;0;0;0;0;0;0;1;4;0;0;0;0
"15/04/2024";"08:51:00";"115";"Com vítima";"592,000";"BR-116/MG";"Crescente";"Queda de moto";0;0;0;1;0;0;0;0;0;0;0;1;0;0;0
"15/04/2024";"09:05:00";"116";"Sem vítima";"413,000";"BR-116/MG";"Crescente";"Colisão traseira";2;0;1;0;0;0;0;0;0;0;3;0;0;0;0
"15/04/2024";"12:50:00";"154";"Com vítima";"186,000";"BR-116/RJ";"Decrescente";"Engavetamento";3;0;0;0;0;0;0;0;0;0;0;5;0;0;0
"15/04/2024";"16:57:00";"194";"Sem vítima";"765,000";"BR-116/MG";"Decrescente";"Colisão transversal";1;0;0;0;0;1;0;0;0;0;2;0;0;0;0
"15/04/2024";"18:57:00";"219";"Sem vítima";"590,154";"BR-116/MG";"Decrescente";"Colisão lateral em sentido contrário";2;0;0;0;0;0;0;0;0;0;2;0;0;0;0
"15/04/2024";"19:08:00";"220";"Com vítima";"125,310";"BR-116/RJ";"Crescente";"Queda de moto";0;0;0;1;0;0;0;0;0;0;0;2;0;0;0
"15/04/2024";"20:40:00";"239";"Com vítima";"412,267";"BR-116/MG";"Crescente";"Atropelamento de ciclista";0;1;0;0;0;1;0;0;0;0;1;0;0;0;0
"15/04/2024";"23:42:00";"265";"Sem vítima";"129,700";"BR-116/RJ";"Crescente";"Choque";1;0;0;0;0;0;0;0;0;0;1;0;0;0;0
"16/04/2024";"01:27:00";"48";"Com vítima";"169,000";"BR-116/RJ";"Crescente";"Queda de moto";0;0;0;1;0;0;0;0;0;0;0;0;1;0;0
"16/04/2024";"06:03:00";"124";"Com vítima";"194,458";"BR-116/RJ";"Decrescente";"Colisão traseira";1;0;0;1;0;0;0;0;0;0;2;0;1;0;1
"16/04/2024";"07:52:00";"143";"Sem vítima";"13,700";"BR-493/RJ";"Crescente";"Colisão traseira";2;0;0;0;0;0;0;0;0;0;2;0;0;0;0
"16/04/2024";"10:40:00";"184";"Com vítima";"8,000";"BR-465/RJ";"Decrescente";"Colisão traseira";1;0;0;1;0;0;0;0;0;0;1;1;0;0;0
"16/04/2024";"13:24:00";"223";"Com vítima";"170,000";"BR-116/RJ";"Decrescente";"Choque";1;0;0;0;0;0;0;0;0;0;0;1;0;0;0
"16/04/2024";"14:27:00";"234";"Com vítima";"213,000";"BR-116/RJ";"Decrescente";"Colisão lateral no mesmo sentido";0;0;0;1;1;0;0;0;0;0;0;2;0;0;0
"16/04/2024";"17:17:00";"273";"Com vítima";"12,000";"BR-465/RJ";"Crescente";"Atropelamento de pedestre";0;1;1;0;0;0;0;0;0;0;1;0;0;0;0
"16/04/2024";"18:34:00";"286";"Com vítima";"702,191";"BR-116/MG";"Crescente";"Colisão traseira";1;0;0;1;0;0;0;0;0;0;1;0;1;0;0
"16/04/2024";"19:56:00";"310";"Com vítima";"182,200";"BR-116/RJ";"Crescente";"Colisão lateral no mesmo sentido";1;0;0;1;0;0;0;0;0;0;3;0;1;0;0
"16/04/2024";"22:38:00";"340";"Sem vítima";"172,000";"BR-116/RJ";"Crescente";"Colisão traseira";1;0;0;0;0;1;0;0;0;0;2;0;0;0;0
"17/04/2024";"02:58:00";"86";"Com vítima";"59,500";"BR-493/RJ";"Decrescente";"Capotamento";1;0;0;0;0;0;0;0;0;0;0;0;1;0;0
"17/04/2024";"05:58:00";"115";"Com vítima";"13,000";"BR-465/RJ";"Crescente";"Colisão lateral no mesmo sentido";1;0;0;1;0;0;0;0;0;0;1;1;0;0;0
"17/04/2024";"06:32:00";"120";"Com vítima";"174,846";"BR-116/RJ";"Decrescente";"Colisão traseira";1;0;0;1;0;0;0;0;0;0;1;1;0;0;0
"17/04/2024";"07:25:00";"136";"Sem vítima";"0,480";"BR-493/RJ";"Crescente";"Colisão traseira";2;0;0;0;0;0;0;0;0;0;2;0;0;0;0
"17/04/2024";"10:09:00";"173";"Com vítima";"180,000";"BR-116/RJ";"Decrescente";"Colisão traseira";1;0;0;1;0;0;0;0;0;0;1;1;0;0;0
"17/04/2024";"15:37:00";"255";"Com vítima";"0,000";"BR-493/RJ";"Crescente";"Colisão lateral em sentido contrário";2;0;0;0;0;0;0;0;0;0;1;1;0;0;0
"18/04/2024";"06:46:00";"92";"Com vítima";"140,000";"BR-116/RJ";"Decrescente";"Queda de moto";0;0;0;1;0;0;0;0;0;0;0;0;1;1;0
"18/04/2024";"06:48:00";"93";"Com vítima";"6,000";"BR-493/RJ";"Decrescente";"Colisão lateral em sentido contrário";1;0;0;1;0;0;0;0;0;0;0;1;1;0;0
"18/04/2024";"06:53:00";"94";"Com vítima";"170,000";"BR-116/RJ";"Decrescente";"Queda de moto";0;0;0;1;0;0;0;0;0;0;0;0;1;0;0
"18/04/2024";"07:18:00";"100";"Sem vítima";"17,500";"BR-465/RJ";"Crescente";"Colisão traseira";1;0;1;0;0;0;0;0;0;0;2;0;0;0;0
"18/04/2024";"07:20:00";"101";"Com vítima";"20,000";"BR-465/RJ";"Crescente";"Colisão traseira";1;0;0;1;0;0;0;0;0;0;1;0;1;0;0
"18/04/2024";"07:54:00";"104";"Sem vítima";"212,000";"BR-116/RJ";"Crescente";"Choque";0;0;0;1;0;0;0;0;0;0;1;0;0;0;0
"18/04/2024";"08:20:00";"108";"Com vítima";"82,000";"BR-116/RJ";"Decrescente";"Colisão lateral no mesmo sentido";0;1;0;1;0;0;0;0;0;0;1;0;0;0;0
"18/04/2024";"09:19:00";"124";"Sem vítima";"181,000";"BR-116/RJ";"Crescente";"Colisão lateral no mesmo sentido";1;0;1;0;0;0;0;0;0;0;2;0;0;0;0
"18/04/2024";"09:59:00";"130";"Sem vítima";"17,000";"BR-493/RJ";"Decrescente";"Colisão traseira";0;0;0;0;0;2;0;0;0;0;3;0;0;0;0
"18/04/2024";"10:24:00";"140";"Sem vítima";"548,000";"BR-116/MG";"Crescente";"Choque";1;0;0;0;0;0;0;0;0;0;1;0;0;0;0
"18/04/2024";"12:40:00";"177";"Com vítima";"108,203";"BR-116/RJ";"Decrescente";"Colisão lateral no mesmo sentido";0;0;1;1;0;0;0;0;0;0;0;1;0;1;0
"18/04/2024";"13:14:00";"186";"Sem vítima";"102,000";"BR-493/RJ";"Decrescente";"Saída de pista";1;0;0;0;0;0;0;0;0;0;1;0;0;0;0
"18/04/2024";"17:57:00";"236";"Com vítima";"412,692";"BR-116/MG";"Crescente";"Atropelamento de ciclista";0;1;0;0;0;1;0;0;0;0;1;0;0;0;0
"18/04/2024";"18:13:00";"240";"Com vítima";"198,828";"BR-116/RJ";"Decrescente";"Atropelamento de pedestre";1;0;0;0;0;0;0;0;0;0;0;1;0;0;9
"18/04/2024";"18:18:00";"242";"Com vítima";"181,000";"BR-116/RJ";"Crescente";"Queda de moto";0;0;0;1;0;0;0;0;0;0;0;1;0;0;0
"18/04/2024";"20:00:00";"260";"Sem vítima";"574,339";"BR-116/MG";"Decrescente";"Colisão lateral em sentido contrário";2;0;0;0;0;0;0;0;0;0;2;0;0;0;0
"18/04/2024";"23:34:00";"288";"Sem vítima";"494,843";"BR-116/MG";"Crescente";"Choque";1;0;0;0;0;0;0;0;0;0;1;0;0;0;0
"19/04/2024";"03:45:00";"85";"Com vítima";"522,835";"BR-116/MG";"Crescente";"Tombamento";0;0;1;0;0;0;0;0;0;0;0;1;0;0;0
"19/04/2024";"04:32:00";"88";"Sem vítima";"774,171";"BR-116/MG";"Crescente";"Saída de pista";1;0;0;0;0;0;0;0;0;0;1;0;0;0;0
"19/04/2024";"05:35:00";"91";"Sem vítima";"628,885";"BR-116/MG";"Decrescente";"Choque";1;0;0;0;0;0;0;0;0;0;1;0;0;0;0
"19/04/2024";"07:01:00";"96";"Com vítima";"171,000";"BR-116/RJ";"Decrescente";"Engavetamento";7;0;4;0;0;0;0;0;0;0;10;2;1;0;0
"19/04/2024";"07:10:00";"99";"Com vítima";"213,900";"BR-116/RJ";"Crescente";"Atropelamento de pedestre";1;0;0;0;0;0;0;0;0;0;1;0;9;0;0
"19/04/2024";"07:12:00";"100";"Sem vítima";"775,000";"BR-116/MG";"Decrescente";"Saída de pista";1;0;0;0;0;0;0;0;0;0;1;0;0;0;0
"19/04/2024";"08:15:00";"114";"Com vítima";"525,000";"BR-116/MG";"Decrescente";"Colisão transversal";1;0;0;0;0;1;0;0;0;0;1;1;0;0;0
"19/04/2024";"08:47:00";"121";"Sem vítima";"92,000";"BR-116/RJ";"Crescente";"Choque";1;0;0;0;0;0;0;0;0;0;3;0;0;0;0
"19/04/2024";"09:14:00";"124";"Com vítima";"700,000";"BR-116/MG";"Crescente";"Queda de bicicleta";0;1;0;0;0;0;0;0;0;0;0;1;0;0;0
"19/04/2024";"10:20:00";"135";"Sem vítima";"184,000";"BR-116/RJ";"Crescente";"Engavetamento";2;0;0;0;0;0;0;0;0;1;3;0;0;0;0
"19/04/2024";"10:31:00";"137";"Sem vítima";"414,320";"BR-116/MG";"Crescente";"Colisão transversal";2;0;0;0;0;0;0;0;0;0;2;0;0;0;0
"19/04/2024";"11:01:00";"146";"Sem vítima";"537,000";"BR-116/MG";"Decrescente";"Colisão traseira";2;0;0;0;0;0;0;0;0;0;2;0;0;0;0
"19/04/2024";"17:32:00";"240";"Com vítima";"200,000";"BR-116/RJ";"Decrescente";"Colisão lateral no mesmo sentido";0;0;0;1;0;1;0;0;0;0;1;0;1;0;0
"19/04/2024";"19:20:00";"266";"Com vítima";"409,639";"BR-116/MG";"Decrescente";"Colisão lateral no mesmo sentido";1;0;0;1;0;0;0;0;0;0;1;0;2;0;0
"19/04/2024";"21:24:00";"292";"Com vítima";"27,950";"BR-116/RJ";"Decrescente";"Capotamento";1;0;0;0;0;0;0;0;0;0;0;1;0;0;0
"19/04/2024";"21:50:00";"299";"Com vítima";"410,884";"BR-116/MG";"Decrescente";"Choque";1;0;0;0;0;0;0;0;0;0;0;1;0;0;0
"19/04/2024";"21:58:00";"300";"Com vítima";"82,000";"BR-116/RJ";"Decrescente";"Colisão lateral em sentido contrário";1;0;0;1;0;0;0;0;0;0;4;0;1;0;0
"19/04/2024";"23:23:00";"315";"Sem vítima";"566,000";"BR-116/MG";"Decrescente";"Colisão traseira";1;0;0;1;0;0;0;0;0;0;2;0;0;0;0
"20/04/2024";"02:55:00";"22";"Com vítima";"20,770";"BR-493/RJ";"Decrescente";"Colisão frontal";2;0;0;0;0;0;0;0;0;0;2;1;1;0;0
"20/04/2024";"05:16:00";"89";"Com vítima";"195,000";"BR-116/RJ";"Decrescente";"Choque";1;0;0;0;0;0;0;0;0;0;0;1;0;0;0
"20/04/2024";"05:21:00";"97";"Com vítima";"193,800";"BR-116/RJ";"Crescente";"Queda de moto";0;0;0;1;0;0;0;0;0;0;0;0;0;1;0
"20/04/2024";"05:58:00";"109";"Com vítima";"195,000";"BR-116/RJ";"Decrescente";"Colisão traseira";1;0;0;1;0;0;0;0;0;0;0;2;0;0;0
"20/04/2024";"06:02:00";"110";"Com vítima";"112,000";"BR-116/RJ";"Decrescente";"Atropelamento de ciclista";1;1;0;0;0;0;0;0;0;0;1;0;0;0;0
"20/04/2024";"12:47:00";"194";"Com vítima";"189,100";"BR-116/RJ";"Crescente";"Colisão traseira";1;0;0;0;1;0;0;0;0;0;0;3;0;0;0
"20/04/2024";"13:44:00";"208";"Com vítima";"67,900";"BR-493/RJ";"Decrescente";"Colisão lateral no mesmo sentido";2;0;0;1;0;0;0;0;0;0;2;0;1;0;0
"20/04/2024";"15:12:00";"218";"Com vítima";"118,000";"BR-116/RJ";"Decrescente";"Colisão lateral no mesmo sentido";1;0;0;1;0;0;0;0;0;0;1;1;0;0;0
"20/04/2024";"19:26:00";"274";"Com vítima";"626,320";"BR-116/MG";"Decrescente";"Colisão lateral no mesmo sentido";1;0;0;1;0;0;0;0;0;0;1;0;1;0;0
"20/04/2024";"22:12:00";"288";"Com vítima";"27,213";"BR-116/RJ";"Crescente";"Colisão lateral no mesmo sentido";0;0;0;1;0;1;0;0;0;0;1;1;0;0;0
"21/04/2024";"00:12:00";"2";"Com vítima";"0,030";"BR-493/RJ";"Decrescente";"Atropelamento de pedestre";1;0;0;0;0;0;0;0;0;0;0;2;0;0;0
"21/04/2024";"01:26:00";"31";"Sem vítima";"173,000";"BR-116/RJ";"Crescente";"Saída de pista";1;0;0;0;0;0;0;0;0;0;1;0;0;0;0
"21/04/2024";"02:01:00";"39";"Sem vítima";"564,962";"BR-116/MG";"Decrescente";"Atropelamento de animal";1;0;0;0;0;0;0;0;0;0;1;0;0;0;0
"21/04/2024";"03:07:00";"45";"Com vítima";"421,784";"BR-116/MG";"Decrescente";"Queda de moto";0;0;0;1;0;0;0;0;0;0;0;0;1;0;0
"21/04/2024";"03:15:00";"46";"Sem vítima";"409,702";"BR-116/MG";"Decrescente";"Saída de pista";0;0;1;0;0;0;0;0;0;0;1;0;0;0;0
"21/04/2024";"03:23:00";"48";"Com vítima";"454,207";"BR-116/MG";"Crescente";"Queda de moto";0;0;0;1;0;0;0;0;0;0;0;1;0;0;0
"21/04/2024";"04:56:00";"52";"Sem vítima";"547,319";"BR-116/MG";"Crescente";"Choque";1;0;0;0;0;0;0;0;0;0;1;0;0;0;0
"21/04/2024";"05:57:00";"56";"Com vítima";"73,000";"BR-116/RJ";"Crescente";"Atropelamento de pedestre";1;0;0;0;0;0;0;0;0;0;1;0;9;0;0
"21/04/2024";"08:56:00";"80";"Com vítima";"564,000";"BR-116/MG";"Decrescente";"Saída de pista";0;0;0;1;0;0;0;0;0;0;0;0;2;0;0
"21/04/2024";"13:11:00";"130";"Com vítima";"63,000";"BR-116/RJ";"Decrescente";"Capotamento";1;0;0;0;0;0;0;0;0;0;0;0;1;0;0
"21/04/2024";"14:29:00";"144";"Com vítima";"103,000";"BR-116/RJ";"Decrescente";"Queda de moto";0;0;0;1;0;0;0;0;0;0;0;2;0;0;0
"21/04/2024";"15:03:00";"149";"Com vítima";"763,000";"BR-116/MG";"Crescente";"Choque";1;0;0;0;0;0;0;0;0;0;0;1;0;0;0
"21/04/2024";"17:22:00";"183";"Com vítima";"178,000";"BR-116/RJ";"Crescente";"Queda de moto";0;0;0;1;0;0;0;0;0;0;0;1;0;0;0
"21/04/2024";"19:56:00";"223";"Com vítima";"735,886";"BR-116/MG";"Crescente";"Queda de moto";0;0;0;1;0;0;0;0;0;0;0;0;0;1;0
"21/04/2024";"20:05:00";"227";"Com vítima";"495,852";"BR-116/MG";"Decrescente";"Atropelamento de animal";1;0;0;0;0;0;0;0;0;0;0;1;0;0;0
"21/04/2024";"20:40:00";"232";"Com vítima";"14,900";"BR-465/RJ";"Crescente";"Colisão traseira";1;0;0;0;0;1;0;0;0;0;2;1;0;0;0
"21/04/2024";"21:09:00";"235";"Sem vítima";"679,422";"BR-116/MG";"Decrescente";"Colisão traseira";2;0;0;0;0;0;0;0;0;0;7;0;0;0;0
"21/04/2024";"21:27:00";"238";"Com vítima";"177,000";"BR-116/RJ";"Crescente";"Colisão traseira";0;0;1;1;0;0;0;0;0;0;1;0;0;1;0
"21/04/2024";"21:45:00";"242";"Sem vítima";"177,000";"BR-116/RJ";"Crescente";"Colisão traseira";2;0;0;0;0;0;0;0;0;0;5;0;0;0;0
"22/04/2024";"00:29:00";"26";"Sem vítima";"5,663";"BR-493/RJ";"Crescente";"Atropelamento de animal";0;0;1;0;0;0;0;0;0;0;1;0;0;0;0
"22/04/2024";"02:56:00";"38";"Sem vítima";"3,141";"BR-493/RJ";"Crescente";"Atropelamento de animal";1;0;0;0;0;0;0;0;0;0;1;0;0;0;0
"22/04/2024";"07:27:00";"130";"Com vítima";"148,400";"BR-116/RJ";"Crescente";"Colisão lateral no mesmo sentido";1;0;0;1;0;0;0;0;0;0;1;1;1;0;0
"22/04/2024";"07:31:00";"131";"Sem vítima";"182,000";"BR-116/RJ";"Decrescente";"Colisão lateral no mesmo sentido";1;0;1;0;0;0;0;0;0;0;2;0;0;0;0
"22/04/2024";"07:40:00";"135";"Sem vítima";"81,700";"BR-116/RJ";"Decrescente";"Atropelamento de animal";0;0;0;1;0;0;0;0;0;0;1;0;0;0;0
"22/04/2024";"07:47:00";"138";"Sem vítima";"147,000";"BR-116/RJ";"Crescente";"Engavetamento";4;0;0;0;0;0;0;0;0;0;4;0;0;0;0
"22/04/2024";"08:40:00";"154";"Com vítima";"410,670";"BR-116/MG";"Decrescente";"Queda de moto";0;0;0;1;0;0;0;0;0;0;0;1;0;0;0
"22/04/2024";"09:43:00";"167";"Sem vítima";"573,000";"BR-116/MG";"Decrescente";"Colisão traseira";0;0;1;0;0;1;0;0;0;0;2;0;0;0;0
"22/04/2024";"09:56:00";"171";"Sem vítima";"813,000";"BR-116/MG";"Crescente";"Tombamento";0;0;0;0;0;1;0;0;0;0;1;0;0;0;0
"22/04/2024";"12:36:00";"217";"Com vítima";"171,000";"BR-116/RJ";"Crescente";"Queda de moto";0;0;0;1;0;0;0;0;0;0;0;1;1;0;0
"22/04/2024";"12:53:00";"224";"Com vítima";"724,000";"BR-116/MG";"Decrescente";"Queda de moto";0;0;0;1;0;0;0;0;0;0;0;0;1;0;0
"22/04/2024";"13:16:00";"230";"Com vítima";"522,000";"BR-116/MG";"Crescente";"Colisão transversal";1;0;0;1;0;0;0;0;0;0;1;0;1;0;0
"22/04/2024";"13:52:00";"236";"Sem vítima";"101,000";"BR-493/RJ";"Crescente";"Saída de pista";1;0;0;0;0;0;0;0;0;0;1;0;0;0;0
"22/04/2024";"15:01:00";"246";"Sem vítima";"703,000";"BR-116/MG";"Crescente";"Colisão traseira";2;0;0;0;0;0;0;0;0;0;2;0;0;0;0
"22/04/2024";"16:12:00";"260";"Com vítima";"185,000";"BR-116/RJ";"Crescente";"Colisão traseira";1;0;0;1;0;0;0;0;0;0;1;0;2;0;0
"22/04/2024";"16:40:00";"268";"Sem vítima";"60,566";"BR-493/RJ";"Decrescente";"Saída de pista";1;0;0;0;0;0;0;0;0;0;1;0;0;0;0
"22/04/2024";"17:04:00";"270";"Com vítima";"137,753";"BR-116/RJ";"Decrescente";"Colisão traseira";1;0;0;1;0;0;0;0;0;0;2;1;0;0;0
"22/04/2024";"17:21:00";"273";"Com vítima";"180,400";"BR-116/RJ";"Crescente";"Queda de moto";0;0;1;1;0;0;0;0;0;0;1;0;1;0;0
"22/04/2024";"23:11:00";"332";"Com vítima";"170,115";"BR-116/RJ";"Decrescente";"Atropelamento de pedestre";0;0;0;0;0;1;0;0;0;0;2;0;0;0;50
"23/04/2024";"04:01:00";"12";"Com vítima";"8,900";"BR-465/RJ";"Decrescente";"Queda de moto";0;0;0;1;0;0;0;0;0;0;2;1;1;0;0
"23/04/2024";"06:52:00";"26";"Sem vítima";"178,000";"BR-116/RJ";"Crescente";"Capotamento";0;0;0;0;0;0;0;0;0;1;1;0;0;0;0
"23/04/2024";"11:33:00";"81";"Com vítima";"530,000";"BR-116/MG";"Decrescente";"Colisão traseira";1;0;0;1;0;0;0;0;0;0;1;0;0;1;0
"23/04/2024";"13:29:00";"105";"Com vítima";"199,000";"BR-116/RJ";"Decrescente";"Queda de moto";0;0;0;1;0;0;0;0;0;0;0;0;0;1;0
"23/04/2024";"15:33:00";"125";"Com vítima";"138,000";"BR-116/RJ";"Crescente";"Colisão lateral no mesmo sentido";1;0;0;1;0;0;0;0;0;0;1;0;1;0;0
"23/04/2024";"17:07:00";"149";"Sem vítima";"452,840";"BR-116/MG";"Decrescente";"Colisão lateral em sentido contrário";3;0;0;0;0;0;0;0;0;0;7;0;0;0;0
"23/04/2024";"18:50:00";"168";"Com vítima";"544,653";"BR-116/MG";"Crescente";"Colisão traseira";0;0;0;1;0;0;0;0;0;0;0;2;0;0;0
"23/04/2024";"19:20:00";"175";"Com vítima";"67,372";"BR-493/RJ";"Decrescente";"Atropelamento de pedestre";0;0;0;0;0;1;0;0;0;0;1;0;0;0;1
"23/04/2024";"19:43:00";"180";"Com vítima";"13,951";"BR-493/RJ";"Crescente";"Choque";0;0;0;1;0;0;0;0;0;0;0;1;0;0;0
"23/04/2024";"20:00:00";"181";"Sem vítima";"58,000";"BR-493/RJ";"Decrescente";"Choque";1;0;0;0;0;1;0;0;0;0;4;0;0;0;0
"23/04/2024";"22:24:00";"204";"Com vítima";"169,600";"BR-116/RJ";"Crescente";"Colisão lateral no mesmo sentido";0;0;0;1;0;1;0;0;0;0;1;1;0;1;0
"24/04/2024";"04:05:00";"21";"Com vítima";"77,967";"BR-116/RJ";"Crescente";"Capotamento";1;0;0;0;0;0;0;0;0;0;0;0;1;0;0
"24/04/2024";"06:05:00";"33";"Com vítima";"446,000";"BR-116/MG";"Decrescente";"Saída de pista";1;0;0;0;0;0;0;0;0;0;0;0;1;0;0
"24/04/2024";"07:14:00";"41";"Com vítima";"413,000";"BR-116/MG";"Decrescente";"Colisão lateral em sentido contrário";1;0;0;1;0;0;0;0;0;0;1;0;1;0;0
"24/04/2024";"07:31:00";"43";"Com vítima";"172,000";"BR-116/RJ";"Decrescente";"Queda de moto";0;0;0;1;0;0;0;0;0;0;0;1;0;0;0
"24/04/2024";"08:03:00";"50";"Sem vítima";"47,500";"BR-116/RJ";"Crescente";"Colisão traseira";1;0;0;0;0;1;0;0;0;0;2;0;0;0;0
"24/04/2024";"08:15:00";"54";"Com vítima";"179,000";"BR-116/RJ";"Decrescente";"Colisão lateral no mesmo sentido";2;0;0;1;0;0;0;0;0;0;0;3;0;1;0
"24/04/2024";"08:34:00";"58";"Com vítima";"171,000";"BR-116/RJ";"Decrescente";"Colisão traseira";0;0;0;2;0;1;0;0;0;0;1;2;1;0;0
"24/04/2024";"10:48:00";"97";"Sem vítima";"65,500";"BR-116/RJ";"Decrescente";"Colisão transversal";2;0;0;0;0;0;0;0;0;1;6;0;0;0;0
"24/04/2024";"10:59:00";"100";"Com vítima";"205,000";"BR-116/RJ";"Decrescente";"Choque";0;0;1;0;0;0;0;0;0;0;0;1;0;0;0
"24/04/2024";"15:49:00";"167";"Sem vítima";"145,205";"BR-116/RJ";"Decrescente";"Engavetamento";2;0;1;0;0;1;0;0;0;0;5;0;0;0;0
"24/04/2024";"17:15:00";"185";"Com vítima";"50,820";"BR-493/RJ";"Crescente";"Colisão traseira";1;0;1;0;0;0;0;0;0;0;1;0;1;1;0
"24/04/2024";"18:43:00";"206";"Sem vítima";"145,000";"BR-116/RJ";"Decrescente";"Colisão lateral no mesmo sentido";1;0;0;0;0;1;0;0;0;0;2;0;0;0;0
"24/04/2024";"19:43:00";"222";"Com vítima";"141,000";"BR-116/RJ";"Crescente";"Colisão lateral no mesmo sentido";1;0;0;1;0;1;0;0;0;0;2;1;0;0;0
"24/04/2024";"20:55:00";"240";"Sem vítima";"21,000";"BR-465/RJ";"Crescente";"Engavetamento";1;0;0;0;1;1;0;0;0;0;3;0;0;0;0
"25/04/2024";"01:19:00";"35";"Sem vítima";"535,923";"BR-116/MG";"Decrescente";"Atropelamento de animal";0;0;0;0;0;1;0;0;0;0;1;0;0;0;0
"25/04/2024";"05:32:00";"142";"Com vítima";"179,633";"BR-116/RJ";"Decrescente";"Colisão lateral no mesmo sentido";1;0;0;0;0;1;0;0;0;0;0;2;0;0;0
"25/04/2024";"08:01:00";"171";"Sem vítima";"772,000";"BR-116/MG";"Crescente";"Colisão traseira";2;0;0;0;0;0;0;0;0;0;2;0;0;0;0
"25/04/2024";"11:23:00";"241";"Com vítima";"525,000";"BR-116/MG";"Decrescente";"Atropelamento de ciclista";1;1;0;0;0;0;0;0;0;0;1;0;1;0;0
"25/04/2024";"15:37:00";"306";"Sem vítima";"488,000";"BR-116/MG";"Crescente";"Tombamento";0;0;1;0;0;0;0;0;0;0;3;0;0;0;0
"25/04/2024";"15:39:00";"308";"Sem vítima";"789,000";"BR-116/MG";"Decrescente";"Colisão lateral no mesmo sentido";2;0;0;0;0;0;0;0;0;0;5;0;0;0;0
"25/04/2024";"18:20:00";"340";"Com vítima";"81,200";"BR-116/RJ";"Crescente";"Colisão transversal";1;0;0;1;0;0;0;0;0;0;1;1;0;0;0
"26/04/2024";"03:04:00";"118";"Sem vítima";"786,944";"BR-116/MG";"Decrescente";"Atropelamento de animal";0;0;0;0;0;1;0;0;0;0;1;0;0;0;0
"26/04/2024";"05:51:00";"124";"Sem vítima";"96,000";"BR-116/RJ";"Decrescente";"Choque";1;0;0;0;0;0;0;0;0;0;1;0;0;0;0
"26/04/2024";"06:36:00";"130";"Sem vítima";"751,000";"BR-116/MG";"Decrescente";"Choque";0;0;0;0;0;1;0;0;0;0;1;0;0;0;0
"26/04/2024";"06:37:00";"132";"Sem vítima";"172,000";"BR-116/RJ";"Decrescente";"Colisão traseira";1;0;0;0;0;1;0;0;0;0;2;0;0;0;0
"26/04/2024";"07:36:00";"139";"Com vítima";"172,600";"BR-116/RJ";"Decrescente";"Queda de moto";0;0;0;1;0;0;0;0;0;0;0;2;0;0;0
"26/04/2024";"10:14:00";"178";"Sem vítima";"108,000";"BR-116/RJ";"Decrescente";"Colisão lateral no mesmo sentido";2;0;0;0;0;0;0;0;0;0;3;0;0;0;0
"26/04/2024";"11:33:00";"205";"Com vítima";"5,000";"BR-465/RJ";"Crescente";"Atropelamento de pedestre";1;0;0;1;0;0;0;0;0;0;1;1;0;0;0
"26/04/2024";"12:26:00";"217";"Sem vítima";"764,000";"BR-116/MG";"Crescente";"Colisão lateral em sentido contrário";2;0;0;0;0;0;0;0;0;0;3;0;0;0;0
"26/04/2024";"13:56:00";"236";"Com vítima";"414,000";"BR-116/MG";"Decrescente";"Colisão transversal";1;0;0;1;0;0;0;0;0;0;1;0;1;0;0
"26/04/2024";"15:42:00";"261";"Sem vítima";"20,100";"BR-465/RJ";"Decrescente";"Colisão lateral no mesmo sentido";2;0;0;0;0;0;0;0;0;0;2;0;0;0;0
"26/04/2024";"16:05:00";"267";"Sem vítima";"470,000";"BR-116/MG";"Crescente";"Choque";0;0;0;0;0;0;0;0;0;1;1;0;0;0;0
"26/04/2024";"17:19:00";"285";"Com vítima";"20,500";"BR-465/RJ";"Decrescente";"Colisão lateral no mesmo sentido";1;0;0;1;0;0;0;0;0;0;1;0;1;0;0