data;horario;n_da_ocorrencia;tipo_de_ocorrencia;km;trecho;sentido;tipo_de_acidente;automovel;bicicleta;caminhao;moto;onibus;outros;tracao_animal;transporte_de_cargas_especiais;trator_maquinas;utilitarios;ilesos;levemente_feridos;moderadamente_feridos;gravemente_feridos;mortos
"17/05/2024";"06:15:00";"75";"Sem vítima";"13,670";"BR-493/RJ";"Decrescente";"Colisão traseira";2;0;0;0;0;0;0;0;0;0;3;0;0;0;0
"17/05/2024";"06:34:00";"76";"Com vítima";"195,000";"BR-116/RJ";"Decrescente";"Queda de moto";0;0;0;1;0;0;0;0;0;0;0;1;1;0;0
"17/05/2024";"07:35:00";"84";"Sem vítima";"496,000";"BR-116/MG";"Crescente";"Colisão lateral no mesmo sentido";2;0;0;0;0;0;0;0;0;0;2;0;0;0;0
"17/05/2024";"07:56:00";"90";"Com vítima";"146,000";"BR-116/RJ";"Crescente";"Queda de moto";0;0;0;1;0;0;0;0;0;0;0;1;0;0;0
"17/05/2024";"08:06:00";"92";"Com vítima";"143,000";"BR-116/RJ";"Crescente";"Colisão lateral no mesmo sentido";1;0;0;1;0;0;0;0;0;0;1;1;0;0;0
"17/05/2024";"09:15:00";"109";"Sem vítima";"147,000";"BR-116/RJ";"Crescente";"Engavetamento";3;0;0;1;0;0;0;0;0;0;4;0;0;0;0
"17/05/2024";"12:46:00";"151";"Com vítima";"505,170";"BR-116/MG";"Crescente";"Colisão lateral em sentido contrário";1;0;0;1;0;0;0;0;0;0;0;1;0;0;2
"17/05/2024";"13:36:00";"167";"Com vítima";"137,000";"BR-116/RJ";"Decrescente";"Colisão lateral no mesmo sentido";1;0;0;1;0;0;0;0;0;0;5;1;0;0;0
"17/05/2024";"14:32:00";"180";"Com vítima";"701,000";"BR-116/MG";"Crescente";"Colisão transversal";1;0;0;1;0;0;0;0;0;0;1;0;1;0;0
"17/05/2024";"15:04:00";"188";"Com vítima";"412,000";"BR-116/MG";"Decrescente";"Colisão transversal";1;0;0;1;0;0;0;0;0;0;1;0;2;0;0
"17/05/2024";"15:27:00";"193";"Com vítima";"176,000";"BR-116/RJ";"Decrescente";"Colisão traseira";1;0;0;1;0;0;0;0;0;0;0;4;0;0;0
"17/05/2024";"15:53:00";"202";"Sem vítima";"491,000";"BR-116/MG";"Decrescente";"Saída de pista";1;0;0;0;0;0;0;0;0;0;1;0;0;0;0
"17/05/2024";"17:02:00";"224";"Com vítima";"508,240";"BR-116/MG";"Crescente";"Atropelamento de pedestre";0;0;0;0;0;1;0;0;0;0;1;0;0;1;0
"17/05/2024";"18:08:00";"238";"Com vítima";"558,830";"BR-116/MG";"Crescente";"Colisão frontal";1;0;1;0;0;0;0;0;0;0;0;1;0;0;1
"17/05/2024";"19:15:00";"252";"Sem vítima";"18,000";"BR-493/RJ";"Crescente";"Colisão traseira";2;0;0;0;0;0;0;0;0;0;2;0;0;0;0
"17/05/2024";"19:31:00";"258";"Sem vítima";"666,000";"BR-116/MG";"Decrescente";"Colisão traseira";1;0;1;0;0;0;0;0;0;0;2;0;0;0;0
"17/05/2024";"20:16:00";"269";"Sem vítima";"130,500";"BR-116/RJ";"Decrescente";"Colisão lateral no mesmo sentido";1;0;1;0;0;0;0;0;0;0;2;0;0;0;0
"17/05/2024";"20:54:00";"278";"Com vítima";"764,000";"BR-116/MG";"Crescente";"Colisão frontal";2;0;0;0;0;0;0;0;0;0;0;0;1;5;2
"17/05/2024";"21:07:00";"281";"Com vítima";"104,000";"BR-116/RJ";"Decrescente";"Queda de moto";0;0;0;1;0;0;0;0;0;0;0;1;0;0;0
"17/05/2024";"21:17:00";"282";"Com vítima";"683,400";"BR-116/MG";"Decrescente";"Colisão traseira";1;0;0;1;0;0;0;0;0;0;0;1;1;0;0
"17/05/2024";"22:04:00";"288";"Com vítima";"703,000";"BR-116/MG";"Decrescente";"Atropelamento de pedestre";1;0;0;0;0;0;0;0;0;0;1;1;0;0;0
"18/05/2024";"00:07:00";"1";"Sem vítima";"741,500";"BR-116/MG";"Decrescente";"Atropelamento de animal";0;0;0;0;1;0;0;0;0;0;1;0;0;0;0
"18/05/2024";"04:37:00";"87";"Com vítima";"4,580";"BR-493/RJ";"Decrescente";"Atropelamento de animal";1;0;0;0;0;0;0;0;0;0;0;1;0;0;0
"18/05/2024";"05:22:00";"95";"Com vítima";"11,519";"BR-465/RJ";"Decrescente";"Queda de bicicleta";0;1;0;0;0;0;0;0;0;0;0;0;0;0;0
"18/05/2024";"06:41:00";"101";"Com vítima";"420,830";"BR-116/MG";"Decrescente";"Queda de moto";0;0;0;1;0;0;0;0;0;0;0;1;0;0;0
"18/05/2024";"08:18:00";"120";"Com vítima";"195,000";"BR-116/RJ";"Crescente";"Choque";1;0;0;0;0;0;0;0;0;0;0;1;3;0;0
"18/05/2024";"09:46:00";"130";"Com vítima";"421,000";"BR-116/MG";"Crescente";"Queda de moto";0;0;0;1;0;0;0;0;0;0;0;0;0;1;0
"18/05/2024";"10:52:00";"143";"Com vítima";"501,000";"BR-116/MG";"Decrescente";"Queda de moto";0;0;0;1;0;0;0;0;0;0;0;1;0;0;0
"18/05/2024";"10:54:00";"144";"Com vítima";"116,000";"BR-116/RJ";"Decrescente";"Capotamento";1;0;0;0;0;0;0;0;0;0;4;0;1;0;0
"18/05/2024";"11:35:00";"152";"Com vítima";"173,000";"BR-116/RJ";"Crescente";"Colisão lateral no mesmo sentido";1;0;0;1;0;0;0;0;0;0;0;1;1;0;0
"18/05/2024";"11:52:00";"154";"Sem vítima";"410,000";"BR-116/MG";"Decrescente";"Engavetamento";0;0;0;0;0;5;0;0;0;0;10;0;0;0;0
"18/05/2024";"12:56:00";"168";"Com vítima";"809,000";"BR-116/MG";"Decrescente";"Colisão lateral no mesmo sentido";1;0;0;1;0;0;0;0;0;0;1;0;2;0;0
"18/05/2024";"13:34:00";"177";"Com vítima";"175,738";"BR-116/RJ";"Crescente";"Colisão traseira";2;0;0;0;0;0;0;0;0;0;0;2;0;0;0
"18/05/2024";"14:32:00";"193";"Sem vítima";"44,900";"BR-116/RJ";"Decrescente";"Choque";1;0;0;0;0;0;0;0;0;0;1;0;0;0;0
"18/05/2024";"17:21:00";"237";"Com vítima";"475,140";"BR-116/MG";"Decrescente";"Capotamento";1;0;0;0;0;0;0;0;0;0;0;1;0;0;0
"18/05/2024";"19:35:00";"268";"Com vítima";"807,000";"BR-116/MG";"Decrescente";"Queda de moto";0;0;0;1;0;0;0;0;0;0;0;2;0;0;0
"18/05/2024";"21:08:00";"280";"Com vítima";"0,000";"BR-493/RJ";"Crescente";"Colisão lateral em sentido contrário";1;0;0;1;0;0;0;0;0;0;2;1;0;0;0
"18/05/2024";"21:21:00";"282";"Com vítima";"112,000";"BR-116/RJ";"Decrescente";"Queda de moto";0;0;0;1;0;0;0;0;0;0;0;1;0;0;0
"18/05/2024";"21:32:00";"284";"Sem vítima";"112,000";"BR-116/RJ";"Decrescente";"Queda de moto";0;0;0;1;0;0;0;0;0;0;1;0;0;0;0
"18/05/2024";"23:34:00";"305";"Sem vítima";"685,958";"BR-116/MG";"Crescente";"Saída de pista";0;0;0;0;0;1;0;0;0;0;1;0;0;0;0
"19/05/2024";"01:10:00";"30";"Com vítima";"7,920";"BR-465/RJ";"Crescente";"Atropelamento de pedestre";1;0;0;0;0;0;0;0;0;0;0;1;0;0;1
"19/05/2024";"02:44:00";"40";"Com vítima";"184,668";"BR-116/RJ";"Decrescente";"Atropelamento de pedestre";0;0;0;0;0;1;0;0;0;0;2;0;0;0;9
"19/05/2024";"04:35:00";"49";"Com vítima";"183,470";"BR-116/RJ";"Crescente";"Queda de moto";0;0;0;1;0;0;0;0;0;0;0;0;0;0;1
"19/05/2024";"06:49:00";"54";"Com vítima";"676,500";"BR-116/MG";"Decrescente";"Saída de pista";1;0;0;0;0;0;0;0;0;0;1;0;1;0;0
"19/05/2024";"10:14:00";"89";"Com vítima";"777,916";"BR-116/MG";"Crescente";"Tombamento";0;0;0;0;0;1;0;0;0;0;0;0;1;0;0
"19/05/2024";"10:30:00";"91";"Com vítima";"78,675";"BR-116/RJ";"Crescente";"Colisão transversal";1;0;0;1;0;0;0;0;0;0;1;2;0;0;0
"19/05/2024";"11:28:00";"96";"Com vítima";"64,125";"BR-116/RJ";"Crescente";"Queda de moto";0;0;0;2;0;0;0;0;0;0;0;2;0;0;0
"19/05/2024";"13:30:00";"116";"Com vítima";"118,000";"BR-116/RJ";"Crescente";"Queda de moto";0;0;0;1;0;0;0;0;0;0;0;2;0;0;0
"19/05/2024";"17:08:00";"162";"Com vítima";"172,000";"BR-116/RJ";"Crescente";"Queda de moto";0;0;0;1;0;0;0;0;0;0;0;1;0;0;0
"19/05/2024";"17:20:00";"167";"Com vítima";"21,000";"BR-493/RJ";"Decrescente";"Colisão transversal";1;0;0;1;0;0;0;0;0;0;1;1;0;0;0
"19/05/2024";"17:36:00";"169";"Com vítima";"515,000";"BR-116/MG";"Crescente";"Choque";1;0;0;0;0;0;0;0;0;0;0;1;0;1;0
"19/05/2024";"18:41:00";"181";"Sem vítima";"140,000";"BR-116/RJ";"Crescente";"Engavetamento";3;0;0;0;0;1;0;0;0;0;5;0;0;0;0
"19/05/2024";"19:15:00";"189";"Com vítima";"13,703";"BR-465/RJ";"Decrescente";"Colisão lateral em sentido contrário";1;1;0;0;0;0;0;0;0;0;1;0;0;0;0
"19/05/2024";"20:28:00";"208";"Com vítima";"1,267";"BR-493/RJ";"Crescente";"Colisão transversal";0;0;0;1;0;1;0;0;0;0;1;1;0;1;0
"19/05/2024";"21:16:00";"211";"Sem vítima";"20,800";"BR-465/RJ";"Decrescente";"Colisão traseira";1;0;0;0;1;0;0;0;0;0;5;0;0;0;0
"20/05/2024";"00:20:00";"11";"Com vítima";"441,790";"BR-116/MG";"Decrescente";"Saída de pista";0;0;0;1;0;0;0;0;0;0;0;1;0;0;0
"20/05/2024";"04:15:00";"119";"Com vítima";"70,950";"BR-116/RJ";"Decrescente";"Queda de moto";0;0;0;1;0;0;0;0;0;0;0;1;0;0;0
"20/05/2024";"06:50:00";"127";"Com vítima";"528,000";"BR-116/MG";"Decrescente";"Colisão transversal";0;0;0;2;0;0;0;0;0;0;0;1;1;0;0
"20/05/2024";"08:23:00";"154";"Com vítima";"187,000";"BR-116/RJ";"Crescente";"Engavetamento";0;0;2;0;0;0;0;0;0;1;0;4;0;0;0
"20/05/2024";"09:50:00";"174";"Sem vítima";"538,000";"BR-116/MG";"Decrescente";"Colisão lateral no mesmo sentido";1;0;1;0;0;0;0;0;0;0;2;0;0;0;0
"20/05/2024";"10:13:00";"179";"Com vítima";"464,000";"BR-116/MG";"Decrescente";"Queda de moto";0;0;0;1;0;0;0;0;0;0;0;0;2;0;0
"20/05/2024";"10:22:00";"183";"Com vítima";"703,000";"BR-116/MG";"Decrescente";"Colisão lateral em sentido contrário";1;0;0;1;0;0;0;0;0;0;1;0;1;0;0
"20/05/2024";"10:27:00";"186";"Com vítima";"5,000";"BR-465/RJ";"Crescente";"Colisão lateral em sentido contrário";1;0;0;1;0;0;0;0;0;0;2;1;0;0;0
"20/05/2024";"10:33:00";"188";"Com vítima";"212,000";"BR-116/RJ";"Decrescente";"Colisão lateral no mesmo sentido";1;0;0;0;0;1;0;0;0;0;1;2;0;0;0
"20/05/2024";"12:03:00";"208";"Sem vítima";"695,000";"BR-116/MG";"Decrescente";"Engavetamento";3;0;0;0;0;0;0;0;0;0;6;0;0;0;0
"20/05/2024";"13:04:00";"219";"Com vítima";"522,000";"BR-116/MG";"Decrescente";"Colisão traseira";1;0;0;1;0;0;0;0;0;0;1;1;0;0;0
"20/05/2024";"19:36:00";"293";"Com vítima";"82,841";"BR-116/RJ";"Crescente";"Atropelamento de ciclista";0;1;0;1;0;0;0;0;0;0;1;0;0;0;0
"20/05/2024";"19:54:00";"298";"Com vítima";"187,500";"BR-116/RJ";"Crescente";"Colisão lateral no mesmo sentido";1;0;0;0;0;1;0;0;0;0;1;1;1;0;0
"20/05/2024";"20:57:00";"307";"Com vítima";"181,892";"BR-116/RJ";"Crescente";"Colisão traseira";1;0;0;1;0;0;0;0;0;0;0;1;1;0;0
"21/05/2024";"04:02:00";"55";"Com vítima";"179,100";"BR-116/RJ";"Crescente";"Colisão traseira";0;0;0;1;0;1;0;0;0;0;1;1;0;0;0
"21/05/2024";"06:02:00";"62";"Sem vítima";"95,000";"BR-493/RJ";"Decrescente";"Choque";1;0;0;0;0;0;0;0;0;0;3;0;0;0;0
"21/05/2024";"06:51:00";"64";"Com vítima";"583,000";"BR-116/MG";"Decrescente";"Colisão traseira";2;0;0;0;0;0;0;0;0;0;1;2;0;2;0
"21/05/2024";"07:25:00";"73";"Sem vítima";"511,860";"BR-116/MG";"Decrescente";"Colisão traseira";2;0;0;0;0;0;0;0;0;0;2;0;0;0;0
"21/05/2024";"07:57:00";"79";"Com vítima";"21,000";"BR-493/RJ";"Decrescente";"Engavetamento";2;0;0;0;0;1;0;0;0;0;2;2;2;0;0
"21/05/2024";"08:25:00";"85";"Com vítima";"103,000";"BR-116/RJ";"Decrescente";"Saída de pista";0;0;0;1;0;0;0;0;0;1;1;2;0;0;0
"21/05/2024";"10:32:00";"117";"Com vítima";"10,800";"BR-465/RJ";"Crescente";"Colisão lateral no mesmo sentido";0;0;0;1;0;0;0;0;0;1;1;1;0;0;0
"21/05/2024";"12:21:00";"135";"Sem vítima";"537,000";"BR-116/MG";"Crescente";"Colisão traseira";2;0;0;0;0;0;0;0;0;0;3;0;0;0;0
"21/05/2024";"12:21:00";"136";"Com vítima";"492,000";"BR-116/MG";"Crescente";"Queda de moto";0;0;0;1;0;0;0;0;0;0;0;0;1;0;0
"21/05/2024";"12:45:00";"141";"Sem vítima";"130,000";"BR-116/RJ";"Decrescente";"Choque";0;0;1;0;0;0;0;0;0;0;1;0;0;0;0
"21/05/2024";"13:08:00";"145";"Com vítima";"5,000";"BR-465/RJ";"Crescente";"Engavetamento";3;0;0;0;0;0;0;0;0;0;2;1;0;0;0
"21/05/2024";"16:59:00";"178";"Sem vítima";"98,500";"BR-116/RJ";"Crescente";"Choque";0;0;1;0;0;0;0;0;0;0;3;0;0;0;0
"21/05/2024";"17:21:00";"186";"Sem vítima";"20,000";"BR-465/RJ";"Crescente";"Colisão transversal";1;0;0;1;0;0;0;0;0;0;3;0;0;0;0
"21/05/2024";"17:41:00";"191";"Com vítima";"554,000";"BR-116/MG";"Crescente";"Queda de moto";0;0;0;1;0;0;0;0;0;0;0;1;0;0;0
"21/05/2024";"17:49:00";"193";"Com vítima";"22,000";"BR-493/RJ";"Decrescente";"Colisão traseira";1;0;1;0;0;0;0;0;0;0;2;2;0;0;0
"21/05/2024";"18:08:00";"199";"Com vítima";"702,668";"BR-116/MG";"Crescente";"Atropelamento de pedestre";0;0;0;1;0;0;0;0;0;0;0;1;1;0;0
"21/05/2024";"19:05:00";"218";"Sem vítima";"750,839";"BR-116/MG";"Decrescente";"Colisão lateral em sentido contrário";0;0;0;0;0;1;0;0;0;1;2;0;0;0;0
"21/05/2024";"22:04:00";"236";"Sem vítima";"177,000";"BR-116/RJ";"Crescente";"Colisão lateral no mesmo sentido";3;0;0;0;0;0;0;0;0;0;3;0;0;0;0
"22/05/2024";"00:17:00";"3";"Sem vítima";"10,405";"BR-465/RJ";"Crescente";"Atropelamento de animal";0;0;0;0;0;1;0;0;0;0;1;0;0;0;0
"22/05/2024";"05:29:00";"60";"Sem vítima";"1,400";"BR-465/RJ";"Decrescente";"Atropelamento de animal";1;0;0;0;0;0;0;0;0;0;1;0;0;0;0
"22/05/2024";"06:07:00";"62";"Com vítima";"181,000";"BR-116/RJ";"Decrescente";"Engavetamento";6;0;0;0;0;0;0;0;0;0;0;6;0;0;0
"22/05/2024";"07:00:00";"69";"Com vítima";"173,000";"BR-116/RJ";"Decrescente";"Colisão lateral no mesmo sentido";1;0;0;1;0;0;0;0;0;0;0;2;0;0;0
"22/05/2024";"08:23:00";"84";"Sem vítima";"701,500";"BR-116/MG";"Crescente";"Colisão traseira";2;0;0;0;0;0;0;0;0;0;3;0;0;0;0
"22/05/2024";"12:13:00";"131";"Com vítima";"489,000";"BR-116/MG";"Decrescente";"Colisão lateral no mesmo sentido";1;0;0;1;0;0;0;0;0;0;1;1;0;0;0
"22/05/2024";"17:19:00";"200";"Sem vítima";"170,000";"BR-116/RJ";"Crescente";"Colisão lateral no mesmo sentido";0;0;2;0;0;0;0;0;0;0;5;0;0;0;0
"22/05/2024";"18:56:00";"220";"Com vítima";"5,631";"BR-465/RJ";"Decrescente";"Atropelamento de pedestre";0;1;1;0;0;0;0;0;0;0;1;0;0;0;0
"23/05/2024";"05:49:00";"132";"Sem vítima";"619,500";"BR-116/MG";"Crescente";"Colisão lateral no mesmo sentido";0;0;1;0;0;1;0;0;0;0;2;0;0;0;0
"23/05/2024";"06:19:00";"136";"Com vítima";"99,000";"BR-116/RJ";"Crescente";"Choque";1;0;0;0;0;0;0;0;0;0;0;1;0;0;0
"23/05/2024";"07:39:00";"147";"Sem vítima";"127,000";"BR-116/RJ";"Decrescente";"Engavetamento";3;0;0;0;0;0;0;0;0;0;4;0;0;0;0
"23/05/2024";"08:52:00";"165";"Sem vítima";"13,000";"BR-493/RJ";"Crescente";"Colisão lateral no mesmo sentido";1;0;0;0;0;1;0;0;0;0;5;0;0;0;0
"23/05/2024";"09:44:00";"177";"Com vítima";"56,000";"BR-493/RJ";"Crescente";"Saída de pista";1;0;0;0;0;0;0;0;0;0;0;1;0;0;0
"23/05/2024";"14:11:00";"237";"Sem vítima";"55,000";"BR-116/RJ";"Decrescente";"Colisão traseira";2;0;0;0;0;0;0;0;0;0;3;0;0;0;0
"23/05/2024";"14:31:00";"242";"Com vítima";"212,900";"BR-116/RJ";"Crescente";"Queda de moto";0;0;0;1;0;0;0;0;0;0;0;1;0;0;0
"23/05/2024";"17:41:00";"277";"Sem vítima";"95,145";"BR-116/RJ";"Decrescente";"Colisão lateral em sentido contrário";1;0;1;0;0;0;0;0;0;0;2;0;0;0;0
"23/05/2024";"18:46:00";"288";"Com vítima";"178,500";"BR-116/RJ";"Decrescente";"Atropelamento de pedestre";0;0;0;1;0;0;0;0;0;0;0;10;0;0;0
"23/05/2024";"18:53:00";"291";"Com vítima";"412,000";"BR-116/MG";"Decrescente";"Colisão traseira";1;0;0;1;0;0;0;0;0;0;1;1;1;0;0
"23/05/2024";"20:11:00";"320";"Sem vítima";"776,369";"BR-116/MG";"Decrescente";"Tombamento";0;0;1;0;0;0;0;0;0;0;2;0;0;0;0
"23/05/2024";"20:16:00";"322";"Sem vítima";"180,700";"BR-116/RJ";"Crescente";"Colisão traseira";2;0;0;0;0;0;0;0;0;0;2;0;0;0;0
"23/05/2024";"21:22:00";"331";"Com vítima";"676,397";"BR-116/MG";"Crescente";"Atropelamento de animal";1;0;0;0;0;0;0;0;0;0;0;2;0;0;0
"24/05/2024";"06:17:00";"102";"Com vítima";"172,000";"BR-116/RJ";"Crescente";"Atropelamento de ciclista";0;1;0;1;0;0;0;0;0;0;0;1;0;0;0
"24/05/2024";"08:00:00";"124";"Com vítima";"186,000";"BR-116/RJ";"Decrescente";"Atropelamento de pedestre";1;0;0;0;0;0;0;0;0;0;1;0;0;9;0
"24/05/2024";"08:11:00";"131";"Sem vítima";"147,200";"BR-116/RJ";"Decrescente";"Colisão traseira";0;0;1;0;0;1;0;0;0;0;2;0;0;0;0
"24/05/2024";"08:22:00";"134";"Sem vítima";"194,000";"BR-116/RJ";"Decrescente";"Choque";1;0;0;0;0;0;0;0;0;0;1;0;0;0;0
"24/05/2024";"10:08:00";"157";"Com vítima";"6,900";"BR-116/RJ";"Decrescente";"Colisão frontal";2;0;0;0;0;0;0;0;0;0;0;0;2;2;0
"24/05/2024";"10:57:00";"165";"Com vítima";"179,000";"BR-116/RJ";"Crescente";"Colisão traseira";1;0;0;1;0;0;0;0;0;0;1;1;1;0;0
"24/05/2024";"11:02:00";"166";"Com vítima";"456,000";"BR-116/MG";"Decrescente";"Colisão lateral em sentido contrário";1;0;1;0;0;0;0;0;0;0;1;0;2;0;0
"24/05/2024";"12:20:00";"175";"Com vítima";"816,000";"BR-116/MG";"Decrescente";"Choque";1;0;0;0;0;0;0;0;0;0;0;1;0;0;0
"24/05/2024";"13:03:00";"184";"Com vítima";"4,000";"BR-465/RJ";"Crescente";"Colisão frontal";1;0;0;1;0;0;0;0;0;0;1;1;1;0;0
"24/05/2024";"14:28:00";"202";"Sem vítima";"68,000";"BR-493/RJ";"Decrescente";"Saída de pista";1;0;0;0;0;0;0;0;0;0;6;0;0;0;0
"24/05/2024";"15:58:00";"220";"Sem vítima";"171,000";"BR-116/RJ";"Crescente";"Colisão traseira";2;0;0;0;0;0;0;0;0;0;2;0;0;0;0
"24/05/2024";"16:06:00";"224";"Sem vítima";"484,000";"BR-116/MG";"Decrescente";"Choque";1;0;0;0;0;0;0;0;0;0;1;0;0;0;0
"24/05/2024";"18:41:00";"246";"Sem vítima";"627,000";"BR-116/MG";"Decrescente";"Colisão lateral no mesmo sentido";1;0;1;0;0;0;0;0;0;0;2;0;0;0;0
"24/05/2024";"20:46:00";"271";"Com vítima";"0,841";"BR-493/RJ";"Crescente";"Queda de moto";0;0;0;1;0;0;0;0;0;0;0;0;1;0;0
"25/05/2024";"00:26:00";"10";"Sem vítima";"3,200";"BR-465/RJ";"Crescente";"Atropelamento de animal";0;0;0;1;0;0;0;0;0;0;1;0;0;0;0
"25/05/2024";"02:16:00";"37";"Com vítima";"131,490";"BR-116/RJ";"Crescente";"Queda de moto";0;0;0;1;0;0;0;0;0;0;0;1;1;0;0
"25/05/2024";"05:23:00";"52";"Sem vítima";"107,500";"BR-116/RJ";"Crescente";"Colisão frontal";2;0;0;0;0;0;0;0;0;0;5;0;0;0;0
"25/05/2024";"11:24:00";"132";"Sem vítima";"21,000";"BR-465/RJ";"Decrescente";"Atropelamento de ciclista";0;1;0;0;0;0;0;0;0;1;1;0;0;0;0
"25/05/2024";"18:09:00";"207";"Com vítima";"600,444";"BR-116/MG";"Crescente";"Choque";1;0;0;0;0;0;0;0;0;0;1;0;1;0;0
"25/05/2024";"19:19:00";"217";"Sem vítima";"127,891";"BR-116/RJ";"Decrescente";"Choque";1;0;0;0;0;0;0;0;0;0;3;0;0;0;0
"25/05/2024";"19:28:00";"221";"Sem vítima";"425,402";"BR-116/MG";"Crescente";"Choque";1;0;0;0;0;0;0;0;0;0;1;0;0;0;0
"26/05/2024";"00:03:00";"1";"Com vítima";"764,000";"BR-116/MG";"Decrescente";"Colisão traseira";1;0;0;1;0;0;0;0;0;0;1;1;0;0;0
"26/05/2024";"02:19:00";"31";"Com vítima";"199,007";"BR-116/RJ";"Decrescente";"Queda de moto";0;0;0;1;0;0;0;0;0;0;0;0;2;0;0
"26/05/2024";"05:25:00";"48";"Com vítima";"628,070";"BR-116/MG";"Crescente";"Colisão frontal";1;0;0;0;0;1;0;0;0;0;0;1;0;0;2
"26/05/2024";"06:04:00";"50";"Sem vítima";"96,700";"BR-493/RJ";"Decrescente";"Choque";1;0;0;0;0;0;0;0;0;0;1;0;0;0;0
"26/05/2024";"08:00:00";"60";"Sem vítima";"102,600";"BR-116/RJ";"Decrescente";"Choque";1;0;0;0;0;0;0;0;0;0;2;0;0;0;0
"26/05/2024";"09:13:00";"80";"Sem vítima";"63,500";"BR-493/RJ";"Decrescente";"Choque";1;0;0;0;0;0;0;0;0;0;2;0;0;0;0
"26/05/2024";"09:15:00";"81";"Com vítima";"4,000";"BR-465/RJ";"Decrescente";"Queda de moto";0;0;0;1;0;0;0;0;0;0;0;1;0;0;0
"26/05/2024";"09:56:00";"87";"Sem vítima";"169,000";"BR-116/RJ";"Crescente";"Choque";1;0;0;0;0;0;0;0;0;0;1;0;0;0;0
"26/05/2024";"10:12:00";"90";"Sem vítima";"213,000";"BR-116/RJ";"Decrescente";"Colisão traseira";2;0;0;0;0;0;0;0;0;0;2;0;0;0;0
"26/05/2024";"13:14:00";"114";"Com vítima";"90,000";"BR-116/RJ";"Decrescente";"Choque";0;0;0;0;0;0;0;0;0;1;0;1;0;0;0
"26/05/2024";"14:09:00";"120";"Sem vítima";"30,000";"BR-116/RJ";"Crescente";"Engavetamento";3;0;0;0;0;0;0;0;0;0;3;0;0;0;0
"26/05/2024";"15:24:00";"138";"Sem vítima";"81,300";"BR-116/RJ";"Decrescente";"Colisão traseira";1;0;0;0;0;0;0;0;0;1;5;0;0;0;0
"26/05/2024";"15:32:00";"143";"Com vítima";"774,000";"BR-116/MG";"Decrescente";"Capotamento";0;0;0;0;0;0;0;0;0;1;0;1;0;0;0
"26/05/2024";"15:57:00";"148";"Sem vítima";"211,000";"BR-116/RJ";"Decrescente";"Saída de pista";1;0;0;0;0;0;0;0;0;0;1;0;0;0;0
"26/05/2024";"16:31:00";"154";"Sem vítima";"142,000";"BR-116/RJ";"Crescente";"Colisão lateral no mesmo sentido";1;0;0;0;0;0;0;0;0;1;2;0;0;0;0
"26/05/2024";"18:34:00";"175";"Com vítima";"689,467";"BR-116/MG";"Crescente";"Colisão lateral no mesmo sentido";2;0;0;0;0;0;0;0;0;0;2;1;0;0;0
"26/05/2024";"18:36:00";"176";"Sem vítima";"109,500";"BR-493/RJ";"Decrescente";"Acidentes de outra natureza";1;0;0;0;0;0;0;0;0;0;3;0;0;0;0
"26/05/2024";"19:29:00";"186";"Com vítima";"173,000";"BR-116/RJ";"Decrescente";"Colisão lateral no mesmo sentido";1;0;0;1;0;1;0;0;0;0;2;1;1;0;0
"26/05/2024";"19:29:00";"187";"Com vítima";"477,000";"BR-116/MG";"Crescente";"Colisão traseira";1;0;0;1;0;0;0;0;0;0;1;1;0;0;0
"26/05/2024";"19:32:00";"189";"Sem vítima";"89,700";"BR-116/RJ";"Crescente";"Choque";1;0;0;0;0;0;0;0;0;0;2;0;0;0;0
"26/05/2024";"19:51:00";"191";"Sem vítima";"95,211";"BR-493/RJ";"Crescente";"Choque";1;0;0;0;0;0;0;0;0;0;3;0;0;0;0
"26/05/2024";"20:47:00";"206";"Com vítima";"742,113";"BR-116/MG";"Decrescente";"Colisão frontal";0;0;0;1;0;1;0;0;0;0;0;1;0;0;1
"26/05/2024";"21:41:00";"216";"Sem vítima";"179,800";"BR-116/RJ";"Crescente";"Colisão lateral no mesmo sentido";4;0;0;0;0;0;0;0;0;0;12;0;0;0;0
"26/05/2024";"23:11:00";"227";"Com vítima";"148,400";"BR-116/RJ";"Decrescente";"Choque";1;0;0;0;0;0;0;0;0;0;0;1;0;0;0
"26/05/2024";"23:18:00";"228";"Com vítima";"644,000";"BR-116/MG";"Decrescente";"Choque";1;0;0;0;0;0;0;0;0;0;0;0;0;0;1
"27/05/2024";"01:03:00";"46";"Sem vítima";"78,098";"BR-116/RJ";"Crescente";"Capotamento";1;0;0;0;0;0;0;0;0;0;3;0;0;0;0