data;horario;n_da_ocorrencia;tipo_de_ocorrencia;km;trecho;sentido;tipo_de_acidente;automovel;bicicleta;caminhao;moto;onibus;outros;tracao_animal;transporte_de_cargas_especiais;trator_maquinas;utilitarios;ilesos;levemente_feridos;moderadamente_feridos;gravemente_feridos;mortos
"27/05/2024";"02:26:00";"54";"Com vítima";"148,400";"BR-116/RJ";"Decrescente";"Choque";1;0;0;0;0;0;0;0;0;0;1;1;0;0;0
"27/05/2024";"03:48:00";"72";"Sem vítima";"689,000";"BR-116/MG";"Crescente";"Choque";1;0;0;0;0;0;0;0;0;0;1;0;0;0;0
"27/05/2024";"07:28:00";"92";"Sem vítima";"62,200";"BR-116/RJ";"Decrescente";"Colisão lateral em sentido contrário";2;0;0;0;0;0;0;0;0;0;8;0;0;0;0
"27/05/2024";"14:52:00";"182";"Com vítima";"102,000";"BR-116/RJ";"Crescente";"Queda de moto";0;0;0;1;0;0;0;0;0;0;0;0;2;0;0
"27/05/2024";"16:39:00";"210";"Sem vítima";"31,780";"BR-116/RJ";"Decrescente";"Colisão lateral em sentido contrário";1;0;0;0;0;1;0;0;0;0;2;0;0;0;0
"27/05/2024";"18:19:00";"231";"Com vítima";"109,581";"BR-116/RJ";"Crescente";"Colisão frontal";2;0;0;0;0;0;0;0;0;0;0;1;1;1;0
"27/05/2024";"20:14:00";"260";"Sem vítima";"139,000";"BR-116/RJ";"Decrescente";"Colisão lateral no mesmo sentido";1;0;0;0;0;1;0;0;0;0;2;0;0;0;0
"28/05/2024";"00:51:00";"40";"Sem vítima";"88,000";"BR-493/RJ";"Decrescente";"Tombamento";0;0;0;0;0;0;0;0;0;1;1;0;0;0;0
"28/05/2024";"04:08:00";"97";"Com vítima";"408,664";"BR-116/MG";"Decrescente";"Choque";1;0;0;0;0;0;0;0;0;0;0;1;0;0;0
"28/05/2024";"04:17:00";"99";"Sem vítima";"579,000";"BR-116/MG";"Crescente";"Choque";1;0;0;0;0;0;0;0;0;0;1;0;0;0;0
"28/05/2024";"06:15:00";"130";"Com vítima";"93,000";"BR-116/RJ";"Decrescente";"Colisão traseira";0;0;0;1;0;1;0;0;0;0;1;1;0;0;0
"28/05/2024";"07:14:00";"139";"Com vítima";"2,000";"BR-493/RJ";"Crescente";"Atropelamento de pedestre";0;0;0;1;0;0;0;0;0;0;0;0;2;0;0
"28/05/2024";"07:23:00";"141";"Sem vítima";"115,700";"BR-493/RJ";"Crescente";"Atropelamento de animal";0;0;0;0;0;1;0;0;0;0;1;0;0;0;0
"28/05/2024";"08:10:00";"149";"Com vítima";"173,000";"BR-116/RJ";"Crescente";"Colisão lateral no mesmo sentido";1;0;2;0;0;0;0;0;0;0;0;2;1;1;0
"28/05/2024";"08:39:00";"156";"Com vítima";"674,000";"BR-116/MG";"Decrescente";"Colisão lateral em sentido contrário";1;0;0;1;0;0;0;0;0;0;1;0;1;0;0
"28/05/2024";"12:06:00";"199";"Com vítima";"183,000";"BR-116/RJ";"Crescente";"Colisão traseira";0;0;1;2;0;0;0;0;0;0;1;2;0;0;0
"28/05/2024";"13:51:00";"222";"Sem vítima";"139,000";"BR-116/RJ";"Crescente";"Colisão lateral no mesmo sentido";2;0;0;0;1;0;0;0;0;0;3;0;0;0;0
"28/05/2024";"17:52:00";"269";"Com vítima";"3,000";"BR-465/RJ";"Crescente";"Atropelamento de pedestre";1;0;0;0;0;0;0;0;0;0;1;0;0;1;0
"28/05/2024";"18:13:00";"272";"Com vítima";"13,000";"BR-465/RJ";"Decrescente";"Atropelamento de pedestre";1;0;0;0;0;0;0;0;0;0;1;1;0;0;0
"28/05/2024";"18:48:00";"279";"Com vítima";"102,500";"BR-116/RJ";"Crescente";"Engavetamento";2;0;0;0;0;1;0;0;0;0;3;1;0;0;0
"28/05/2024";"19:02:00";"285";"Com vítima";"673,770";"BR-116/MG";"Crescente";"Colisão transversal";1;0;0;1;0;0;0;0;0;0;1;0;1;0;0
"28/05/2024";"23:00:00";"327";"Sem vítima";"4,000";"BR-465/RJ";"Crescente";"Colisão lateral em sentido contrário";1;0;0;1;0;0;0;0;0;0;2;0;0;0;0
"29/05/2024";"02:30:00";"14";"Com vítima";"690,000";"BR-116/MG";"Decrescente";"Atropelamento de animal";0;0;0;1;0;0;0;0;0;0;0;1;0;0;0
"29/05/2024";"04:38:00";"20";"Sem vítima";"17,500";"BR-493/RJ";"Decrescente";"Choque";1;0;0;0;0;0;0;0;0;0;2;0;0;0;0
"29/05/2024";"07:05:00";"26";"Com vítima";"522,000";"BR-116/MG";"Decrescente";"Atropelamento de pedestre";0;0;0;1;0;0;0;0;0;0;1;1;0;0;0
"29/05/2024";"08:05:00";"45";"Com vítima";"184,000";"BR-116/RJ";"Decrescente";"Colisão traseira";1;0;0;1;0;0;0;0;0;0;2;0;1;0;0
"29/05/2024";"11:20:00";"83";"Com vítima";"148,000";"BR-116/RJ";"Crescente";"Queda de moto";0;0;0;1;0;0;0;0;0;0;0;1;0;0;0
"29/05/2024";"16:31:00";"157";"Sem vítima";"91,000";"BR-116/RJ";"Decrescente";"Colisão lateral no mesmo sentido";0;0;1;0;0;0;0;0;0;1;4;0;0;0;0
"29/05/2024";"17:39:00";"170";"Com vítima";"19,568";"BR-493/RJ";"Crescente";"Atropelamento de ciclista";1;1;0;0;0;0;0;0;0;0;1;0;1;0;0
"29/05/2024";"18:13:00";"178";"Com vítima";"179,427";"BR-116/RJ";"Crescente";"Colisão traseira";1;0;0;1;0;0;0;0;0;0;1;0;0;1;0
"29/05/2024";"19:00:00";"192";"Sem vítima";"745,000";"BR-116/MG";"Crescente";"Choque";1;0;0;0;0;1;0;0;0;0;2;0;0;0;0
"29/05/2024";"19:55:00";"202";"Sem vítima";"93,380";"BR-116/RJ";"Decrescente";"Choque";1;0;0;0;0;0;0;0;0;0;1;0;0;0;0
"30/05/2024";"00:03:00";"3";"Sem vítima";"583,634";"BR-116/MG";"Decrescente";"Choque";1;0;0;0;0;0;0;0;0;0;1;0;0;0;0
"30/05/2024";"02:01:00";"43";"Sem vítima";"581,630";"BR-116/MG";"Decrescente";"Choque";1;0;0;0;0;0;0;0;0;0;1;0;0;0;0
"30/05/2024";"05:27:00";"60";"Sem vítima";"590,374";"BR-116/MG";"Decrescente";"Saída de pista";1;0;0;0;0;0;0;0;0;0;4;0;0;0;0
"30/05/2024";"05:28:00";"61";"Sem vítima";"137,786";"BR-116/RJ";"Decrescente";"Choque";1;0;0;0;0;0;0;0;0;0;1;0;0;0;0
"30/05/2024";"05:44:00";"62";"Com vítima";"529,000";"BR-116/MG";"Decrescente";"Queda de moto";0;0;0;1;0;0;0;0;0;0;0;1;0;0;0
"30/05/2024";"06:16:00";"63";"Sem vítima";"136,000";"BR-116/RJ";"Decrescente";"Choque";0;0;0;0;0;0;0;0;0;1;3;0;0;0;0
"30/05/2024";"08:29:00";"84";"Sem vítima";"205,000";"BR-116/RJ";"Crescente";"Colisão traseira";2;0;0;0;0;0;0;0;0;0;2;0;0;0;0
"30/05/2024";"10:37:00";"117";"Sem vítima";"20,100";"BR-116/RJ";"Decrescente";"Choque";1;0;0;0;0;1;0;0;0;0;2;0;0;0;0
"30/05/2024";"15:43:00";"180";"Sem vítima";"182,000";"BR-116/RJ";"Decrescente";"Queda de moto";0;0;0;1;0;0;0;0;0;0;1;0;0;0;0
"30/05/2024";"16:07:00";"187";"Com vítima";"169,000";"BR-116/RJ";"Decrescente";"Queda de moto";0;0;0;1;0;0;0;0;0;0;0;1;0;0;0
"30/05/2024";"16:38:00";"198";"Com vítima";"672,100";"BR-116/MG";"Crescente";"Queda de moto";0;0;0;1;0;0;0;0;0;0;0;1;0;0;0
"30/05/2024";"18:06:00";"219";"Com vítima";"107,720";"BR-116/RJ";"Crescente";"Queda de moto";0;0;0;1;0;0;0;0;0;0;0;1;1;0;0
"30/05/2024";"19:53:00";"239";"Com vítima";"654,072";"BR-116/MG";"Decrescente";"Colisão traseira";2;0;0;0;0;0;0;0;0;0;2;1;0;0;0
"30/05/2024";"20:07:00";"242";"Com vítima";"493,437";"BR-116/MG";"Decrescente";"Choque";0;0;0;1;0;0;0;0;0;0;0;0;0;1;1
"30/05/2024";"22:27:00";"264";"Sem vítima";"135,616";"BR-116/RJ";"Decrescente";"Choque";1;0;0;0;0;0;0;0;0;0;2;0;0;0;0
"31/05/2024";"03:49:00";"37";"Sem vítima";"812,000";"BR-116/MG";"Decrescente";"Choque";1;0;0;0;0;0;0;0;0;0;1;0;0;0;0
"31/05/2024";"07:25:00";"51";"Com vítima";"182,000";"BR-116/RJ";"Decrescente";"Capotamento";1;0;0;0;0;0;0;0;0;0;0;0;1;0;0
"31/05/2024";"07:34:00";"54";"Com vítima";"181,000";"BR-116/RJ";"Crescente";"Colisão lateral no mesmo sentido";1;0;0;1;0;0;0;0;0;0;0;2;0;0;0
"31/05/2024";"07:44:00";"58";"Sem vítima";"87,520";"BR-116/RJ";"Decrescente";"Colisão traseira";2;0;0;0;0;0;0;0;0;0;3;0;0;0;0
"31/05/2024";"08:20:00";"65";"Com vítima";"778,000";"BR-116/MG";"Decrescente";"Colisão lateral em sentido contrário";2;0;0;0;0;0;0;0;0;0;1;5;1;0;0
"31/05/2024";"09:24:00";"73";"Sem vítima";"3,200";"BR-465/RJ";"Crescente";"Colisão lateral em sentido contrário";2;0;0;0;0;0;0;0;0;0;2;0;0;0;0
"31/05/2024";"10:42:00";"89";"Sem vítima";"172,000";"BR-116/RJ";"Decrescente";"Colisão lateral no mesmo sentido";0;0;0;0;0;1;0;0;0;0;1;0;0;0;0
"31/05/2024";"11:02:00";"97";"Com vítima";"169,700";"BR-116/RJ";"Crescente";"Colisão lateral no mesmo sentido";1;0;0;0;0;1;0;0;0;1;0;4;0;0;0
"31/05/2024";"11:48:00";"103";"Com vítima";"176,000";"BR-116/RJ";"Decrescente";"Choque";1;0;0;0;0;0;0;0;0;0;0;1;0;0;0
"31/05/2024";"13:21:00";"125";"Com vítima";"177,000";"BR-116/RJ";"Crescente";"Choque";1;0;0;0;0;0;0;0;0;0;0;1;0;0;0
"31/05/2024";"14:04:00";"131";"Sem vítima";"754,000";"BR-116/MG";"Crescente";"Saída de pista";1;0;0;0;0;0;0;0;0;0;1;0;0;0;0
"31/05/2024";"19:16:00";"212";"Com vítima";"523,000";"BR-116/MG";"Crescente";"Colisão lateral no mesmo sentido";1;0;0;1;0;0;0;0;0;0;1;1;0;0;0
"31/05/2024";"20:19:00";"225";"Sem vítima";"422,000";"BR-116/MG";"Decrescente";"Saída de pista";1;0;0;0;0;0;0;0;0;0;1;0;0;0;0
"31/05/2024";"20:50:00";"234";"Com vítima";"180,000";"BR-116/RJ";"Crescente";"Colisão traseira";2;0;0;0;0;0;0;0;0;0;0;4;0;0;0
"31/05/2024";"22:46:00";"244";"Com vítima";"551,314";"BR-116/MG";"Crescente";"Choque";0;0;0;1;0;0;0;0;0;0;0;1;0;0;0
"31/05/2024";"23:00:00";"248";"Com vítima";"175,000";"BR-116/RJ";"Decrescente";"Colisão traseira";2;0;0;0;0;0;0;0;0;0;0;4;0;0;0
"31/05/2024";"23:13:00";"250";"Com vítima";"146,000";"BR-116/RJ";"Decrescente";"Colisão lateral no mesmo sentido";0;1;0;1;0;0;0;0;0;0;0;1;0;0;0
"01/06/2024";"00:16:00";"3";"Sem vítima";"460,218";"BR-116/MG";"Decrescente";"Choque";1;0;0;0;0;0;0;0;0;0;1;0;0;0;0
"01/06/2024";"01:07:00";"7";"Com vítima";"169,000";"BR-116/RJ";"Decrescente";"Queda de moto";0;0;0;1;0;0;0;0;0;0;0;0;0;1;0
"01/06/2024";"01:48:00";"14";"Com vítima";"543,600";"BR-116/MG";"Crescente";"Queda de moto";0;0;0;1;0;0;0;0;0;0;0;2;0;0;0
"01/06/2024";"03:02:00";"15";"Sem vítima";"706,123";"BR-116/MG";"Decrescente";"Acidentes de outra natureza";1;0;0;0;0;0;0;0;0;0;1;0;0;0;0
"01/06/2024";"04:49:00";"63";"Sem vítima";"412,000";"BR-116/MG";"Decrescente";"Colisão frontal";2;0;0;0;0;0;0;0;0;0;2;0;0;0;0
"01/06/2024";"06:41:00";"69";"Com vítima";"2,300";"BR-493/RJ";"Crescente";"Choque";1;0;0;0;0;0;0;0;0;0;0;0;0;1;0
"01/06/2024";"07:09:00";"75";"Sem vítima";"559,000";"BR-116/MG";"Decrescente";"Choque";1;0;0;0;0;0;0;0;0;0;1;0;0;0;0
"01/06/2024";"07:12:00";"76";"Com vítima";"188,000";"BR-116/RJ";"Decrescente";"Queda de moto";0;0;0;1;0;0;0;0;0;0;0;2;0;0;0
"01/06/2024";"08:57:00";"90";"Com vítima";"211,000";"BR-116/RJ";"Decrescente";"Capotamento";1;0;0;0;1;0;0;0;0;0;0;3;0;0;0
"01/06/2024";"11:31:00";"130";"Sem vítima";"132,800";"BR-116/RJ";"Crescente";"Colisão lateral no mesmo sentido";1;0;0;0;0;1;0;0;0;0;2;0;0;0;0
"01/06/2024";"13:31:00";"154";"Sem vítima";"105,000";"BR-116/RJ";"Crescente";"Choque";1;0;0;0;0;0;0;0;0;0;1;0;0;0;0
"01/06/2024";"14:42:00";"169";"Com vítima";"108,193";"BR-116/RJ";"Decrescente";"Colisão transversal";1;0;1;0;0;0;0;0;0;0;0;4;0;0;0
"01/06/2024";"15:11:00";"172";"Com vítima";"49,800";"BR-116/RJ";"Decrescente";"Colisão transversal";0;0;0;1;1;0;0;0;0;0;0;1;0;0;1
"01/06/2024";"16:35:00";"189";"Com vítima";"169,000";"BR-116/RJ";"Crescente";"Choque";1;0;0;0;0;0;0;0;0;0;3;1;1;0;0
"01/06/2024";"19:35:00";"211";"Com vítima";"422,000";"BR-116/MG";"Crescente";"Queda de moto";0;0;0;1;0;0;0;0;0;0;0;1;0;0;0
"01/06/2024";"19:45:00";"214";"Com vítima";"70,000";"BR-116/RJ";"Crescente";"Colisão traseira";1;0;0;2;0;0;0;0;0;0;1;1;2;0;0
"01/06/2024";"23:15:00";"234";"Com vítima";"198,097";"BR-116/RJ";"Crescente";"Atropelamento de pedestre";1;0;0;0;0;0;0;0;0;0;0;2;0;0;9
"02/06/2024";"02:51:00";"50";"Sem vítima";"144,735";"BR-116/RJ";"Decrescente";"Colisão traseira";2;0;0;0;0;0;0;0;0;0;2;0;0;0;0
"02/06/2024";"04:58:00";"56";"Com vítima";"182,000";"BR-116/RJ";"Crescente";"Engavetamento";3;0;0;0;0;0;0;0;0;0;0;3;0;0;0
"02/06/2024";"10:22:00";"101";"Com vítima";"2,000";"BR-465/RJ";"Crescente";"Colisão lateral no mesmo sentido";0;0;0;2;0;0;0;0;0;0;0;3;1;0;0
"02/06/2024";"13:45:00";"143";"Com vítima";"118,000";"BR-116/RJ";"Crescente";"Queda de moto";0;0;0;1;0;0;0;0;0;0;0;1;0;0;0
"02/06/2024";"15:35:00";"161";"Com vítima";"192,000";"BR-116/RJ";"Decrescente";"Engavetamento";5;0;0;0;0;1;0;0;0;0;2;4;2;0;0
"02/06/2024";"15:53:00";"165";"Com vítima";"199,514";"BR-116/RJ";"Decrescente";"Engavetamento";2;0;0;0;0;0;0;0;0;0;0;2;0;0;0
"02/06/2024";"16:14:00";"169";"Com vítima";"106,000";"BR-116/RJ";"Crescente";"Queda de moto";0;0;0;1;0;0;0;0;0;0;0;1;0;0;0
"02/06/2024";"17:58:00";"186";"Com vítima";"424,870";"BR-116/MG";"Crescente";"Colisão lateral no mesmo sentido";0;1;0;1;0;0;0;0;0;0;0;0;2;0;0
"02/06/2024";"18:02:00";"188";"Com vítima";"631,300";"BR-116/MG";"Crescente";"Colisão lateral em sentido contrário";2;0;0;1;0;0;0;0;0;0;2;1;2;0;0
"02/06/2024";"19:08:00";"201";"Com vítima";"14,500";"BR-465/RJ";"Decrescente";"Atropelamento de pedestre";0;0;0;0;0;1;0;0;0;0;1;1;0;0;0
"02/06/2024";"21:45:00";"229";"Sem vítima";"77,000";"BR-493/RJ";"Crescente";"Atropelamento de animal";1;0;0;0;0;0;0;0;0;0;1;0;0;0;0
"02/06/2024";"23:40:00";"250";"Sem vítima";"145,318";"BR-116/RJ";"Decrescente";"Choque";1;0;0;0;0;0;0;0;0;0;1;0;0;0;0
"03/06/2024";"00:47:00";"36";"Com vítima";"142,360";"BR-116/RJ";"Crescente";"Colisão traseira";1;0;0;1;0;0;0;0;0;0;0;2;1;0;0
"03/06/2024";"00:57:00";"40";"Com vítima";"176,218";"BR-116/RJ";"Decrescente";"Colisão traseira";1;0;0;0;0;1;0;0;0;0;1;1;0;0;0
"03/06/2024";"01:19:00";"67";"Sem vítima";"118,500";"BR-116/RJ";"Decrescente";"Capotamento";1;0;0;0;0;0;0;0;0;0;1;0;0;0;0
"03/06/2024";"01:22:00";"68";"Com vítima";"176,204";"BR-116/RJ";"Decrescente";"Colisão traseira";2;0;0;0;0;0;0;0;0;0;0;2;0;0;0
"03/06/2024";"02:11:00";"70";"Com vítima";"177,146";"BR-116/RJ";"Decrescente";"Colisão traseira";1;0;0;0;0;1;0;0;0;0;1;1;0;0;0
"03/06/2024";"05:12:00";"84";"Com vítima";"529,490";"BR-116/MG";"Decrescente";"Atropelamento de animal";0;0;0;1;0;0;0;0;0;0;0;0;1;0;0
"03/06/2024";"06:39:00";"90";"Com vítima";"145,300";"BR-116/RJ";"Crescente";"Queda de moto";0;0;0;1;0;0;0;0;0;0;0;2;0;0;0
"03/06/2024";"06:56:00";"96";"Sem vítima";"6,000";"BR-493/RJ";"Decrescente";"Colisão transversal";2;0;0;0;0;0;0;0;0;0;2;0;0;0;0
"03/06/2024";"08:31:00";"119";"Com vítima";"170,000";"BR-116/RJ";"Decrescente";"Colisão traseira";0;0;0;1;0;1;0;0;0;0;1;1;0;0;0
"03/06/2024";"10:05:00";"151";"Com vítima";"174,000";"BR-116/RJ";"Decrescente";"Colisão traseira";0;0;2;0;0;0;0;0;0;0;0;2;0;0;0
"03/06/2024";"11:39:00";"167";"Com vítima";"87,000";"BR-116/RJ";"Decrescente";"Colisão transversal";2;0;0;0;0;0;0;0;0;0;2;2;0;0;0
"03/06/2024";"14:21:00";"204";"Com vítima";"147,000";"BR-116/RJ";"Crescente";"Queda de moto";0;0;0;1;0;0;0;0;0;0;0;1;0;0;0
"03/06/2024";"16:25:00";"231";"Com vítima";"23,897";"BR-493/RJ";"Decrescente";"Colisão frontal";2;0;0;0;0;0;0;0;0;0;0;1;1;1;0
"03/06/2024";"17:15:00";"241";"Sem vítima";"132,000";"BR-116/RJ";"Decrescente";"Choque";1;0;0;0;0;1;0;0;0;0;2;0;0;0;0
"03/06/2024";"17:39:00";"248";"Com vítima";"704,608";"BR-116/MG";"Crescente";"Colisão transversal";0;0;0;1;0;1;0;0;0;0;1;1;0;0;0
"03/06/2024";"18:09:00";"251";"Com vítima";"173,191";"BR-116/RJ";"Decrescente";"Engavetamento";2;0;0;0;0;1;0;0;0;0;1;2;0;0;0
"03/06/2024";"18:34:00";"254";"Com vítima";"82,700";"BR-116/RJ";"Decrescente";"Acidentes de outra natureza";1;0;0;0;0;0;0;0;0;0;0;1;0;0;0
"03/06/2024";"19:07:00";"259";"Com vítima";"184,000";"BR-116/RJ";"Crescente";"Colisão traseira";2;0;0;0;0;0;0;0;0;0;1;2;0;0;0
"03/06/2024";"19:27:00";"263";"Sem vítima";"108,998";"BR-116/RJ";"Crescente";"Colisão traseira";1;0;0;0;0;0;0;0;0;1;5;0;0;0;0
"03/06/2024";"21:16:00";"285";"Com vítima";"42,485";"BR-116/RJ";"Crescente";"Colisão transversal";0;0;1;1;0;0;0;0;0;0;1;0;0;0;1
"03/06/2024";"22:39:00";"297";"Sem vítima";"51,902";"BR-493/RJ";"Decrescente";"Choque";1;0;0;0;0;0;0;0;0;0;1;0;0;0;0
"04/06/2024";"05:34:00";"73";"Com vítima";"182,900";"BR-116/RJ";"Decrescente";"Colisão traseira";0;0;0;1;0;0;0;0;0;1;0;0;2;0;0
"04/06/2024";"06:19:00";"77";"Com vítima";"776,000";"BR-116/MG";"Decrescente";"Tombamento";0;0;0;0;0;1;0;0;0;0;0;0;1;0;0
"04/06/2024";"09:41:00";"112";"Sem vítima";"187,000";"BR-116/RJ";"Decrescente";"Colisão traseira";0;0;0;1;0;0;0;0;0;1;4;0;0;0;0
"04/06/2024";"13:35:00";"168";"Com vítima";"761,000";"BR-116/MG";"Crescente";"Colisão transversal";1;0;0;1;0;0;0;0;0;0;1;1;0;0;0
"04/06/2024";"14:11:00";"175";"Com vítima";"90,000";"BR-493/RJ";"Decrescente";"Saída de pista";1;0;0;0;0;0;0;0;0;0;0;1;0;1;0
"04/06/2024";"15:30:00";"186";"Sem vítima";"67,000";"BR-493/RJ";"Crescente";"Capotamento";0;0;0;0;0;0;0;0;0;1;2;0;0;0;0
"04/06/2024";"18:03:00";"214";"Sem vítima";"6,667";"BR-493/RJ";"Decrescente";"Colisão traseira";1;0;1;0;0;0;0;0;0;1;4;0;0;0;0
"04/06/2024";"18:47:00";"222";"Com vítima";"12,000";"BR-493/RJ";"Decrescente";"Atropelamento de animal";0;1;0;0;0;0;0;0;0;0;0;0;0;0;0
"04/06/2024";"19:20:00";"229";"Com vítima";"186,600";"BR-116/RJ";"Decrescente";"Colisão lateral no mesmo sentido";2;0;0;0;0;0;0;0;0;0;0;2;0;0;0
"04/06/2024";"19:37:00";"231";"Sem vítima";"189,000";"BR-116/RJ";"Crescente";"Colisão traseira";0;0;0;2;0;0;0;0;0;0;2;0;0;0;0
"05/06/2024";"05:00:00";"14";"Sem vítima";"17,478";"BR-493/RJ";"Decrescente";"Tombamento";0;0;0;0;0;1;0;0;0;0;2;0;0;0;0
"05/06/2024";"06:10:00";"18";"Com vítima";"195,000";"BR-116/RJ";"Decrescente";"Colisão lateral no mesmo sentido";1;0;0;1;0;0;0;0;0;0;1;1;0;0;0
"05/06/2024";"07:16:00";"29";"Com vítima";"556,000";"BR-116/MG";"Crescente";"Colisão lateral no mesmo sentido";0;0;0;1;0;1;0;0;0;0;1;0;1;0;0
"05/06/2024";"07:58:00";"40";"Com vítima";"170,300";"BR-116/RJ";"Crescente";"Colisão traseira";0;0;1;1;0;0;0;0;0;0;0;1;0;0;1
"05/06/2024";"08:14:00";"42";"Com vítima";"507,820";"BR-116/MG";"Decrescente";"Choque";0;0;0;1;0;0;0;0;0;0;0;0;1;0;0
"05/06/2024";"08:31:00";"47";"Com vítima";"196,800";"BR-116/RJ";"Crescente";"Choque";0;0;1;0;0;0;0;0;0;0;0;1;0;0;0
"05/06/2024";"08:37:00";"48";"Com vítima";"171,000";"BR-116/RJ";"Crescente";"Colisão traseira";0;0;0;0;1;1;0;0;0;0;1;6;0;0;0
"05/06/2024";"12:44:00";"95";"Com vítima";"174,000";"BR-116/RJ";"Decrescente";"Colisão traseira";1;0;0;2;0;0;0;0;0;0;0;3;0;0;0
"05/06/2024";"14:23:00";"110";"Com vítima";"193,100";"BR-116/RJ";"Decrescente";"Engavetamento";2;0;1;0;0;0;0;0;0;0;0;3;0;0;0
"05/06/2024";"15:19:00";"120";"Sem vítima";"212,900";"BR-116/RJ";"Crescente";"Colisão traseira";0;0;0;0;0;2;0;0;0;0;2;0;0;0;0
"05/06/2024";"15:56:00";"129";"Com vítima";"776,350";"BR-116/MG";"Decrescente";"Tombamento";0;0;0;0;0;1;0;0;0;0;0;1;0;0;0
"05/06/2024";"18:06:00";"149";"Com vítima";"193,000";"BR-116/RJ";"Crescente";"Colisão lateral no mesmo sentido";1;0;0;1;0;0;0;0;0;0;1;1;0;0;0
"05/06/2024";"19:06:00";"165";"Com vítima";"179,000";"BR-116/RJ";"Crescente";"Engavetamento";2;0;0;0;0;1;0;0;0;0;1;2;0;0;0
"05/06/2024";"19:06:00";"166";"Com vítima";"0,800";"BR-493/RJ";"Decrescente";"Colisão traseira";1;0;0;1;0;0;0;0;0;0;2;1;0;0;0
"05/06/2024";"19:14:00";"171";"Sem vítima";"169,000";"BR-116/RJ";"Crescente";"Colisão lateral no mesmo sentido";0;0;0;0;1;1;0;0;0;0;2;0;0;0;0
"05/06/2024";"19:51:00";"176";"Com vítima";"184,000";"BR-116/RJ";"Crescente";"Colisão traseira";2;0;0;0;0;0;0;0;0;0;0;4;0;0;0
"06/06/2024";"00:00:00";"2";"Sem vítima";"103,336";"BR-116/RJ";"Crescente";"Tombamento";0;0;1;0;0;0;0;0;0;0;1;0;0;0;0
"06/06/2024";"00:36:00";"9";"Com vítima";"198,000";"BR-116/RJ";"Decrescente";"Colisão traseira";0;0;1;0;0;0;0;0;0;1;1;2;0;0;0
"06/06/2024";"01:41:00";"22";"Sem vítima";"790,000";"BR-116/MG";"Decrescente";"Choque";0;0;0;0;0;0;0;0;0;1;1;0;0;0;0
"06/06/2024";"04:41:00";"127";"Com vítima";"173,136";"BR-116/RJ";"Decrescente";"Colisão lateral no mesmo sentido";1;0;1;0;1;1;0;0;0;0;0;6;0;0;0
"06/06/2024";"05:29:00";"131";"Sem vítima";"131,000";"BR-116/RJ";"Decrescente";"Saída de pista";1;0;0;0;0;0;0;0;0;0;1;0;0;0;0
"06/06/2024";"05:48:00";"132";"Com vítima";"548,000";"BR-116/MG";"Decrescente";"Atropelamento de pedestre";0;0;0;1;0;0;0;0;0;0;0;1;1;0;0
"06/06/2024";"06:56:00";"140";"Sem vítima";"607,000";"BR-116/MG";"Decrescente";"Colisão traseira";1;0;0;0;1;0;0;0;0;0;2;0;0;0;0
"06/06/2024";"08:50:00";"165";"Com vítima";"176,000";"BR-116/RJ";"Decrescente";"Colisão traseira";1;0;0;2;0;0;0;0;0;0;0;4;0;0;0
"06/06/2024";"09:03:00";"169";"Com vítima";"522,000";"BR-116/MG";"Decrescente";"Colisão transversal";2;0;0;0;0;0;0;0;0;0;0;0;2;0;0
"06/06/2024";"10:45:00";"199";"Sem vítima";"57,000";"BR-493/RJ";"Crescente";"Colisão lateral no mesmo sentido";0;0;0;0;0;2;0;0;0;0;2;0;0;0;0
"06/06/2024";"12:10:00";"221";"Com vítima";"174,000";"BR-116/RJ";"Decrescente";"Queda de moto";0;0;0;1;0;0;0;0;0;0;0;1;0;0;0
"06/06/2024";"13:55:00";"238";"Sem vítima";"184,000";"BR-116/RJ";"Decrescente";"Engavetamento";4;0;0;0;0;1;0;0;0;0;5;0;0;0;0
"06/06/2024";"14:14:00";"242";"Com vítima";"200,500";"BR-116/RJ";"Decrescente";"Choque";1;0;0;0;0;0;0;0;0;0;0;2;0;0;0
"06/06/2024";"17:25:00";"283";"Com vítima";"143,800";"BR-116/RJ";"Crescente";"Colisão lateral no mesmo sentido";1;0;1;0;0;0;0;0;0;0;1;1;0;0;0
"06/06/2024";"18:08:00";"294";"Com vítima";"526,000";"BR-116/MG";"Decrescente";"Atropelamento de pedestre";0;0;0;1;0;0;0;0;0;0;0;0;2;1;0
"06/06/2024";"18:23:00";"299";"Sem vítima";"0,100";"BR-493/RJ";"Crescente";"Colisão lateral no mesmo sentido";1;0;0;0;0;1;0;0;0;0;2;0;0;0;0