data;horario;n_da_ocorrencia;tipo_de_ocorrencia;km;trecho;sentido;tipo_de_acidente;automovel;bicicleta;caminhao;moto;onibus;outros;tracao_animal;transporte_de_cargas_especiais;trator_maquinas;utilitarios;ilesos;levemente_feridos;moderadamente_feridos;gravemente_feridos;mortos
"06/06/2024";"18:33:00";"301";"Sem vítima";"172,000";"BR-116/RJ";"Decrescente";"Choque";1;0;0;0;0;0;0;0;0;0;1;0;0;0;0
"06/06/2024";"18:35:00";"302";"Com vítima";"173,000";"BR-116/RJ";"Decrescente";"Colisão lateral no mesmo sentido";1;0;0;1;0;0;0;0;0;0;0;2;0;0;0
"06/06/2024";"18:44:00";"303";"Com vítima";"20,000";"BR-465/RJ";"Crescente";"Colisão frontal";2;0;1;0;1;0;0;0;0;0;3;1;0;0;0
"06/06/2024";"18:50:00";"305";"Com vítima";"174,000";"BR-116/RJ";"Decrescente";"Colisão traseira";1;0;0;1;0;0;0;0;0;0;0;1;0;1;0
"07/06/2024";"05:04:00";"102";"Sem vítima";"181,000";"BR-116/RJ";"Crescente";"Choque";0;0;0;0;0;1;0;0;0;0;1;0;0;0;0
"07/06/2024";"09:33:00";"148";"Sem vítima";"172,000";"BR-116/RJ";"Decrescente";"Colisão lateral no mesmo sentido";1;0;0;0;0;1;0;0;0;0;2;0;0;0;0
"07/06/2024";"13:04:00";"206";"Com vítima";"108,000";"BR-116/RJ";"Decrescente";"Colisão transversal";2;0;0;0;0;0;0;0;0;0;1;0;3;0;0
"07/06/2024";"13:10:00";"208";"Com vítima";"703,000";"BR-116/MG";"Decrescente";"Colisão lateral em sentido contrário";1;0;0;1;0;0;0;0;0;0;0;2;1;0;0
"07/06/2024";"14:27:00";"221";"Com vítima";"120,001";"BR-116/RJ";"Crescente";"Choque";0;0;1;1;0;0;0;0;0;0;1;0;0;1;0
"07/06/2024";"15:19:00";"231";"Com vítima";"178,300";"BR-116/RJ";"Crescente";"Engavetamento";2;0;2;0;1;0;0;0;0;0;20;5;0;0;0
"07/06/2024";"16:20:00";"246";"Com vítima";"181,000";"BR-116/RJ";"Decrescente";"Colisão lateral no mesmo sentido";1;0;0;1;0;0;0;0;0;0;0;3;0;0;0
"07/06/2024";"16:57:00";"253";"Com vítima";"765,000";"BR-116/MG";"Decrescente";"Colisão transversal";1;0;0;1;0;0;0;0;0;0;2;0;1;0;0
"07/06/2024";"17:52:00";"266";"Com vítima";"5,415";"BR-465/RJ";"Crescente";"Colisão transversal";2;0;0;1;0;0;0;0;0;0;2;1;0;0;0
"07/06/2024";"19:54:00";"294";"Sem vítima";"147,000";"BR-116/RJ";"Crescente";"Choque";1;0;0;0;0;0;0;0;0;0;1;0;0;0;0
"07/06/2024";"20:40:00";"304";"Com vítima";"19,981";"BR-465/RJ";"Crescente";"Colisão traseira";1;0;0;0;0;1;0;0;0;0;2;1;0;0;0
"08/06/2024";"00:20:00";"2";"Com vítima";"127,175";"BR-116/RJ";"Decrescente";"Queda de moto";0;0;0;1;0;0;0;0;0;0;0;2;0;0;0
"08/06/2024";"00:36:00";"5";"Com vítima";"20,000";"BR-493/RJ";"Crescente";"Atropelamento de animal";1;0;0;0;0;0;0;0;0;0;2;0;1;0;0
"08/06/2024";"00:47:00";"6";"Com vítima";"64,839";"BR-493/RJ";"Crescente";"Choque";0;0;0;1;0;0;0;0;0;0;0;0;1;0;0
"08/06/2024";"01:24:00";"13";"Sem vítima";"78,000";"BR-493/RJ";"Crescente";"Atropelamento de animal";1;0;0;0;0;0;0;0;0;0;1;0;0;0;0
"08/06/2024";"03:24:00";"39";"Sem vítima";"118,000";"BR-116/RJ";"Decrescente";"Choque";1;0;0;0;0;0;0;0;0;0;2;0;0;0;0
"08/06/2024";"03:37:00";"42";"Sem vítima";"106,097";"BR-116/RJ";"Decrescente";"Choque";1;0;0;0;0;0;0;0;0;0;1;0;0;0;0
"08/06/2024";"03:46:00";"45";"Sem vítima";"716,306";"BR-116/MG";"Decrescente";"Tombamento";0;0;1;0;0;0;0;0;0;0;1;0;0;0;0
"08/06/2024";"04:57:00";"76";"Sem vítima";"96,000";"BR-493/RJ";"Decrescente";"Saída de pista";1;0;0;0;0;0;0;0;0;0;1;0;0;0;0
"08/06/2024";"05:38:00";"77";"Com vítima";"14,347";"BR-465/RJ";"Crescente";"Atropelamento de pedestre";0;0;0;0;0;0;0;0;0;1;1;0;0;0;1
"08/06/2024";"06:19:00";"83";"Sem vítima";"12,067";"BR-116/RJ";"Crescente";"Engavetamento";3;0;0;0;0;0;0;0;0;0;4;0;0;0;0
"08/06/2024";"06:21:00";"85";"Com vítima";"539,000";"BR-116/MG";"Decrescente";"Tombamento";0;0;1;0;0;0;0;0;0;0;0;0;0;0;1
"08/06/2024";"09:49:00";"128";"Com vítima";"24,700";"BR-493/RJ";"Decrescente";"Colisão transversal";2;0;0;0;0;0;0;0;0;0;1;0;1;0;0
"08/06/2024";"13:55:00";"171";"Com vítima";"184,000";"BR-116/RJ";"Crescente";"Engavetamento";2;0;0;0;0;1;0;0;0;0;4;0;1;0;0
"08/06/2024";"14:30:00";"174";"Com vítima";"174,500";"BR-116/RJ";"Decrescente";"Choque";1;0;0;0;0;0;0;0;0;0;0;1;0;0;0
"08/06/2024";"16:14:00";"205";"Sem vítima";"479,000";"BR-116/MG";"Decrescente";"Engavetamento";3;0;0;0;0;0;0;0;0;0;3;0;0;0;0
"08/06/2024";"18:19:00";"230";"Com vítima";"83,535";"BR-116/RJ";"Decrescente";"Colisão transversal";1;0;0;1;0;0;0;0;0;0;0;2;0;0;0
"08/06/2024";"18:45:00";"236";"Com vítima";"19,633";"BR-493/RJ";"Decrescente";"Colisão transversal";0;1;0;1;0;0;0;0;0;0;0;1;0;0;0
"08/06/2024";"19:43:00";"252";"Sem vítima";"633,627";"BR-116/MG";"Decrescente";"Atropelamento de animal";1;0;0;0;0;0;0;0;0;0;1;0;0;0;0
"08/06/2024";"19:45:00";"253";"Com vítima";"70,099";"BR-116/RJ";"Decrescente";"Colisão transversal";0;0;0;1;0;1;0;0;0;0;0;2;0;0;0
"08/06/2024";"19:48:00";"254";"Sem vítima";"185,266";"BR-116/RJ";"Crescente";"Engavetamento";3;0;0;0;0;0;0;0;0;0;7;0;0;0;0
"08/06/2024";"21:42:00";"272";"Com vítima";"18,200";"BR-465/RJ";"Decrescente";"Colisão lateral em sentido contrário";1;0;0;1;0;0;0;0;0;0;1;2;0;0;0
"09/06/2024";"02:29:00";"18";"Com vítima";"213,000";"BR-116/RJ";"Decrescente";"Atropelamento de animal";0;0;1;0;0;0;0;0;0;0;1;0;0;0;0
"09/06/2024";"02:56:00";"21";"Com vítima";"527,617";"BR-116/MG";"Crescente";"Atropelamento de pedestre";0;0;0;0;0;1;0;0;0;0;1;0;0;0;1
"09/06/2024";"04:21:00";"30";"Com vítima";"89,000";"BR-116/RJ";"Crescente";"Choque";1;0;0;0;0;0;0;0;0;0;0;1;0;0;0
"09/06/2024";"06:46:00";"39";"Com vítima";"1,200";"BR-493/RJ";"Decrescente";"Atropelamento de animal";1;0;0;0;0;0;0;0;0;0;0;1;0;0;0
"09/06/2024";"10:09:00";"69";"Com vítima";"486,000";"BR-116/MG";"Decrescente";"Colisão transversal";1;0;0;1;0;0;0;0;0;0;1;1;1;0;0
"09/06/2024";"10:18:00";"71";"Com vítima";"136,900";"BR-116/RJ";"Decrescente";"Atropelamento de ciclista";1;1;0;0;0;0;0;0;0;0;0;1;0;0;0
"09/06/2024";"11:09:00";"85";"Sem vítima";"148,000";"BR-116/RJ";"Decrescente";"Colisão lateral em sentido contrário";1;0;0;0;0;1;0;0;0;0;4;0;0;0;0
"09/06/2024";"11:35:00";"91";"Sem vítima";"595,600";"BR-116/MG";"Decrescente";"Choque";1;0;0;0;0;0;0;0;0;0;1;0;0;0;0
"09/06/2024";"14:55:00";"133";"Sem vítima";"108,000";"BR-116/RJ";"Decrescente";"Colisão transversal";2;0;0;0;0;0;0;0;0;0;6;0;0;0;0
"09/06/2024";"18:25:00";"176";"Com vítima";"187,700";"BR-116/RJ";"Decrescente";"Colisão traseira";1;0;0;1;0;0;0;0;0;0;0;3;0;0;0
"09/06/2024";"18:36:00";"183";"Com vítima";"200,451";"BR-116/RJ";"Crescente";"Colisão traseira";1;0;1;0;0;0;0;0;0;0;0;2;2;0;1
"09/06/2024";"18:46:00";"184";"Com vítima";"137,606";"BR-116/RJ";"Decrescente";"Choque";0;0;0;1;0;0;0;0;0;0;0;0;1;0;0
"09/06/2024";"19:46:00";"195";"Sem vítima";"684,388";"BR-116/MG";"Decrescente";"Colisão traseira";1;0;0;0;0;0;1;0;0;0;5;0;0;0;0
"09/06/2024";"20:54:00";"204";"Sem vítima";"647,337";"BR-116/MG";"Decrescente";"Capotamento";1;0;0;0;0;0;0;0;0;0;1;0;0;0;0
"09/06/2024";"21:28:00";"209";"Com vítima";"414,417";"BR-116/MG";"Crescente";"Colisão transversal";1;0;0;1;0;0;0;0;0;0;1;0;2;0;0
"10/06/2024";"00:10:00";"5";"Sem vítima";"781,135";"BR-116/MG";"Crescente";"Choque";0;0;0;0;0;1;0;0;0;0;1;0;0;0;0
"10/06/2024";"01:38:00";"14";"Com vítima";"179,648";"BR-116/RJ";"Crescente";"Choque";1;0;0;0;0;0;0;0;0;0;0;1;0;0;0
"10/06/2024";"01:47:00";"16";"Sem vítima";"112,000";"BR-493/RJ";"Crescente";"Atropelamento de animal";1;0;0;0;0;0;0;0;0;0;2;0;0;0;0
"10/06/2024";"04:05:00";"54";"Com vítima";"20,600";"BR-465/RJ";"Decrescente";"Colisão lateral em sentido contrário";0;0;0;1;0;0;0;0;0;0;1;0;1;0;0
"10/06/2024";"06:29:00";"76";"Sem vítima";"627,800";"BR-116/MG";"Decrescente";"Atropelamento de animal";1;0;0;0;0;0;0;0;0;0;1;0;0;0;0
"10/06/2024";"06:30:00";"77";"Com vítima";"83,000";"BR-116/RJ";"Decrescente";"Colisão frontal";2;0;0;0;0;0;0;0;0;0;0;3;1;0;0
"10/06/2024";"08:33:00";"95";"Com vítima";"414,000";"BR-116/MG";"Decrescente";"Colisão traseira";1;0;1;0;0;0;0;0;0;0;2;0;1;0;0
"10/06/2024";"09:10:00";"102";"Com vítima";"705,000";"BR-116/MG";"Decrescente";"Colisão lateral no mesmo sentido";2;0;0;0;0;0;0;0;0;0;0;2;0;0;0
"10/06/2024";"10:03:00";"108";"Sem vítima";"672,000";"BR-116/MG";"Crescente";"Colisão lateral no mesmo sentido";1;0;0;0;0;1;0;0;0;0;2;0;0;0;0
"10/06/2024";"11:20:00";"126";"Com vítima";"182,000";"BR-116/RJ";"Crescente";"Colisão traseira";1;0;0;1;0;0;0;0;0;0;0;2;0;0;0
"10/06/2024";"14:05:00";"150";"Sem vítima";"783,000";"BR-116/MG";"Crescente";"Colisão lateral em sentido contrário";2;0;0;0;0;0;0;0;0;0;3;0;0;0;0
"10/06/2024";"15:28:00";"168";"Com vítima";"21,188";"BR-465/RJ";"Crescente";"Colisão transversal";1;0;0;1;0;0;0;0;0;0;0;1;2;0;0
"10/06/2024";"17:39:00";"196";"Com vítima";"205,000";"BR-116/RJ";"Decrescente";"Colisão traseira";0;0;0;1;1;0;0;0;0;0;0;2;0;0;0
"10/06/2024";"18:24:00";"205";"Com vítima";"191,000";"BR-116/RJ";"Decrescente";"Queda de moto";0;0;0;1;0;0;0;0;0;0;0;1;0;0;0
"10/06/2024";"18:29:00";"208";"Com vítima";"12,300";"BR-465/RJ";"Decrescente";"Colisão traseira";1;0;0;0;0;1;0;0;0;0;2;0;1;0;0
"10/06/2024";"20:16:00";"237";"Sem vítima";"98,000";"BR-116/RJ";"Crescente";"Colisão lateral no mesmo sentido";1;0;1;0;0;0;0;0;0;0;3;0;0;0;0
"10/06/2024";"20:46:00";"242";"Sem vítima";"753,493";"BR-116/MG";"Crescente";"Colisão lateral em sentido contrário";2;0;0;0;0;0;0;0;0;0;2;0;0;0;0
"11/06/2024";"00:20:00";"20";"Com vítima";"201,248";"BR-116/RJ";"Crescente";"Choque";0;0;0;0;0;1;0;0;0;0;0;1;0;0;0
"11/06/2024";"07:07:00";"130";"Com vítima";"169,900";"BR-116/RJ";"Decrescente";"Colisão lateral no mesmo sentido";2;0;0;1;0;0;0;0;0;0;4;1;0;0;0
"11/06/2024";"07:18:00";"133";"Sem vítima";"634,000";"BR-116/MG";"Crescente";"Colisão traseira";0;0;1;0;0;1;0;0;0;0;3;0;0;0;0
"11/06/2024";"09:29:00";"152";"Com vítima";"143,675";"BR-116/RJ";"Decrescente";"Colisão traseira";0;0;0;1;1;0;0;0;0;0;0;1;0;1;0
"11/06/2024";"09:47:00";"155";"Sem vítima";"189,000";"BR-116/RJ";"Crescente";"Colisão lateral no mesmo sentido";1;0;0;0;0;1;0;0;0;0;2;0;0;0;0
"11/06/2024";"12:15:00";"186";"Com vítima";"631,477";"BR-116/MG";"Decrescente";"Colisão transversal";2;0;0;0;0;1;0;0;0;0;0;2;1;1;1
"11/06/2024";"13:36:00";"207";"Com vítima";"442,000";"BR-116/MG";"Crescente";"Colisão transversal";1;0;0;1;0;0;0;0;0;0;0;1;1;0;0
"11/06/2024";"14:26:00";"214";"Com vítima";"22,000";"BR-493/RJ";"Decrescente";"Colisão traseira";1;0;0;0;0;1;0;0;0;0;2;3;1;1;0
"11/06/2024";"14:36:00";"216";"Com vítima";"516,000";"BR-116/MG";"Crescente";"Queda de moto";0;0;0;1;0;0;0;0;0;0;0;0;1;0;0
"11/06/2024";"15:25:00";"230";"Com vítima";"182,050";"BR-116/RJ";"Crescente";"Colisão traseira";2;0;0;0;0;0;0;0;0;0;0;2;0;0;0
"11/06/2024";"15:43:00";"233";"Com vítima";"21,200";"BR-465/RJ";"Decrescente";"Colisão traseira";2;0;0;0;0;0;0;0;0;0;0;3;0;0;0
"11/06/2024";"16:06:00";"237";"Sem vítima";"754,000";"BR-116/MG";"Crescente";"Colisão lateral no mesmo sentido";1;0;0;0;0;1;0;0;0;0;2;0;0;0;0
"11/06/2024";"21:32:00";"304";"Sem vítima";"51,264";"BR-493/RJ";"Crescente";"Colisão lateral no mesmo sentido";1;0;0;0;0;1;0;0;0;0;4;0;0;0;0
"12/06/2024";"07:16:00";"144";"Com vítima";"196,000";"BR-116/RJ";"Decrescente";"Queda de moto";0;0;0;1;0;0;0;0;0;0;0;1;0;0;0
"12/06/2024";"08:46:00";"168";"Sem vítima";"607,000";"BR-116/MG";"Decrescente";"Colisão traseira";1;0;0;0;0;1;0;0;0;0;6;0;0;0;0
"12/06/2024";"10:43:00";"195";"Sem vítima";"105,001";"BR-116/RJ";"Decrescente";"Choque";1;0;0;0;0;0;0;0;0;0;1;0;0;0;0
"12/06/2024";"10:45:00";"196";"Sem vítima";"130,000";"BR-116/RJ";"Crescente";"Colisão lateral no mesmo sentido";1;0;0;0;1;0;0;0;0;0;2;0;0;0;0
"12/06/2024";"13:36:00";"236";"Com vítima";"196,000";"BR-116/RJ";"Decrescente";"Capotamento";0;0;0;0;0;0;0;0;0;1;0;2;0;0;0
"12/06/2024";"14:04:00";"241";"Sem vítima";"489,000";"BR-116/MG";"Decrescente";"Choque";1;0;0;0;0;0;0;0;0;0;1;0;0;0;0
"12/06/2024";"15:01:00";"254";"Sem vítima";"735,000";"BR-116/MG";"Crescente";"Colisão traseira";1;0;0;0;0;1;0;0;0;0;3;0;0;0;0
"12/06/2024";"17:28:00";"279";"Com vítima";"412,000";"BR-116/MG";"Decrescente";"Atropelamento de ciclista";1;1;0;0;0;0;0;0;0;0;1;0;0;0;0
"12/06/2024";"18:07:00";"286";"Com vítima";"185,698";"BR-116/RJ";"Crescente";"Colisão lateral no mesmo sentido";2;0;0;1;0;0;0;0;0;0;0;6;0;0;0
"12/06/2024";"18:26:00";"289";"Com vítima";"509,292";"BR-116/MG";"Crescente";"Atropelamento de pedestre";0;0;0;0;1;0;0;0;0;0;1;0;0;1;0
"12/06/2024";"18:38:00";"290";"Sem vítima";"413,000";"BR-116/MG";"Crescente";"Colisão lateral no mesmo sentido";1;0;0;0;0;1;0;0;0;0;2;0;0;0;0
"12/06/2024";"18:42:00";"291";"Sem vítima";"136,743";"BR-116/RJ";"Crescente";"Colisão lateral no mesmo sentido";1;0;1;0;0;0;0;0;0;0;3;0;0;0;0
"12/06/2024";"18:47:00";"292";"Sem vítima";"143,527";"BR-116/RJ";"Decrescente";"Capotamento";1;0;0;0;0;0;0;0;0;0;1;0;0;0;0
"12/06/2024";"19:43:00";"308";"Com vítima";"191,717";"BR-116/RJ";"Decrescente";"Queda de moto";0;0;0;1;0;0;0;0;0;0;0;2;0;0;0
"12/06/2024";"20:21:00";"317";"Com vítima";"70,202";"BR-116/RJ";"Decrescente";"Colisão transversal";1;0;0;1;1;0;0;0;0;0;2;0;1;0;0
"12/06/2024";"23:16:00";"343";"Com vítima";"169,000";"BR-116/RJ";"Decrescente";"Queda de moto";0;0;0;1;0;0;0;0;0;0;0;1;0;0;0
"13/06/2024";"00:27:00";"2";"Com vítima";"183,300";"BR-116/RJ";"Crescente";"Colisão lateral no mesmo sentido";1;0;0;1;0;0;0;0;0;0;0;3;0;0;0
"13/06/2024";"00:28:00";"4";"Sem vítima";"134,519";"BR-116/RJ";"Decrescente";"Colisão traseira";2;0;0;0;0;0;0;0;0;0;2;0;0;0;0
"13/06/2024";"06:25:00";"115";"Com vítima";"8,000";"BR-465/RJ";"Decrescente";"Colisão lateral no mesmo sentido";1;0;0;1;0;0;0;0;0;0;1;1;0;0;0
"13/06/2024";"07:11:00";"121";"Sem vítima";"8,475";"BR-465/RJ";"Decrescente";"Colisão traseira";2;0;0;0;0;0;0;0;0;0;2;0;0;0;0
"13/06/2024";"07:25:00";"124";"Sem vítima";"87,800";"BR-493/RJ";"Crescente";"Atropelamento de animal";1;0;0;0;0;0;0;0;0;0;1;0;0;0;0
"13/06/2024";"09:25:00";"161";"Sem vítima";"18,000";"BR-116/RJ";"Decrescente";"Colisão traseira";1;0;0;0;0;0;0;0;0;0;1;0;0;0;0
"13/06/2024";"12:25:00";"195";"Sem vítima";"23,000";"BR-493/RJ";"Decrescente";"Colisão traseira";2;0;0;0;0;0;0;0;0;0;5;0;0;0;0
"13/06/2024";"15:53:00";"239";"Sem vítima";"55,000";"BR-493/RJ";"Decrescente";"Saída de pista";1;0;0;0;0;0;0;0;0;0;2;0;0;0;0
"13/06/2024";"17:07:00";"256";"Com vítima";"73,100";"BR-116/RJ";"Decrescente";"Queda de moto";0;0;0;1;0;0;0;0;0;0;0;1;1;0;0
"13/06/2024";"17:50:00";"264";"Sem vítima";"703,000";"BR-116/MG";"Crescente";"Colisão lateral no mesmo sentido";1;0;0;0;0;1;0;0;0;0;2;0;0;0;0
"13/06/2024";"19:25:00";"284";"Sem vítima";"517,000";"BR-116/MG";"Decrescente";"Choque";1;0;0;0;0;0;0;0;0;0;1;0;0;0;0
"14/06/2024";"00:03:00";"1";"Com vítima";"6,000";"BR-465/RJ";"Decrescente";"Choque";0;0;0;1;0;0;0;0;0;0;0;1;0;0;0
"14/06/2024";"01:37:00";"67";"Com vítima";"616,304";"BR-116/MG";"Crescente";"Colisão traseira";0;0;0;0;1;1;0;0;0;0;34;1;1;0;0
"14/06/2024";"05:53:00";"89";"Sem vítima";"52,573";"BR-493/RJ";"Decrescente";"Colisão traseira";2;0;0;0;0;0;0;0;0;0;4;0;0;0;0
"14/06/2024";"06:35:00";"95";"Sem vítima";"528,000";"BR-116/MG";"Decrescente";"Colisão lateral no mesmo sentido";1;0;0;1;0;0;0;0;0;0;4;0;0;0;0
"14/06/2024";"07:52:00";"106";"Sem vítima";"812,000";"BR-116/MG";"Decrescente";"Colisão lateral no mesmo sentido";1;0;0;0;0;1;0;0;0;0;2;0;0;0;0
"14/06/2024";"11:25:00";"148";"Sem vítima";"201,000";"BR-116/RJ";"Decrescente";"Colisão lateral no mesmo sentido";2;0;0;0;0;0;0;0;0;0;3;0;0;0;0
"14/06/2024";"12:05:00";"153";"Com vítima";"537,000";"BR-116/MG";"Crescente";"Atropelamento de pedestre";1;0;0;0;0;0;0;0;0;0;1;0;1;0;0
"14/06/2024";"13:23:00";"173";"Com vítima";"5,500";"BR-465/RJ";"Crescente";"Colisão lateral no mesmo sentido";1;0;0;1;0;0;0;0;0;0;1;1;0;0;0
"14/06/2024";"14:02:00";"179";"Sem vítima";"699,000";"BR-116/MG";"Decrescente";"Colisão transversal";2;0;0;0;0;0;0;0;0;0;2;0;0;0;0
"14/06/2024";"16:03:00";"210";"Com vítima";"77,000";"BR-116/RJ";"Crescente";"Colisão lateral em sentido contrário";1;0;0;1;0;0;0;0;0;0;0;2;0;0;0
"14/06/2024";"16:41:00";"218";"Sem vítima";"86,900";"BR-493/RJ";"Crescente";"Colisão traseira";1;0;1;0;0;0;0;0;0;0;2;0;0;0;0
"14/06/2024";"16:49:00";"221";"Sem vítima";"7,000";"BR-465/RJ";"Crescente";"Colisão traseira";1;0;1;0;0;0;0;0;0;0;2;0;0;0;0
"14/06/2024";"20:23:00";"285";"Com vítima";"18,500";"BR-465/RJ";"Decrescente";"Colisão lateral em sentido contrário";1;0;0;1;0;0;0;0;0;0;0;1;1;0;0
"15/06/2024";"02:12:00";"80";"Com vítima";"15,705";"BR-465/RJ";"Crescente";"Colisão traseira";0;0;0;0;0;1;1;0;0;0;1;0;0;0;0
"15/06/2024";"03:13:00";"93";"Sem vítima";"115,105";"BR-493/RJ";"Crescente";"Choque";1;0;0;0;0;0;0;0;0;0;1;0;0;0;0
"15/06/2024";"07:17:00";"116";"Com vítima";"169,250";"BR-116/RJ";"Decrescente";"Colisão traseira";0;0;0;0;2;0;0;0;0;0;1;1;0;0;0
"15/06/2024";"07:32:00";"122";"Sem vítima";"571,400";"BR-116/MG";"Crescente";"Choque";1;0;0;0;0;0;0;0;0;0;1;0;0;0;0
"15/06/2024";"08:13:00";"129";"Com vítima";"126,000";"BR-116/RJ";"Crescente";"Queda de moto";0;0;0;1;0;0;0;0;0;0;0;1;0;0;0
"15/06/2024";"09:03:00";"137";"Com vítima";"81,000";"BR-116/RJ";"Decrescente";"Atropelamento de animal";0;0;0;1;0;0;0;0;0;0;0;1;0;0;0
"15/06/2024";"10:03:00";"145";"Com vítima";"187,250";"BR-116/RJ";"Crescente";"Colisão lateral no mesmo sentido";2;0;0;0;0;0;0;0;0;0;0;3;0;0;0
"15/06/2024";"12:03:00";"169";"Com vítima";"49,000";"BR-493/RJ";"Decrescente";"Queda de moto";0;0;0;1;0;0;0;0;0;0;0;2;0;0;0
"15/06/2024";"12:13:00";"173";"Com vítima";"511,883";"BR-116/MG";"Crescente";"Colisão frontal";1;0;0;0;1;0;0;0;0;0;8;2;1;0;1
"15/06/2024";"12:29:00";"177";"Com vítima";"182,604";"BR-116/RJ";"Crescente";"Queda de moto";1;0;0;1;0;0;0;0;0;0;1;1;0;0;0
"15/06/2024";"13:10:00";"185";"Sem vítima";"133,000";"BR-116/RJ";"Crescente";"Colisão lateral no mesmo sentido";2;0;0;0;0;0;0;0;0;0;2;0;0;0;0
"15/06/2024";"14:08:00";"193";"Com vítima";"191,000";"BR-116/RJ";"Decrescente";"Colisão traseira";2;0;0;0;0;0;0;0;0;0;0;2;0;0;0
"15/06/2024";"15:28:00";"208";"Com vítima";"185,800";"BR-116/RJ";"Decrescente";"Engavetamento";6;0;0;0;0;0;0;0;0;0;0;7;1;0;0
"15/06/2024";"16:20:00";"215";"Com vítima";"680,000";"BR-116/MG";"Decrescente";"Queda de moto";0;0;0;1;0;0;0;0;0;0;0;2;0;0;0
"15/06/2024";"18:27:00";"237";"Sem vítima";"10,000";"BR-116/RJ";"Crescente";"Colisão lateral em sentido contrário";1;0;0;0;0;1;0;0;0;0;2;0;0;0;0
"15/06/2024";"23:30:00";"290";"Com vítima";"190,500";"BR-116/RJ";"Crescente";"Choque";1;0;0;0;0;0;0;0;0;0;0;1;0;0;0
"16/06/2024";"03:35:00";"39";"Com vítima";"803,500";"BR-116/MG";"Crescente";"Capotamento";1;0;0;0;0;0;0;0;0;0;0;1;0;1;0
"16/06/2024";"04:52:00";"46";"Com vítima";"671,809";"BR-116/MG";"Crescente";"Atropelamento de pedestre";0;0;0;0;0;1;0;0;0;0;1;0;0;1;0
"16/06/2024";"06:06:00";"52";"Sem vítima";"720,000";"BR-116/MG";"Decrescente";"Choque";1;0;0;0;0;0;0;0;0;0;1;0;0;0;0
"16/06/2024";"06:26:00";"54";"Com vítima";"195,000";"BR-116/RJ";"Crescente";"Queda de moto";0;0;0;1;0;0;0;0;0;0;0;1;0;0;0
"16/06/2024";"07:34:00";"61";"Com vítima";"185,000";"BR-116/RJ";"Crescente";"Choque";1;0;0;0;0;0;0;0;0;0;0;0;1;0;2
"16/06/2024";"11:41:00";"101";"Com vítima";"606,000";"BR-116/MG";"Crescente";"Queda de moto";1;0;0;0;0;0;0;0;0;0;0;1;0;0;0
"16/06/2024";"11:59:00";"104";"Sem vítima";"132,000";"BR-116/RJ";"Decrescente";"Colisão traseira";2;0;0;0;0;0;0;0;0;0;4;0;0;0;0
"16/06/2024";"16:53:00";"168";"Com vítima";"79,000";"BR-493/RJ";"Decrescente";"Capotamento";0;0;0;0;0;0;0;0;0;1;0;0;3;1;0
"17/06/2024";"03:38:00";"83";"Com vítima";"142,950";"BR-116/RJ";"Decrescente";"Capotamento";1;0;0;0;0;0;0;0;0;0;0;1;0;0;0
"17/06/2024";"06:17:00";"90";"Sem vítima";"136,000";"BR-116/RJ";"Crescente";"Choque";1;0;0;0;0;0;0;0;0;0;1;0;0;0;0
"17/06/2024";"06:49:00";"93";"Sem vítima";"142,200";"BR-116/RJ";"Decrescente";"Colisão traseira";1;0;1;0;0;0;0;0;0;0;2;0;0;0;0
"17/06/2024";"06:58:00";"95";"Com vítima";"190,000";"BR-116/RJ";"Decrescente";"Colisão traseira";2;0;0;0;0;0;0;0;0;0;0;2;0;0;0
"17/06/2024";"07:17:00";"101";"Sem vítima";"86,000";"BR-493/RJ";"Decrescente";"Choque";1;0;0;0;0;0;0;0;0;0;2;0;0;0;0
"17/06/2024";"07:22:00";"103";"Sem vítima";"75,000";"BR-116/RJ";"Decrescente";"Colisão lateral em sentido contrário";2;0;0;0;0;0;0;0;0;0;2;0;0;0;0
"17/06/2024";"07:27:00";"104";"Com vítima";"553,970";"BR-116/MG";"Crescente";"Queda de moto";0;0;0;1;0;0;0;0;0;0;0;2;0;0;0
"17/06/2024";"09:34:00";"119";"Sem vítima";"97,000";"BR-493/RJ";"Crescente";"Tombamento";0;0;1;0;0;0;0;0;0;1;2;0;0;0;0
"17/06/2024";"10:47:00";"135";"Sem vítima";"92,150";"BR-116/RJ";"Crescente";"Colisão traseira";1;0;0;0;0;0;0;0;0;0;1;0;0;0;0
"17/06/2024";"12:56:00";"173";"Com vítima";"141,000";"BR-116/RJ";"Decrescente";"Queda de moto";0;0;0;1;0;0;0;0;0;0;0;0;1;0;0