data;horario;n_da_ocorrencia;tipo_de_ocorrencia;km;trecho;sentido;tipo_de_acidente;automovel;bicicleta;caminhao;moto;onibus;outros;tracao_animal;transporte_de_cargas_especiais;trator_maquinas;utilitarios;ilesos;levemente_feridos;moderadamente_feridos;gravemente_feridos;mortos
"29/06/2024";"15:31:00";"239";"Com vítima";"173,000";"BR-116/RJ";"Decrescente";"Queda de moto";0;0;0;1;0;0;0;0;0;0;0;1;1;0;0
"29/06/2024";"16:24:00";"253";"Com vítima";"0,800";"BR-493/RJ";"Crescente";"Atropelamento de pedestre";1;0;0;0;0;0;0;0;0;0;1;1;0;0;0
"29/06/2024";"17:21:00";"261";"Sem vítima";"522,125";"BR-116/MG";"Decrescente";"Choque";1;0;0;0;0;0;0;0;0;0;1;0;0;0;0
"29/06/2024";"17:56:00";"267";"Com vítima";"98,893";"BR-116/RJ";"Crescente";"Colisão lateral em sentido contrário";2;0;0;0;0;0;0;0;0;0;3;0;1;0;0
"29/06/2024";"18:10:00";"269";"Com vítima";"762,000";"BR-116/MG";"Decrescente";"Colisão transversal";0;0;1;1;0;0;0;0;0;0;1;1;0;0;0
"29/06/2024";"18:52:00";"277";"Com vítima";"101,000";"BR-116/RJ";"Crescente";"Queda de moto";0;0;0;1;0;0;0;0;0;0;0;1;0;0;0
"29/06/2024";"19:06:00";"280";"Sem vítima";"174,800";"BR-116/RJ";"Crescente";"Colisão traseira";2;0;0;0;0;0;0;0;0;0;3;0;0;0;0
"29/06/2024";"20:24:00";"299";"Com vítima";"52,249";"BR-493/RJ";"Decrescente";"Atropelamento de animal";1;0;0;0;0;1;0;0;0;0;2;1;1;0;0
"29/06/2024";"20:35:00";"303";"Com vítima";"187,700";"BR-116/RJ";"Decrescente";"Atropelamento de animal";0;0;0;1;0;0;0;0;0;0;0;0;1;0;0
"29/06/2024";"23:13:00";"325";"Sem vítima";"0,300";"BR-493/RJ";"Crescente";"Colisão frontal";2;0;0;0;0;0;0;0;0;0;3;0;0;0;0
"30/06/2024";"01:12:00";"10";"Sem vítima";"112,000";"BR-493/RJ";"Decrescente";"Saída de pista";1;0;0;0;0;0;0;0;0;0;1;0;0;0;0
"30/06/2024";"03:06:00";"27";"Com vítima";"193,066";"BR-116/RJ";"Decrescente";"Atropelamento de animal";0;0;0;0;0;1;0;0;0;0;0;1;0;0;0
"30/06/2024";"05:36:00";"35";"Com vítima";"802,163";"BR-116/MG";"Decrescente";"Capotamento";1;0;0;0;0;0;0;0;0;0;0;2;0;1;0
"30/06/2024";"05:39:00";"36";"Com vítima";"581,500";"BR-116/MG";"Decrescente";"Colisão traseira";1;0;0;1;0;0;0;0;0;0;0;0;1;0;1
"30/06/2024";"06:01:00";"38";"Sem vítima";"176,000";"BR-116/RJ";"Crescente";"Choque";1;0;0;0;0;0;0;0;0;0;1;0;0;0;0
"30/06/2024";"08:48:00";"62";"Sem vítima";"82,000";"BR-493/RJ";"Decrescente";"Choque";1;0;0;0;0;0;0;0;0;0;1;0;0;0;0
"30/06/2024";"11:15:00";"85";"Com vítima";"549,000";"BR-116/MG";"Decrescente";"Colisão transversal";1;0;0;0;0;1;0;0;0;0;2;1;1;0;0
"30/06/2024";"11:37:00";"87";"Com vítima";"189,000";"BR-116/RJ";"Crescente";"Colisão traseira";2;0;0;0;0;0;0;0;0;0;0;2;0;0;0
"30/06/2024";"12:51:00";"101";"Sem vítima";"104,300";"BR-116/RJ";"Decrescente";"Choque";1;0;0;0;0;0;0;0;0;0;5;0;0;0;0
"30/06/2024";"12:52:00";"102";"Com vítima";"189,000";"BR-116/RJ";"Decrescente";"Queda de moto";0;0;0;1;0;0;0;0;0;0;0;0;1;0;0
"30/06/2024";"13:30:00";"109";"Sem vítima";"118,200";"BR-116/RJ";"Crescente";"Colisão traseira";2;0;0;0;0;0;0;0;0;0;2;0;0;0;0
"30/06/2024";"13:32:00";"111";"Com vítima";"20,000";"BR-465/RJ";"Decrescente";"Colisão transversal";1;0;0;1;0;0;0;0;0;0;0;1;2;0;0
"30/06/2024";"13:48:00";"114";"Sem vítima";"0,573";"BR-465/RJ";"Crescente";"Choque";1;0;0;0;0;0;0;0;0;0;1;0;0;0;0
"30/06/2024";"15:16:00";"127";"Com vítima";"133,368";"BR-116/RJ";"Decrescente";"Choque";1;0;0;0;0;0;0;0;0;0;0;0;1;0;0
"30/06/2024";"15:46:00";"133";"Sem vítima";"22,800";"BR-465/RJ";"Decrescente";"Choque";1;0;0;0;0;0;0;0;0;0;1;0;0;0;0
"30/06/2024";"16:17:00";"139";"Com vítima";"191,000";"BR-116/RJ";"Decrescente";"Queda de moto";0;0;0;1;0;0;0;0;0;0;0;1;0;0;0
"30/06/2024";"18:27:00";"163";"Sem vítima";"780,000";"BR-116/MG";"Crescente";"Engavetamento";3;0;0;0;0;1;0;0;0;0;7;0;0;0;0
"30/06/2024";"19:01:00";"168";"Sem vítima";"190,000";"BR-116/RJ";"Crescente";"Saída de pista";1;0;0;0;0;0;0;0;0;0;1;0;0;0;0
"30/06/2024";"20:42:00";"187";"Sem vítima";"103,000";"BR-116/RJ";"Decrescente";"Saída de pista";1;0;0;0;0;0;0;0;0;0;1;0;0;0;0
"30/06/2024";"21:52:00";"199";"Sem vítima";"99,000";"BR-116/RJ";"Crescente";"Saída de pista";0;0;0;0;0;0;0;0;0;1;2;0;0;0;0
"30/06/2024";"21:59:00";"201";"Sem vítima";"62,000";"BR-493/RJ";"Decrescente";"Atropelamento de animal";1;0;0;0;0;0;0;0;0;0;2;0;0;0;0
"01/07/2024";"01:23:00";"42";"Com vítima";"197,000";"BR-116/RJ";"Crescente";"Queda de moto";0;0;0;1;0;0;0;0;0;0;0;1;0;0;0
"01/07/2024";"06:26:00";"89";"Sem vítima";"181,000";"BR-116/RJ";"Crescente";"Colisão traseira";2;0;0;0;0;0;0;0;0;0;2;0;0;0;0
"01/07/2024";"06:42:00";"93";"Sem vítima";"208,000";"BR-116/RJ";"Crescente";"Choque";1;0;0;0;0;0;0;0;0;0;1;0;0;0;0
"01/07/2024";"06:49:00";"100";"Sem vítima";"758,000";"BR-116/MG";"Decrescente";"Atropelamento de animal";0;0;0;0;0;1;0;0;0;0;1;0;0;0;0
"01/07/2024";"07:09:00";"103";"Com vítima";"181,000";"BR-116/RJ";"Decrescente";"Colisão transversal";1;0;0;1;0;0;0;0;0;0;2;0;2;0;0
"01/07/2024";"07:14:00";"105";"Com vítima";"173,552";"BR-116/RJ";"Decrescente";"Colisão traseira";0;0;0;1;0;0;0;0;0;1;1;1;0;0;0
"01/07/2024";"07:37:00";"113";"Sem vítima";"776,000";"BR-116/MG";"Decrescente";"Saída de pista";1;0;0;0;0;0;0;0;0;0;4;0;0;0;0
"01/07/2024";"08:20:00";"121";"Com vítima";"780,000";"BR-116/MG";"Crescente";"Capotamento";1;0;0;0;0;0;0;0;0;0;0;3;0;0;0
"01/07/2024";"10:15:00";"145";"Sem vítima";"813,000";"BR-116/MG";"Decrescente";"Capotamento";1;0;0;0;0;0;0;0;0;0;1;0;0;0;0
"01/07/2024";"10:19:00";"146";"Com vítima";"418,000";"BR-116/MG";"Crescente";"Queda de moto";0;0;0;1;0;0;0;0;0;0;0;1;0;0;0
"01/07/2024";"12:02:00";"173";"Com vítima";"416,000";"BR-116/MG";"Decrescente";"Colisão traseira";1;0;0;1;0;0;0;0;0;0;0;2;0;0;0
"01/07/2024";"13:01:00";"191";"Com vítima";"814,000";"BR-116/MG";"Crescente";"Colisão frontal";2;0;0;0;0;0;0;0;0;0;4;1;0;0;0
"01/07/2024";"13:16:00";"196";"Com vítima";"14,000";"BR-116/RJ";"Decrescente";"Tombamento";0;0;1;0;0;0;0;0;0;0;0;3;1;0;0
"01/07/2024";"15:20:00";"210";"Sem vítima";"516,000";"BR-116/MG";"Decrescente";"Colisão transversal";0;0;0;0;0;1;0;0;1;0;2;0;0;0;0
"01/07/2024";"17:05:00";"230";"Com vítima";"196,000";"BR-116/RJ";"Decrescente";"Engavetamento";4;0;0;0;0;0;0;0;0;0;1;3;3;0;0
"01/07/2024";"17:19:00";"235";"Sem vítima";"147,000";"BR-116/RJ";"Decrescente";"Colisão traseira";1;0;0;0;0;0;0;0;0;0;1;0;0;0;0
"01/07/2024";"17:45:00";"237";"Sem vítima";"196,500";"BR-116/RJ";"Decrescente";"Colisão lateral no mesmo sentido";1;0;0;1;0;0;0;0;0;0;2;0;0;0;0
"01/07/2024";"18:40:00";"250";"Com vítima";"1,300";"BR-465/RJ";"Crescente";"Colisão transversal";3;0;0;0;0;0;0;0;0;0;3;2;1;0;0
"01/07/2024";"19:15:00";"257";"Com vítima";"171,750";"BR-116/RJ";"Crescente";"Colisão traseira";2;0;0;0;0;0;0;0;0;0;0;7;0;0;0
"01/07/2024";"19:28:00";"262";"Sem vítima";"775,000";"BR-116/MG";"Decrescente";"Saída de pista";1;0;0;0;0;0;0;0;0;0;1;0;0;0;0
"01/07/2024";"19:28:00";"271";"Sem vítima";"102,000";"BR-116/RJ";"Decrescente";"Choque";1;0;0;0;0;0;0;0;0;0;1;0;0;0;0
"01/07/2024";"20:06:00";"268";"Com vítima";"177,600";"BR-116/RJ";"Crescente";"Colisão lateral no mesmo sentido";3;0;1;0;0;1;0;0;0;0;4;5;0;0;0
"01/07/2024";"20:26:00";"270";"Sem vítima";"104,000";"BR-116/RJ";"Decrescente";"Saída de pista";1;0;0;0;0;0;0;0;0;0;1;0;0;0;0
"01/07/2024";"21:25:00";"277";"Sem vítima";"213,000";"BR-116/RJ";"Crescente";"Colisão traseira";0;0;0;0;0;2;0;0;0;0;2;0;0;0;0
"01/07/2024";"23:15:00";"289";"Com vítima";"96,184";"BR-493/RJ";"Crescente";"Capotamento";1;0;0;0;0;0;0;0;0;0;0;1;0;0;0
"02/07/2024";"01:53:00";"11";"Sem vítima";"176,382";"BR-116/RJ";"Decrescente";"Colisão transversal";1;0;0;0;1;0;0;0;0;0;3;0;0;0;0
"02/07/2024";"02:32:00";"16";"Com vítima";"91,187";"BR-493/RJ";"Decrescente";"Atropelamento de animal";1;0;0;0;0;0;0;0;0;0;0;3;0;0;0
"02/07/2024";"05:35:00";"93";"Sem vítima";"173,722";"BR-116/RJ";"Decrescente";"Colisão traseira";1;0;1;0;0;0;0;0;0;0;2;0;0;0;0
"02/07/2024";"06:24:00";"95";"Com vítima";"5,600";"BR-465/RJ";"Crescente";"Atropelamento de pedestre";1;0;1;0;0;0;0;0;0;0;1;2;0;0;1
"02/07/2024";"08:50:00";"119";"Com vítima";"21,000";"BR-465/RJ";"Crescente";"Atropelamento de ciclista";0;1;0;1;0;0;0;0;0;0;0;1;0;0;0
"02/07/2024";"09:53:00";"132";"Com vítima";"415,000";"BR-116/MG";"Decrescente";"Colisão transversal";1;0;0;1;0;0;0;0;0;0;2;1;0;0;0
"02/07/2024";"10:02:00";"135";"Sem vítima";"118,000";"BR-116/RJ";"Crescente";"Colisão traseira";1;0;0;0;0;1;0;0;0;0;2;0;0;0;0
"02/07/2024";"11:08:00";"146";"Sem vítima";"606,000";"BR-116/MG";"Decrescente";"Colisão lateral no mesmo sentido";1;0;0;0;0;1;0;0;0;0;3;0;0;0;0
"02/07/2024";"11:44:00";"151";"Com vítima";"189,000";"BR-116/RJ";"Decrescente";"Queda de moto";0;0;0;1;0;0;0;0;0;0;0;1;1;0;0
"02/07/2024";"15:41:00";"191";"Com vítima";"702,300";"BR-116/MG";"Decrescente";"Colisão lateral no mesmo sentido";0;0;1;1;0;0;0;0;0;0;1;1;0;0;0
"02/07/2024";"16:00:00";"195";"Sem vítima";"181,000";"BR-116/RJ";"Crescente";"Colisão traseira";2;0;0;0;0;0;0;0;0;0;5;0;0;0;0
"02/07/2024";"16:00:00";"196";"Sem vítima";"765,000";"BR-116/MG";"Crescente";"Colisão transversal";1;0;0;0;0;1;0;0;0;0;2;0;0;0;0
"02/07/2024";"17:24:00";"213";"Com vítima";"179,000";"BR-116/RJ";"Crescente";"Colisão traseira";1;0;0;1;0;0;0;0;0;0;3;0;1;0;0
"02/07/2024";"17:35:00";"215";"Com vítima";"571,000";"BR-116/MG";"Crescente";"Colisão frontal";1;0;0;1;0;0;0;0;0;0;0;1;1;1;0
"02/07/2024";"18:22:00";"218";"Com vítima";"181,495";"BR-116/RJ";"Decrescente";"Colisão lateral no mesmo sentido";1;0;0;1;0;0;0;0;0;0;1;2;0;0;0
"02/07/2024";"18:55:00";"223";"Com vítima";"415,000";"BR-116/MG";"Decrescente";"Atropelamento de ciclista";0;1;0;1;0;0;0;0;0;0;0;1;1;0;0
"03/07/2024";"01:33:00";"30";"Sem vítima";"69,295";"BR-493/RJ";"Decrescente";"Atropelamento de animal";0;0;1;0;0;0;0;0;0;0;1;0;0;0;0
"03/07/2024";"04:45:00";"87";"Com vítima";"744,000";"BR-116/MG";"Decrescente";"Tombamento";0;0;0;0;0;1;0;0;0;0;0;0;1;0;0
"03/07/2024";"05:09:00";"88";"Com vítima";"183,000";"BR-116/RJ";"Decrescente";"Colisão traseira";1;0;0;0;0;1;0;0;0;0;1;1;0;0;0
"03/07/2024";"06:16:00";"95";"Sem vítima";"18,100";"BR-465/RJ";"Decrescente";"Colisão traseira";0;0;2;0;0;0;0;0;0;0;2;0;0;0;0
"03/07/2024";"06:48:00";"101";"Com vítima";"557,220";"BR-116/MG";"Decrescente";"Colisão transversal";1;0;0;0;0;0;0;0;0;1;1;1;1;0;0
"03/07/2024";"07:10:00";"106";"Sem vítima";"105,000";"BR-116/RJ";"Decrescente";"Choque";0;0;1;0;0;0;0;0;0;0;1;0;0;0;0
"03/07/2024";"09:48:00";"142";"Com vítima";"148,100";"BR-116/RJ";"Crescente";"Colisão lateral no mesmo sentido";0;0;1;0;0;1;0;0;0;0;1;2;0;0;0
"03/07/2024";"10:25:00";"151";"Com vítima";"186,000";"BR-116/RJ";"Decrescente";"Choque";1;0;0;0;0;0;0;0;0;0;0;1;0;0;0
"03/07/2024";"12:31:00";"170";"Com vítima";"106,200";"BR-116/RJ";"Crescente";"Colisão traseira";1;0;1;0;0;0;0;0;0;0;2;2;0;0;0
"03/07/2024";"14:12:00";"196";"Com vítima";"638,500";"BR-116/MG";"Decrescente";"Capotamento";0;0;0;0;0;0;0;0;0;1;0;0;1;0;0
"03/07/2024";"15:31:00";"209";"Com vítima";"180,000";"BR-116/RJ";"Crescente";"Colisão traseira";5;0;1;0;0;0;0;0;0;0;0;7;0;0;0
"03/07/2024";"15:39:00";"210";"Sem vítima";"212,900";"BR-116/RJ";"Crescente";"Colisão lateral no mesmo sentido";1;0;0;0;0;1;0;0;0;0;2;0;0;0;0
"03/07/2024";"16:47:00";"220";"Com vítima";"108,189";"BR-116/RJ";"Decrescente";"Colisão lateral no mesmo sentido";0;0;2;0;0;0;0;0;0;0;5;2;0;0;0
"03/07/2024";"18:24:00";"237";"Com vítima";"176,000";"BR-116/RJ";"Crescente";"Colisão lateral no mesmo sentido";1;0;0;1;0;0;0;0;0;0;1;0;1;1;0
"03/07/2024";"19:04:00";"242";"Com vítima";"651,000";"BR-116/MG";"Decrescente";"Colisão frontal";1;0;0;1;0;0;0;0;0;0;0;1;1;0;0
"03/07/2024";"20:05:00";"253";"Sem vítima";"170,000";"BR-116/RJ";"Crescente";"Tombamento";1;0;0;0;0;0;0;0;0;0;1;0;0;0;0
"03/07/2024";"21:07:00";"266";"Com vítima";"80,000";"BR-116/RJ";"Decrescente";"Colisão lateral no mesmo sentido";0;0;0;1;0;1;0;0;0;0;1;0;1;0;0
"03/07/2024";"21:51:00";"273";"Sem vítima";"525,000";"BR-116/MG";"Decrescente";"Colisão transversal";2;0;0;0;0;0;0;0;0;0;2;0;0;0;0
"03/07/2024";"22:07:00";"274";"Sem vítima";"458,500";"BR-116/MG";"Crescente";"Colisão lateral em sentido contrário";0;0;1;0;0;1;0;0;0;0;2;0;0;0;0
"04/07/2024";"04:42:00";"132";"Com vítima";"515,000";"BR-116/MG";"Decrescente";"Queda de moto";0;0;0;1;0;0;0;0;0;0;0;0;1;0;0
"04/07/2024";"05:13:00";"133";"Sem vítima";"607,500";"BR-116/MG";"Decrescente";"Colisão traseira";0;0;1;0;1;0;0;0;0;0;15;0;0;0;0
"04/07/2024";"06:37:00";"137";"Com vítima";"592,700";"BR-116/MG";"Crescente";"Choque";1;0;0;0;0;0;0;0;0;0;1;3;0;0;0
"04/07/2024";"07:29:00";"148";"Com vítima";"86,000";"BR-116/RJ";"Crescente";"Colisão lateral no mesmo sentido";1;0;0;0;0;0;0;0;0;1;0;3;0;0;0
"04/07/2024";"08:24:00";"154";"Sem vítima";"108,000";"BR-116/RJ";"Crescente";"Choque";1;0;0;0;0;0;0;0;0;0;1;0;0;0;0
"04/07/2024";"09:53:00";"173";"Sem vítima";"22,000";"BR-465/RJ";"Crescente";"Engavetamento";1;0;0;0;0;2;0;0;0;0;3;0;0;0;0
"04/07/2024";"15:55:00";"242";"Com vítima";"203,000";"BR-116/RJ";"Crescente";"Queda de moto";0;0;0;1;0;0;0;0;0;0;0;2;0;0;0
"04/07/2024";"15:58:00";"246";"Com vítima";"110,497";"BR-116/RJ";"Crescente";"Colisão frontal";1;0;0;1;0;0;0;0;0;0;0;1;1;0;0
"04/07/2024";"18:07:00";"269";"Com vítima";"22,010";"BR-465/RJ";"Decrescente";"Colisão lateral no mesmo sentido";1;0;0;1;0;0;0;0;0;0;4;1;0;0;0
"04/07/2024";"19:04:00";"281";"Com vítima";"5,000";"BR-465/RJ";"Crescente";"Atropelamento de pedestre";1;0;0;0;0;0;0;0;0;0;1;1;0;0;0
"04/07/2024";"19:05:00";"282";"Com vítima";"107,900";"BR-116/RJ";"Crescente";"Colisão frontal";0;1;0;0;0;0;0;0;0;0;0;1;1;0;0
"04/07/2024";"19:20:00";"290";"Com vítima";"182,000";"BR-116/RJ";"Crescente";"Colisão traseira";1;0;0;0;0;1;0;0;0;0;1;1;1;0;0
"04/07/2024";"19:24:00";"292";"Com vítima";"148,000";"BR-116/RJ";"Crescente";"Queda de moto";0;0;0;1;0;0;0;0;0;0;0;0;1;0;0
"04/07/2024";"19:35:00";"297";"Com vítima";"187,000";"BR-116/RJ";"Decrescente";"Engavetamento";3;0;0;0;0;0;0;0;0;1;3;1;0;0;0
"04/07/2024";"20:05:00";"303";"Com vítima";"702,000";"BR-116/MG";"Crescente";"Colisão traseira";1;0;0;1;0;0;0;0;0;0;1;1;0;0;0
"04/07/2024";"23:00:00";"334";"Sem vítima";"123,800";"BR-116/RJ";"Decrescente";"Atropelamento de animal";1;0;0;0;0;0;0;0;0;0;5;0;0;0;0
"05/07/2024";"03:19:00";"114";"Sem vítima";"84,372";"BR-493/RJ";"Decrescente";"Choque";1;0;0;0;0;0;0;0;0;0;2;0;0;0;0
"05/07/2024";"03:45:00";"122";"Com vítima";"685,000";"BR-116/MG";"Crescente";"Colisão lateral em sentido contrário";1;0;1;0;0;0;0;0;0;0;0;5;0;0;0
"05/07/2024";"05:51:00";"134";"Com vítima";"178,000";"BR-116/RJ";"Decrescente";"Queda de moto";0;0;0;1;0;0;0;0;0;0;0;1;1;0;0
"05/07/2024";"06:33:00";"137";"Sem vítima";"97,000";"BR-493/RJ";"Crescente";"Atropelamento de animal";0;0;0;0;1;0;0;0;0;0;1;0;0;0;0
"05/07/2024";"07:01:00";"143";"Sem vítima";"553,700";"BR-116/MG";"Crescente";"Choque";1;0;0;0;0;0;0;0;0;0;1;0;0;0;0
"05/07/2024";"10:42:00";"196";"Sem vítima";"6,000";"BR-493/RJ";"Decrescente";"Colisão transversal";1;0;1;0;0;0;0;0;0;0;4;0;0;0;0
"05/07/2024";"11:18:00";"206";"Com vítima";"184,000";"BR-116/RJ";"Crescente";"Colisão traseira";1;0;0;3;0;0;0;0;0;0;2;2;0;0;0
"05/07/2024";"11:26:00";"212";"Com vítima";"176,000";"BR-116/RJ";"Crescente";"Colisão traseira";1;0;0;1;0;0;0;0;0;0;1;1;0;0;0
"05/07/2024";"13:43:00";"232";"Sem vítima";"138,815";"BR-116/RJ";"Decrescente";"Choque";0;0;0;0;0;1;0;0;0;0;1;0;0;0;0
"05/07/2024";"16:42:00";"270";"Sem vítima";"414,000";"BR-116/MG";"Decrescente";"Colisão traseira";2;0;0;0;0;0;0;0;0;0;2;0;0;0;0
"05/07/2024";"17:05:00";"278";"Sem vítima";"526,000";"BR-116/MG";"Crescente";"Colisão lateral no mesmo sentido";1;0;0;0;0;1;0;0;0;0;2;0;0;0;0
"05/07/2024";"17:10:00";"281";"Sem vítima";"144,000";"BR-116/RJ";"Decrescente";"Engavetamento";1;0;1;0;0;0;0;0;0;1;6;0;0;0;0
"05/07/2024";"20:32:00";"322";"Com vítima";"197,000";"BR-116/RJ";"Decrescente";"Queda de moto";0;0;0;1;0;0;0;0;0;0;0;2;0;0;0
"05/07/2024";"20:34:00";"323";"Com vítima";"686,441";"BR-116/MG";"Decrescente";"Colisão frontal";1;0;0;1;0;0;0;0;0;0;0;0;2;0;2
"05/07/2024";"21:08:00";"328";"Sem vítima";"814,967";"BR-116/MG";"Decrescente";"Choque";1;0;0;0;0;0;0;0;0;0;1;0;0;0;0
"05/07/2024";"21:45:00";"338";"Com vítima";"79,144";"BR-493/RJ";"Decrescente";"Capotamento";1;0;0;0;0;0;0;0;0;0;1;1;0;0;0
"05/07/2024";"22:34:00";"345";"Com vítima";"2,000";"BR-493/RJ";"Crescente";"Colisão frontal";1;0;0;1;0;0;0;0;0;0;0;1;1;0;0
"06/07/2024";"00:37:00";"20";"Com vítima";"693,770";"BR-116/MG";"Crescente";"Queda de moto";0;0;0;1;0;0;0;0;0;0;0;0;2;0;0
"06/07/2024";"03:45:00";"64";"Com vítima";"188,400";"BR-116/RJ";"Crescente";"Colisão traseira";2;0;0;0;0;0;0;0;0;0;0;1;1;0;0
"06/07/2024";"04:45:00";"89";"Sem vítima";"112,700";"BR-493/RJ";"Crescente";"Atropelamento de animal";0;0;0;0;0;1;0;0;0;0;1;0;0;0;0
"06/07/2024";"04:52:00";"90";"Sem vítima";"701,000";"BR-116/MG";"Crescente";"Colisão traseira";2;0;0;0;0;1;0;0;0;0;3;0;0;0;0
"06/07/2024";"06:21:00";"97";"Com vítima";"750,000";"BR-116/MG";"Decrescente";"Colisão transversal";1;0;1;0;0;0;0;0;0;0;1;0;1;0;0
"06/07/2024";"06:27:00";"98";"Sem vítima";"171,000";"BR-116/RJ";"Decrescente";"Colisão lateral no mesmo sentido";1;0;1;0;0;0;0;0;0;0;2;0;0;0;0
"06/07/2024";"06:43:00";"101";"Com vítima";"183,696";"BR-116/RJ";"Decrescente";"Colisão frontal";1;0;0;1;0;0;0;0;0;0;1;0;0;1;0
"06/07/2024";"07:05:00";"109";"Sem vítima";"694,000";"BR-116/MG";"Decrescente";"Colisão traseira";1;0;0;1;0;0;0;0;0;0;2;0;0;0;0
"06/07/2024";"08:32:00";"122";"Sem vítima";"172,000";"BR-116/RJ";"Decrescente";"Colisão traseira";2;0;0;0;0;0;0;0;0;0;2;0;0;0;0
"06/07/2024";"09:14:00";"134";"Sem vítima";"414,000";"BR-116/MG";"Decrescente";"Colisão transversal";2;0;0;0;0;0;0;0;0;0;2;0;0;0;0
"06/07/2024";"09:36:00";"140";"Com vítima";"548,000";"BR-116/MG";"Crescente";"Colisão frontal";1;0;0;1;0;0;0;0;0;0;0;0;1;0;1
"06/07/2024";"11:18:00";"160";"Com vítima";"189,000";"BR-116/RJ";"Decrescente";"Queda de moto";0;0;0;1;0;0;0;0;0;0;0;0;1;0;0
"06/07/2024";"14:19:00";"198";"Com vítima";"18,000";"BR-116/RJ";"Decrescente";"Capotamento";1;0;0;0;0;0;0;0;0;0;0;0;2;0;0
"06/07/2024";"16:13:00";"225";"Sem vítima";"184,000";"BR-116/RJ";"Crescente";"Engavetamento";3;0;0;0;0;0;0;0;0;0;3;0;0;0;0
"06/07/2024";"18:06:00";"252";"Com vítima";"1,000";"BR-465/RJ";"Crescente";"Colisão frontal";1;0;0;1;0;0;0;0;0;0;0;3;0;0;0
"06/07/2024";"18:06:00";"256";"Sem vítima";"446,735";"BR-116/MG";"Decrescente";"Colisão lateral no mesmo sentido";1;0;1;0;0;0;0;0;0;0;2;0;0;0;0
"06/07/2024";"18:11:00";"254";"Com vítima";"93,350";"BR-116/RJ";"Crescente";"Queda de moto";0;0;0;1;0;0;0;0;0;0;0;1;0;0;0
"06/07/2024";"23:00:00";"292";"Sem vítima";"183,548";"BR-116/RJ";"Decrescente";"Capotamento";1;0;0;0;0;0;0;0;0;0;1;0;0;0;0
"07/07/2024";"00:59:00";"4";"Sem vítima";"595,500";"BR-116/MG";"Crescente";"Choque";1;0;0;0;0;0;0;0;0;0;1;0;0;0;0
"07/07/2024";"01:07:00";"6";"Sem vítima";"626,946";"BR-116/MG";"Decrescente";"Capotamento";1;0;0;0;0;0;0;0;0;0;1;0;0;0;0
"07/07/2024";"01:27:00";"8";"Com vítima";"648,047";"BR-116/MG";"Decrescente";"Atropelamento de pedestre";0;0;0;1;0;0;0;0;0;0;0;2;1;0;0
"07/07/2024";"04:13:00";"21";"Sem vítima";"505,389";"BR-116/MG";"Crescente";"Choque";1;0;0;0;0;0;0;0;0;0;1;0;0;0;0
"07/07/2024";"04:51:00";"24";"Com vítima";"809,735";"BR-116/MG";"Decrescente";"Choque";1;0;0;0;0;0;0;0;0;0;0;1;1;0;0
"07/07/2024";"05:17:00";"27";"Com vítima";"698,000";"BR-116/MG";"Crescente";"Capotamento";1;0;0;0;0;0;0;0;0;0;0;1;0;0;0
"07/07/2024";"05:35:00";"28";"Sem vítima";"59,300";"BR-493/RJ";"Crescente";"Capotamento";0;0;1;0;0;0;0;0;0;0;1;0;0;0;0
"07/07/2024";"05:50:00";"30";"Com vítima";"529,000";"BR-116/MG";"Decrescente";"Capotamento";1;0;0;0;0;0;0;0;0;0;0;1;0;0;0
"07/07/2024";"09:19:00";"63";"Com vítima";"17,800";"BR-493/RJ";"Crescente";"Choque";1;0;0;0;0;0;0;0;0;0;0;1;0;0;0
"07/07/2024";"10:17:00";"70";"Sem vítima";"181,000";"BR-116/RJ";"Decrescente";"Colisão lateral no mesmo sentido";1;0;0;1;0;0;0;0;0;0;2;0;0;0;0
"07/07/2024";"11:34:00";"80";"Com vítima";"129,000";"BR-116/RJ";"Crescente";"Choque";1;0;0;0;0;1;0;0;0;0;1;0;1;0;0
"07/07/2024";"11:49:00";"82";"Com vítima";"577,000";"BR-116/MG";"Crescente";"Tombamento";0;0;1;0;0;0;0;0;0;0;0;1;0;0;0
"07/07/2024";"11:51:00";"85";"Com vítima";"600,001";"BR-116/MG";"Decrescente";"Queda de moto";0;0;0;1;0;0;0;0;0;0;0;0;2;0;0
"07/07/2024";"16:09:00";"137";"Com vítima";"770,000";"BR-116/MG";"Decrescente";"Colisão lateral em sentido contrário";2;0;0;0;0;1;0;0;0;0;1;5;0;0;0
"07/07/2024";"17:20:00";"151";"Com vítima";"176,000";"BR-116/RJ";"Decrescente";"Colisão traseira";2;0;0;0;0;0;0;0;0;0;2;1;0;0;0