data;horario;n_da_ocorrencia;tipo_de_ocorrencia;km;trecho;sentido;tipo_de_acidente;automovel;bicicleta;caminhao;moto;onibus;outros;tracao_animal;transporte_de_cargas_especiais;trator_maquinas;utilitarios;ilesos;levemente_feridos;moderadamente_feridos;gravemente_feridos;mortos
"30/07/2024";"06:42:00";"97";"Com vítima";"173,000";"BR-116/RJ";"Decrescente";"Queda de moto";0;0;0;1;0;0;0;0;0;0;0;1;0;0;0
"30/07/2024";"08:29:00";"127";"Com vítima";"181,000";"BR-116/RJ";"Decrescente";"Atropelamento de ciclista";0;1;0;0;1;0;0;0;0;0;1;0;0;0;0
"30/07/2024";"08:41:00";"130";"Sem vítima";"6,000";"BR-493/RJ";"Decrescente";"Colisão lateral em sentido contrário";0;0;1;0;1;0;0;0;0;0;2;0;0;0;0
"30/07/2024";"08:59:00";"133";"Sem vítima";"33,000";"BR-116/RJ";"Decrescente";"Colisão lateral em sentido contrário";2;0;0;0;0;0;0;0;0;0;2;0;0;0;0
"30/07/2024";"09:59:00";"146";"Sem vítima";"579,450";"BR-116/MG";"Decrescente";"Colisão lateral no mesmo sentido";1;0;1;0;0;0;0;0;0;0;2;0;0;0;0
"30/07/2024";"10:56:00";"158";"Com vítima";"184,000";"BR-116/RJ";"Decrescente";"Colisão traseira";1;0;0;0;0;0;0;0;0;1;0;2;0;0;0
"30/07/2024";"12:17:00";"174";"Com vítima";"174,000";"BR-116/RJ";"Decrescente";"Queda de moto";0;0;0;1;0;0;0;0;0;0;0;1;0;0;0
"30/07/2024";"13:46:00";"194";"Com vítima";"191,300";"BR-116/RJ";"Decrescente";"Queda de moto";0;0;0;1;0;0;0;0;0;0;0;1;0;0;0
"30/07/2024";"14:08:00";"196";"Com vítima";"191,900";"BR-116/RJ";"Decrescente";"Colisão traseira";1;0;0;1;0;0;0;0;0;0;0;2;0;0;0
"30/07/2024";"15:20:00";"209";"Sem vítima";"35,000";"BR-116/RJ";"Crescente";"Choque";1;0;0;0;0;0;0;0;0;0;1;0;0;0;0
"30/07/2024";"15:48:00";"215";"Sem vítima";"60,773";"BR-116/RJ";"Decrescente";"Capotamento";1;0;0;0;0;0;0;0;0;0;1;0;0;0;0
"30/07/2024";"18:12:00";"249";"Sem vítima";"22,000";"BR-465/RJ";"Crescente";"Colisão lateral em sentido contrário";0;0;0;1;0;1;0;0;0;0;2;0;0;0;0
"30/07/2024";"18:16:00";"250";"Com vítima";"174,342";"BR-116/RJ";"Crescente";"Choque";1;0;0;0;0;1;0;0;0;0;0;2;0;0;0
"30/07/2024";"18:30:00";"252";"Com vítima";"141,897";"BR-116/RJ";"Crescente";"Colisão traseira";0;0;0;1;0;1;0;0;0;0;1;0;1;0;0
"30/07/2024";"18:46:00";"257";"Com vítima";"0,365";"BR-493/RJ";"Crescente";"Colisão traseira";0;0;0;1;0;1;0;0;0;0;1;0;1;0;0
"30/07/2024";"20:49:00";"283";"Com vítima";"143,500";"BR-116/RJ";"Decrescente";"Atropelamento de pedestre";0;0;0;1;0;0;0;0;0;0;2;1;1;0;0
"30/07/2024";"21:33:00";"289";"Com vítima";"170,225";"BR-116/RJ";"Decrescente";"Colisão transversal";1;0;0;0;0;1;0;0;0;0;1;2;0;0;0
"30/07/2024";"21:33:00";"290";"Com vítima";"146,000";"BR-116/RJ";"Crescente";"Colisão traseira";0;0;0;1;1;0;0;0;0;0;1;1;0;0;0
"31/07/2024";"05:01:00";"118";"Com vítima";"95,995";"BR-493/RJ";"Crescente";"Choque";1;0;0;0;0;0;0;0;0;0;0;2;0;0;0
"31/07/2024";"05:40:00";"120";"Sem vítima";"60,856";"BR-493/RJ";"Decrescente";"Atropelamento de animal";3;0;0;0;0;0;0;0;0;0;3;0;0;0;0
"31/07/2024";"05:40:00";"124";"Sem vítima";"60,856";"BR-493/RJ";"Decrescente";"Colisão traseira";2;0;0;0;0;0;0;0;0;0;2;0;0;0;0
"31/07/2024";"05:40:00";"140";"Sem vítima";"60,856";"BR-493/RJ";"Decrescente";"Atropelamento de animal";3;0;0;0;0;0;0;0;0;0;3;0;0;0;0
"31/07/2024";"07:21:00";"135";"Com vítima";"136,000";"BR-116/RJ";"Crescente";"Choque";1;0;0;0;0;0;0;0;0;0;0;2;0;0;0
"31/07/2024";"07:39:00";"142";"Com vítima";"67,893";"BR-116/RJ";"Crescente";"Choque";0;0;0;1;0;0;0;0;0;0;0;1;0;0;0
"31/07/2024";"08:02:00";"147";"Sem vítima";"10,000";"BR-493/RJ";"Crescente";"Colisão lateral em sentido contrário";1;0;1;0;0;0;0;0;0;0;3;0;0;0;0
"31/07/2024";"08:17:00";"153";"Com vítima";"139,893";"BR-116/RJ";"Crescente";"Engavetamento";0;0;2;0;1;0;0;0;0;1;1;4;2;0;0
"31/07/2024";"08:39:00";"155";"Com vítima";"195,000";"BR-116/RJ";"Crescente";"Choque";1;0;0;0;0;0;0;0;0;0;0;2;0;0;0
"31/07/2024";"08:53:00";"162";"Com vítima";"213,000";"BR-116/RJ";"Decrescente";"Colisão traseira";1;0;0;0;0;1;0;0;0;0;0;2;0;0;0
"31/07/2024";"10:41:00";"171";"Sem vítima";"171,000";"BR-116/RJ";"Crescente";"Choque";0;0;0;0;1;0;0;0;0;0;1;0;0;0;0
"31/07/2024";"10:44:00";"172";"Com vítima";"174,000";"BR-116/RJ";"Decrescente";"Engavetamento";1;0;0;1;1;0;0;0;0;0;1;3;0;0;0
"31/07/2024";"11:54:00";"189";"Sem vítima";"148,150";"BR-116/RJ";"Crescente";"Colisão traseira";2;0;0;0;0;0;0;0;0;0;2;0;0;0;0
"31/07/2024";"12:10:00";"192";"Com vítima";"726,000";"BR-116/MG";"Crescente";"Colisão lateral no mesmo sentido";1;0;0;1;0;0;0;0;0;0;1;1;0;0;0
"31/07/2024";"12:28:00";"194";"Com vítima";"181,000";"BR-116/RJ";"Crescente";"Atropelamento de pedestre";0;0;1;0;0;0;0;0;0;0;0;3;0;0;1
"31/07/2024";"12:48:00";"199";"Com vítima";"5,400";"BR-465/RJ";"Decrescente";"Colisão lateral no mesmo sentido";1;0;0;1;0;0;0;0;0;0;0;1;1;0;0
"31/07/2024";"15:24:00";"230";"Com vítima";"97,515";"BR-116/RJ";"Decrescente";"Tombamento";0;0;1;0;0;0;0;0;0;0;0;0;2;0;0
"31/07/2024";"16:11:00";"237";"Sem vítima";"764,000";"BR-116/MG";"Crescente";"Colisão lateral no mesmo sentido";2;0;0;0;0;0;0;0;0;0;5;0;0;0;0
"31/07/2024";"16:54:00";"245";"Com vítima";"189,441";"BR-116/RJ";"Crescente";"Colisão traseira";0;0;0;1;1;0;0;0;0;0;0;1;1;0;0
"31/07/2024";"18:47:00";"263";"Sem vítima";"423,000";"BR-116/MG";"Crescente";"Colisão transversal";2;0;0;0;0;0;0;0;0;0;2;0;0;0;0
"31/07/2024";"18:52:00";"266";"Com vítima";"702,000";"BR-116/MG";"Decrescente";"Colisão traseira";1;0;0;1;0;0;0;0;0;0;0;2;0;0;0
"01/08/2024";"00:05:00";"6";"Com vítima";"170,000";"BR-116/RJ";"Crescente";"Saída de pista";1;0;0;0;0;0;0;0;0;0;0;1;0;0;0
"01/08/2024";"00:55:00";"74";"Com vítima";"70,600";"BR-116/RJ";"Crescente";"Colisão transversal";1;0;0;1;0;0;0;0;0;0;1;0;0;0;1
"01/08/2024";"02:46:00";"115";"Sem vítima";"430,000";"BR-116/MG";"Decrescente";"Atropelamento de animal";1;0;0;0;0;0;0;0;0;0;1;0;0;0;0
"01/08/2024";"08:38:00";"198";"Sem vítima";"708,000";"BR-116/MG";"Crescente";"Choque";1;0;0;0;0;1;0;0;0;0;2;0;0;0;0
"01/08/2024";"10:03:00";"215";"Com vítima";"171,800";"BR-116/RJ";"Crescente";"Colisão traseira";2;0;0;0;0;0;0;0;0;0;0;3;0;0;0
"01/08/2024";"11:20:00";"233";"Sem vítima";"440,000";"BR-116/MG";"Crescente";"Choque";1;0;0;0;0;0;0;0;0;0;1;0;0;0;0
"01/08/2024";"12:25:00";"245";"Com vítima";"49,468";"BR-493/RJ";"Crescente";"Queda de moto";0;0;0;1;0;0;0;0;0;0;0;1;0;0;0
"01/08/2024";"12:29:00";"246";"Com vítima";"102,130";"BR-116/RJ";"Crescente";"Choque";0;0;0;1;0;0;0;0;0;0;0;0;1;0;0
"01/08/2024";"13:18:00";"258";"Sem vítima";"147,000";"BR-116/RJ";"Crescente";"Engavetamento";3;0;0;0;0;0;0;0;0;0;3;0;0;0;0
"01/08/2024";"15:45:00";"280";"Sem vítima";"413,230";"BR-116/MG";"Decrescente";"Colisão traseira";2;0;0;0;0;0;0;0;0;0;2;0;0;0;0
"01/08/2024";"17:17:00";"299";"Com vítima";"185,000";"BR-116/RJ";"Crescente";"Colisão traseira";1;0;0;1;0;0;0;0;0;0;1;2;0;0;0
"01/08/2024";"17:42:00";"304";"Com vítima";"181,950";"BR-116/RJ";"Crescente";"Colisão traseira";1;0;0;1;0;0;0;0;0;0;0;3;0;0;0
"01/08/2024";"17:52:00";"307";"Com vítima";"183,000";"BR-116/RJ";"Crescente";"Colisão lateral no mesmo sentido";1;0;0;1;0;0;0;0;0;0;1;1;0;0;0
"01/08/2024";"19:42:00";"329";"Com vítima";"180,000";"BR-116/RJ";"Crescente";"Colisão traseira";1;0;0;1;0;0;0;0;0;0;1;1;0;0;0
"01/08/2024";"22:13:00";"353";"Com vítima";"708,767";"BR-116/MG";"Crescente";"Tombamento";0;0;0;0;0;1;0;0;0;0;0;0;1;0;0
"02/08/2024";"07:33:00";"166";"Com vítima";"505,000";"BR-116/MG";"Crescente";"Colisão traseira";1;0;0;1;0;0;0;0;0;0;1;1;0;0;0
"02/08/2024";"08:55:00";"180";"Com vítima";"187,000";"BR-116/RJ";"Decrescente";"Colisão traseira";1;0;0;1;0;0;0;0;0;0;1;0;1;0;0
"02/08/2024";"09:37:00";"191";"Com vítima";"184,100";"BR-116/RJ";"Decrescente";"Engavetamento";2;0;1;0;0;0;0;0;0;0;0;4;0;0;0
"02/08/2024";"09:59:00";"199";"Sem vítima";"131,000";"BR-116/RJ";"Decrescente";"Colisão lateral no mesmo sentido";1;0;1;0;0;0;0;0;0;0;2;0;0;0;0
"02/08/2024";"12:17:00";"229";"Sem vítima";"178,000";"BR-116/RJ";"Crescente";"Colisão traseira";1;0;1;0;0;0;0;0;0;0;2;0;0;0;0
"02/08/2024";"14:02:00";"238";"Sem vítima";"703,000";"BR-116/MG";"Decrescente";"Capotamento";1;0;0;0;0;0;0;0;0;0;1;0;0;0;0
"02/08/2024";"14:46:00";"243";"Sem vítima";"702,000";"BR-116/MG";"Decrescente";"Colisão lateral no mesmo sentido";2;0;0;0;0;0;0;0;0;0;3;0;0;0;0
"02/08/2024";"15:57:00";"261";"Com vítima";"178,200";"BR-116/RJ";"Crescente";"Engavetamento";4;0;0;0;0;0;0;0;0;0;1;6;1;0;0
"02/08/2024";"16:38:00";"275";"Com vítima";"182,000";"BR-116/RJ";"Crescente";"Colisão traseira";1;0;0;1;0;1;0;0;0;0;0;3;0;0;0
"02/08/2024";"16:46:00";"277";"Sem vítima";"699,000";"BR-116/MG";"Decrescente";"Colisão transversal";2;0;0;0;0;0;0;0;0;0;2;0;0;0;0
"02/08/2024";"17:55:00";"288";"Com vítima";"20,726";"BR-465/RJ";"Crescente";"Colisão transversal";1;0;0;1;0;0;0;0;0;0;1;2;0;0;0
"02/08/2024";"19:43:00";"318";"Com vítima";"175,000";"BR-116/RJ";"Crescente";"Colisão lateral no mesmo sentido";1;0;0;1;0;0;0;0;0;0;2;1;0;0;0
"02/08/2024";"19:48:00";"319";"Sem vítima";"173,000";"BR-116/RJ";"Crescente";"Colisão traseira";2;0;0;0;0;0;0;0;0;0;2;0;0;0;0
"02/08/2024";"20:34:00";"325";"Sem vítima";"146,563";"BR-116/RJ";"Decrescente";"Colisão traseira";1;0;1;0;0;0;0;0;0;0;4;0;0;0;0
"02/08/2024";"21:12:00";"331";"Com vítima";"178,865";"BR-116/RJ";"Decrescente";"Colisão traseira";0;0;1;1;0;0;0;0;0;0;1;0;1;0;0
"03/08/2024";"01:03:00";"73";"Com vítima";"178,000";"BR-116/RJ";"Crescente";"Colisão lateral no mesmo sentido";1;0;0;1;0;0;0;0;0;0;2;0;1;0;0
"03/08/2024";"02:42:00";"104";"Com vítima";"195,013";"BR-116/RJ";"Crescente";"Queda de moto";0;0;0;1;0;0;0;0;0;0;0;2;0;0;0
"03/08/2024";"04:08:00";"109";"Com vítima";"204,656";"BR-116/RJ";"Decrescente";"Atropelamento de animal";1;0;0;0;0;0;0;0;0;0;1;0;0;0;0
"03/08/2024";"04:10:00";"110";"Sem vítima";"105,000";"BR-116/RJ";"Decrescente";"Choque";1;0;0;0;0;0;0;0;0;0;1;0;0;0;0
"03/08/2024";"05:34:00";"121";"Sem vítima";"10,774";"BR-116/RJ";"Decrescente";"Choque";1;0;0;0;0;0;0;0;0;0;1;0;0;0;0
"03/08/2024";"05:38:00";"122";"Sem vítima";"96,000";"BR-493/RJ";"Crescente";"Choque";1;0;0;0;0;0;0;0;0;0;2;0;0;0;0
"03/08/2024";"06:20:00";"125";"Com vítima";"441,000";"BR-116/MG";"Crescente";"Queda de moto";0;0;0;1;0;0;0;0;0;0;0;0;2;0;0
"03/08/2024";"07:04:00";"128";"Com vítima";"531,000";"BR-116/MG";"Crescente";"Tombamento";1;0;0;0;0;0;0;0;0;0;0;0;1;0;0
"03/08/2024";"07:55:00";"138";"Sem vítima";"136,000";"BR-116/RJ";"Crescente";"Colisão transversal";2;0;0;0;0;0;0;0;0;0;3;0;0;0;0
"03/08/2024";"08:19:00";"144";"Sem vítima";"781,000";"BR-116/MG";"Crescente";"Saída de pista";1;0;0;0;0;0;0;0;0;0;3;0;0;0;0
"03/08/2024";"08:24:00";"146";"Sem vítima";"137,000";"BR-116/RJ";"Decrescente";"Colisão lateral no mesmo sentido";1;0;0;0;0;1;0;0;0;0;2;0;0;0;0
"03/08/2024";"08:53:00";"151";"Sem vítima";"423,000";"BR-116/MG";"Decrescente";"Colisão traseira";2;0;0;0;0;0;0;0;0;0;3;0;0;0;0
"03/08/2024";"09:06:00";"154";"Com vítima";"204,000";"BR-116/RJ";"Decrescente";"Queda de moto";0;0;0;1;0;0;0;0;0;0;0;1;0;0;0
"03/08/2024";"11:17:00";"179";"Sem vítima";"45,000";"BR-116/RJ";"Crescente";"Saída de pista";1;0;0;0;0;0;0;0;0;0;1;0;0;0;0
"03/08/2024";"11:33:00";"184";"Com vítima";"175,000";"BR-116/RJ";"Decrescente";"Colisão lateral no mesmo sentido";1;0;0;1;0;0;0;0;0;0;0;6;1;0;0
"03/08/2024";"11:40:00";"187";"Sem vítima";"19,000";"BR-116/RJ";"Decrescente";"Atropelamento de ciclista";0;1;0;1;0;0;0;0;0;0;3;0;0;0;0
"03/08/2024";"12:01:00";"196";"Com vítima";"175,400";"BR-116/RJ";"Decrescente";"Colisão lateral no mesmo sentido";1;0;0;1;0;0;0;0;0;0;1;0;1;0;0
"03/08/2024";"12:39:00";"206";"Sem vítima";"441,000";"BR-116/MG";"Crescente";"Capotamento";1;0;0;0;0;0;0;0;0;0;2;0;0;0;0
"03/08/2024";"15:06:00";"225";"Sem vítima";"77,000";"BR-116/RJ";"Decrescente";"Choque";1;0;0;0;0;0;0;0;0;0;1;0;0;0;0
"03/08/2024";"15:16:00";"229";"Sem vítima";"139,000";"BR-116/RJ";"Crescente";"Choque";1;0;0;0;0;0;0;0;0;0;1;0;0;0;0
"03/08/2024";"17:42:00";"252";"Com vítima";"133,284";"BR-116/RJ";"Crescente";"Colisão traseira";0;0;0;1;0;0;0;0;0;1;1;1;0;0;0
"03/08/2024";"18:07:00";"254";"Com vítima";"70,454";"BR-116/RJ";"Decrescente";"Atropelamento de animal";1;0;0;0;0;0;1;0;0;0;1;0;0;0;0
"03/08/2024";"18:41:00";"262";"Sem vítima";"13,800";"BR-465/RJ";"Crescente";"Atropelamento de ciclista";0;1;0;0;0;1;0;0;0;0;2;0;0;0;0
"03/08/2024";"19:05:00";"270";"Sem vítima";"207,000";"BR-116/RJ";"Decrescente";"Colisão lateral no mesmo sentido";2;0;0;0;0;0;0;0;0;0;6;0;0;0;0
"03/08/2024";"21:04:00";"305";"Com vítima";"172,264";"BR-116/RJ";"Decrescente";"Choque";1;0;0;0;0;0;0;0;0;0;0;1;2;0;0
"03/08/2024";"21:57:00";"312";"Com vítima";"7,950";"BR-493/RJ";"Crescente";"Atropelamento de ciclista";0;1;0;1;0;0;0;0;0;0;0;1;0;0;0
"03/08/2024";"23:15:00";"320";"Com vítima";"170,000";"BR-116/RJ";"Crescente";"Choque";1;0;0;0;0;0;0;0;0;0;1;0;1;0;0
"04/08/2024";"04:34:00";"24";"Sem vítima";"544,989";"BR-116/MG";"Crescente";"Capotamento";1;0;0;0;0;0;0;0;0;0;1;0;0;0;0
"04/08/2024";"05:53:00";"30";"Com vítima";"172,000";"BR-116/RJ";"Decrescente";"Colisão traseira";1;0;0;1;0;0;0;0;0;0;0;2;0;0;0
"04/08/2024";"06:55:00";"35";"Com vítima";"176,000";"BR-116/RJ";"Crescente";"Colisão lateral no mesmo sentido";1;0;0;1;0;0;0;0;0;0;0;2;0;0;0
"04/08/2024";"08:42:00";"47";"Com vítima";"181,000";"BR-116/RJ";"Crescente";"Colisão traseira";0;0;0;2;0;0;0;0;0;0;0;2;0;0;0
"04/08/2024";"11:13:00";"69";"Com vítima";"128,000";"BR-116/RJ";"Decrescente";"Tombamento";0;0;1;1;0;0;0;0;0;0;1;1;1;0;0
"04/08/2024";"11:18:00";"70";"Com vítima";"196,100";"BR-116/RJ";"Crescente";"Colisão lateral em sentido contrário";1;0;0;1;0;0;0;0;0;0;0;2;0;0;0
"04/08/2024";"12:22:00";"81";"Com vítima";"647,000";"BR-116/MG";"Crescente";"Colisão frontal";1;0;0;1;0;0;0;0;0;0;4;0;1;1;0
"04/08/2024";"13:03:00";"90";"Com vítima";"581,000";"BR-116/MG";"Crescente";"Colisão lateral no mesmo sentido";1;0;0;1;0;0;0;0;0;0;1;0;1;0;0
"04/08/2024";"13:04:00";"91";"Com vítima";"49,483";"BR-116/RJ";"Decrescente";"Queda de moto";0;0;0;1;0;0;0;0;0;0;0;0;1;0;0
"04/08/2024";"16:40:00";"125";"Com vítima";"172,000";"BR-116/RJ";"Crescente";"Atropelamento de pedestre";1;0;0;0;0;0;0;0;0;0;1;0;0;1;0
"04/08/2024";"18:30:00";"159";"Sem vítima";"193,800";"BR-116/RJ";"Decrescente";"Colisão traseira";1;0;0;0;0;1;0;0;0;0;2;0;0;0;0
"04/08/2024";"20:45:00";"179";"Com vítima";"169,157";"BR-116/RJ";"Crescente";"Choque";0;0;0;0;0;1;0;0;0;0;1;1;0;0;0
"05/08/2024";"00:12:00";"12";"Com vítima";"577,000";"BR-116/MG";"Decrescente";"Capotamento";1;0;0;0;0;0;0;0;0;0;0;1;0;0;0
"05/08/2024";"01:28:00";"84";"Sem vítima";"640,500";"BR-116/MG";"Crescente";"Choque";1;0;0;0;0;0;0;0;0;0;2;0;0;0;0
"05/08/2024";"03:28:00";"107";"Sem vítima";"668,853";"BR-116/MG";"Crescente";"Atropelamento de animal";0;0;1;0;0;0;0;0;0;0;1;0;0;0;0
"05/08/2024";"03:33:00";"109";"Com vítima";"185,155";"BR-116/RJ";"Decrescente";"Capotamento";1;0;0;0;0;0;0;0;0;0;0;1;0;0;0
"05/08/2024";"05:44:00";"118";"Com vítima";"19,800";"BR-465/RJ";"Crescente";"Choque";1;0;0;0;0;0;0;0;0;0;0;2;0;0;0
"05/08/2024";"08:26:00";"140";"Sem vítima";"421,000";"BR-116/MG";"Decrescente";"Colisão lateral no mesmo sentido";1;0;0;1;0;0;0;0;0;0;2;0;0;0;0
"05/08/2024";"08:38:00";"141";"Sem vítima";"24,000";"BR-493/RJ";"Crescente";"Colisão traseira";1;0;1;0;0;0;0;0;0;0;2;0;0;0;0
"05/08/2024";"11:28:00";"167";"Com vítima";"64,000";"BR-493/RJ";"Decrescente";"Colisão lateral no mesmo sentido";2;0;0;0;0;0;0;0;0;0;0;3;0;0;0
"05/08/2024";"12:06:00";"179";"Sem vítima";"172,349";"BR-116/RJ";"Decrescente";"Engavetamento";3;0;0;0;0;0;0;0;0;0;3;0;0;0;0
"05/08/2024";"13:01:00";"190";"Sem vítima";"784,000";"BR-116/MG";"Crescente";"Colisão traseira";1;0;0;0;0;1;0;0;0;0;2;0;0;0;0
"05/08/2024";"14:24:00";"202";"Com vítima";"671,000";"BR-116/MG";"Decrescente";"Colisão transversal";1;0;0;1;0;0;0;0;0;0;0;3;0;0;0
"05/08/2024";"14:41:00";"205";"Com vítima";"13,239";"BR-465/RJ";"Decrescente";"Colisão lateral no mesmo sentido";1;0;0;1;0;0;0;0;0;0;1;1;0;0;0
"05/08/2024";"15:02:00";"211";"Sem vítima";"133,000";"BR-116/RJ";"Decrescente";"Colisão lateral no mesmo sentido";0;0;0;0;1;0;0;0;0;1;2;0;0;0;0
"05/08/2024";"15:50:00";"221";"Com vítima";"701,000";"BR-116/MG";"Decrescente";"Colisão traseira";2;0;0;0;0;0;0;0;0;0;1;3;0;0;0
"05/08/2024";"16:06:00";"223";"Sem vítima";"519,000";"BR-116/MG";"Decrescente";"Colisão lateral no mesmo sentido";1;0;0;0;0;1;0;0;0;0;3;0;0;0;0
"05/08/2024";"16:07:00";"224";"Com vítima";"182,402";"BR-116/RJ";"Crescente";"Colisão lateral no mesmo sentido";1;0;0;1;0;0;0;0;0;0;2;1;0;0;0
"05/08/2024";"17:13:00";"240";"Sem vítima";"5,500";"BR-465/RJ";"Crescente";"Engavetamento";3;0;0;0;0;0;0;0;0;0;3;0;0;0;0
"05/08/2024";"21:32:00";"300";"Com vítima";"614,000";"BR-116/MG";"Decrescente";"Colisão traseira";0;0;0;1;0;0;0;0;0;0;0;0;3;0;0
"06/08/2024";"07:15:00";"148";"Sem vítima";"613,800";"BR-116/MG";"Decrescente";"Colisão traseira";0;0;2;0;0;0;0;0;0;0;2;0;0;0;0
"06/08/2024";"08:22:00";"155";"Com vítima";"122,696";"BR-493/RJ";"Crescente";"Capotamento";1;0;1;0;0;0;0;0;0;0;1;1;0;0;0
"06/08/2024";"10:07:00";"171";"Sem vítima";"485,690";"BR-116/MG";"Crescente";"Saída de pista";0;0;0;0;0;1;0;0;0;0;2;0;0;0;0
"06/08/2024";"10:48:00";"180";"Com vítima";"657,000";"BR-116/MG";"Crescente";"Colisão lateral no mesmo sentido";1;0;0;0;0;1;0;0;0;0;1;1;0;0;0
"06/08/2024";"13:18:00";"211";"Com vítima";"172,016";"BR-116/RJ";"Crescente";"Colisão lateral no mesmo sentido";1;0;0;0;1;0;0;0;0;0;0;5;0;0;1
"06/08/2024";"15:35:00";"230";"Com vítima";"188,546";"BR-116/RJ";"Crescente";"Colisão lateral no mesmo sentido";1;0;0;0;0;1;0;0;0;0;0;2;0;0;0
"06/08/2024";"16:54:00";"245";"Com vítima";"187,321";"BR-116/RJ";"Decrescente";"Colisão lateral no mesmo sentido";1;0;0;1;0;0;0;0;0;0;1;0;1;0;0
"06/08/2024";"17:24:00";"254";"Com vítima";"82,000";"BR-116/RJ";"Crescente";"Colisão lateral em sentido contrário";1;0;0;1;0;0;0;0;0;0;0;2;0;0;0
"06/08/2024";"18:11:00";"259";"Sem vítima";"96,000";"BR-493/RJ";"Crescente";"Saída de pista";1;0;0;0;0;0;0;0;0;0;5;0;0;0;0
"06/08/2024";"18:14:00";"262";"Sem vítima";"796,000";"BR-116/MG";"Crescente";"Choque";1;0;0;0;0;0;0;0;0;0;1;0;0;0;0
"06/08/2024";"18:25:00";"263";"Com vítima";"415,000";"BR-116/MG";"Crescente";"Colisão lateral no mesmo sentido";1;0;0;1;0;0;0;0;0;0;0;2;0;0;0
"06/08/2024";"19:01:00";"268";"Com vítima";"0,800";"BR-465/RJ";"Decrescente";"Atropelamento de pedestre";1;0;0;0;0;0;0;0;0;0;2;0;1;0;0
"06/08/2024";"20:31:00";"295";"Com vítima";"137,907";"BR-116/RJ";"Crescente";"Choque";0;0;1;0;0;0;0;0;0;0;0;0;2;0;0
"06/08/2024";"22:00:00";"312";"Sem vítima";"183,380";"BR-116/RJ";"Crescente";"Colisão lateral no mesmo sentido";2;0;0;0;0;0;0;0;0;0;2;0;0;0;0
"07/08/2024";"00:14:00";"1";"Com vítima";"194,000";"BR-116/RJ";"Decrescente";"Capotamento";1;0;0;0;0;0;0;0;0;0;0;1;0;0;0
"07/08/2024";"00:15:00";"5";"Com vítima";"100,795";"BR-116/RJ";"Decrescente";"Choque";0;0;0;0;0;2;0;0;0;0;1;1;0;0;0
"07/08/2024";"01:13:00";"48";"Com vítima";"659,000";"BR-116/MG";"Crescente";"Choque";1;0;0;0;0;0;0;0;0;0;1;1;1;0;0
"07/08/2024";"06:27:00";"158";"Sem vítima";"141,000";"BR-116/RJ";"Crescente";"Colisão traseira";2;0;0;0;0;0;0;0;0;0;2;0;0;0;0
"07/08/2024";"07:03:00";"164";"Com vítima";"169,000";"BR-116/RJ";"Decrescente";"Colisão traseira";0;0;1;1;0;0;0;0;0;0;2;1;0;0;0
"07/08/2024";"08:02:00";"182";"Com vítima";"169,000";"BR-116/RJ";"Decrescente";"Queda de moto";0;0;0;1;0;0;0;0;0;0;0;0;1;0;0
"07/08/2024";"08:44:00";"194";"Com vítima";"180,000";"BR-116/RJ";"Crescente";"Colisão traseira";1;0;0;0;1;0;0;0;0;0;0;1;2;1;0
"07/08/2024";"09:01:00";"200";"Com vítima";"146,000";"BR-116/RJ";"Crescente";"Colisão lateral no mesmo sentido";0;0;0;1;0;0;0;0;0;1;2;1;0;0;0
"07/08/2024";"10:45:00";"223";"Com vítima";"143,000";"BR-116/RJ";"Crescente";"Atropelamento de pedestre";0;0;0;1;0;0;0;0;0;0;0;2;0;0;0
"07/08/2024";"10:46:00";"224";"Sem vítima";"67,000";"BR-116/RJ";"Crescente";"Queda de moto";0;0;0;1;0;0;0;0;0;0;1;0;0;0;0
"07/08/2024";"13:23:00";"266";"Com vítima";"179,900";"BR-116/RJ";"Decrescente";"Colisão traseira";1;0;0;1;0;0;0;0;0;0;0;1;0;1;0
"07/08/2024";"13:34:00";"272";"Com vítima";"5,000";"BR-116/RJ";"Crescente";"Engavetamento";2;0;1;0;0;1;0;0;0;0;3;1;1;0;0
"07/08/2024";"17:10:00";"307";"Sem vítima";"95,000";"BR-116/RJ";"Crescente";"Choque";1;0;0;0;0;0;0;0;0;0;2;0;0;0;0
"07/08/2024";"18:34:00";"321";"Sem vítima";"7,508";"BR-465/RJ";"Crescente";"Queda de moto";0;0;0;1;0;0;0;0;0;0;1;0;0;0;0
"07/08/2024";"18:50:00";"326";"Com vítima";"614,541";"BR-116/MG";"Crescente";"Colisão transversal";1;0;0;1;0;0;0;0;0;0;0;2;1;0;0