data;horario;n_da_ocorrencia;tipo_de_ocorrencia;km;trecho;sentido;tipo_de_acidente;automovel;bicicleta;caminhao;moto;onibus;outros;tracao_animal;transporte_de_cargas_especiais;trator_maquinas;utilitarios;ilesos;levemente_feridos;moderadamente_feridos;gravemente_feridos;mortos
"07/08/2024";"19:09:00";"328";"Com vítima";"4,300";"BR-493/RJ";"Decrescente";"Atropelamento de pedestre";0;0;0;1;0;0;0;0;0;0;0;1;1;0;0
"07/08/2024";"19:39:00";"336";"Sem vítima";"516,000";"BR-116/MG";"Decrescente";"Choque";1;0;0;0;0;0;0;0;0;0;1;0;0;0;0
"07/08/2024";"19:48:00";"342";"Sem vítima";"415,107";"BR-116/MG";"Decrescente";"Colisão traseira";2;0;0;0;0;0;0;0;0;0;2;0;0;0;0
"07/08/2024";"22:47:00";"364";"Com vítima";"2,740";"BR-493/RJ";"Crescente";"Atropelamento de animal";0;0;0;1;0;0;0;0;0;0;0;0;0;0;1
"07/08/2024";"23:10:00";"367";"Sem vítima";"169,955";"BR-116/RJ";"Crescente";"Choque";2;0;0;0;0;0;0;0;0;0;2;0;0;0;0
"07/08/2024";"23:45:00";"373";"Com vítima";"185,000";"BR-116/RJ";"Decrescente";"Colisão traseira";0;0;0;1;0;0;0;0;0;1;1;0;1;0;0
"08/08/2024";"01:42:00";"106";"Sem vítima";"186,543";"BR-116/RJ";"Crescente";"Colisão traseira";2;0;0;0;0;0;0;0;0;0;2;0;0;0;0
"08/08/2024";"02:00:00";"110";"Sem vítima";"210,097";"BR-116/RJ";"Decrescente";"Colisão traseira";0;0;0;0;0;1;0;0;0;1;2;0;0;0;0
"08/08/2024";"03:16:00";"115";"Sem vítima";"59,930";"BR-493/RJ";"Decrescente";"Tombamento";0;0;0;0;0;1;0;0;0;0;1;0;0;0;0
"08/08/2024";"04:16:00";"126";"Sem vítima";"441,000";"BR-116/MG";"Decrescente";"Capotamento";1;0;0;0;0;0;0;0;0;0;1;0;0;0;0
"08/08/2024";"05:13:00";"150";"Com vítima";"197,462";"BR-116/RJ";"Crescente";"Atropelamento de pedestre";0;0;0;0;0;1;0;0;0;0;0;1;0;0;1
"08/08/2024";"06:42:00";"162";"Com vítima";"66,000";"BR-493/RJ";"Crescente";"Colisão traseira";2;0;0;0;0;0;0;0;0;0;1;0;1;0;0
"08/08/2024";"09:07:00";"186";"Com vítima";"212,000";"BR-116/RJ";"Crescente";"Colisão traseira";0;0;1;0;0;1;0;0;0;0;0;2;0;0;0
"08/08/2024";"09:53:00";"194";"Com vítima";"91,000";"BR-493/RJ";"Crescente";"Queda de moto";0;0;0;1;0;0;0;0;0;0;0;1;0;0;0
"08/08/2024";"10:05:00";"197";"Com vítima";"490,000";"BR-116/MG";"Crescente";"Colisão traseira";2;0;0;0;0;0;0;0;0;0;2;1;0;0;0
"08/08/2024";"12:37:00";"235";"Com vítima";"113,837";"BR-493/RJ";"Crescente";"Engavetamento";2;0;0;1;0;2;0;0;0;0;3;0;0;2;2
"08/08/2024";"13:24:00";"244";"Com vítima";"0,600";"BR-465/RJ";"Crescente";"Colisão lateral no mesmo sentido";1;0;0;1;0;0;0;0;0;0;1;1;0;0;0
"08/08/2024";"15:11:00";"263";"Com vítima";"58,000";"BR-493/RJ";"Decrescente";"Capotamento";1;0;0;0;0;0;0;0;0;0;0;1;1;0;0
"08/08/2024";"20:21:00";"342";"Com vítima";"201,035";"BR-116/RJ";"Crescente";"Atropelamento de animal";0;0;0;0;0;1;0;0;0;0;1;0;0;0;0
"08/08/2024";"21:50:00";"352";"Sem vítima";"106,677";"BR-493/RJ";"Decrescente";"Atropelamento de animal";1;0;0;0;0;0;0;0;0;0;2;0;0;0;0
"08/08/2024";"23:10:00";"361";"Sem vítima";"527,000";"BR-116/MG";"Crescente";"Colisão traseira";5;0;0;0;0;0;0;0;0;0;5;0;0;0;0
"08/08/2024";"23:27:00";"364";"Com vítima";"702,000";"BR-116/MG";"Crescente";"Colisão transversal";0;0;0;2;0;0;0;0;0;0;0;0;2;0;0
"09/08/2024";"06:58:00";"149";"Sem vítima";"738,000";"BR-116/MG";"Crescente";"Choque";0;0;1;0;0;0;0;0;0;0;2;0;0;0;0
"09/08/2024";"07:06:00";"152";"Sem vítima";"121,000";"BR-116/RJ";"Crescente";"Capotamento";0;0;1;0;0;0;0;0;0;0;1;0;0;0;0
"09/08/2024";"07:39:00";"160";"Com vítima";"147,000";"BR-116/RJ";"Crescente";"Engavetamento";1;0;0;1;0;1;0;0;0;0;1;3;0;0;0
"09/08/2024";"08:13:00";"170";"Sem vítima";"177,500";"BR-116/RJ";"Decrescente";"Queda de moto";0;0;0;1;0;0;0;0;0;0;1;0;0;0;0
"09/08/2024";"10:47:00";"199";"Sem vítima";"212,900";"BR-116/RJ";"Decrescente";"Colisão traseira";1;0;1;0;0;0;0;0;0;0;2;0;0;0;0
"09/08/2024";"15:09:00";"250";"Sem vítima";"178,383";"BR-116/RJ";"Crescente";"Colisão traseira";2;0;0;0;0;0;0;0;0;0;2;0;0;0;0
"09/08/2024";"16:20:00";"267";"Com vítima";"412,000";"BR-116/MG";"Decrescente";"Colisão lateral no mesmo sentido";0;0;0;2;0;0;0;0;0;0;0;2;0;0;0
"09/08/2024";"17:07:00";"277";"Sem vítima";"746,000";"BR-116/MG";"Decrescente";"Colisão lateral no mesmo sentido";1;0;1;0;0;0;0;0;0;0;4;0;0;0;0
"09/08/2024";"17:09:00";"278";"Sem vítima";"1,000";"BR-493/RJ";"Crescente";"Engavetamento";3;0;0;0;0;0;0;0;0;0;3;0;0;0;0
"09/08/2024";"17:50:00";"290";"Com vítima";"541,000";"BR-116/MG";"Crescente";"Colisão transversal";1;0;0;1;0;0;0;0;0;0;0;2;0;0;0
"09/08/2024";"18:33:00";"298";"Com vítima";"19,200";"BR-493/RJ";"Decrescente";"Colisão transversal";0;0;0;1;1;0;0;0;0;0;1;1;0;0;0
"09/08/2024";"18:52:00";"303";"Com vítima";"178,000";"BR-116/RJ";"Crescente";"Colisão lateral no mesmo sentido";0;0;0;1;0;1;0;0;0;0;1;1;0;0;0
"09/08/2024";"22:34:00";"345";"Com vítima";"605,000";"BR-116/MG";"Crescente";"Colisão traseira";1;0;0;1;0;0;0;0;0;0;1;1;0;0;0
"10/08/2024";"00:03:00";"24";"Sem vítima";"622,000";"BR-116/MG";"Crescente";"Colisão traseira";2;0;0;0;0;0;0;0;0;0;4;0;0;0;0
"10/08/2024";"03:23:00";"88";"Sem vítima";"724,000";"BR-116/MG";"Decrescente";"Colisão traseira";1;0;0;0;0;1;0;0;0;0;3;0;0;0;0
"10/08/2024";"05:14:00";"114";"Com vítima";"773,212";"BR-116/MG";"Crescente";"Choque";0;0;1;0;0;0;0;0;0;0;0;2;0;0;0
"10/08/2024";"06:05:00";"124";"Sem vítima";"547,000";"BR-116/MG";"Crescente";"Choque";1;0;0;0;0;0;0;0;0;0;1;0;0;0;0
"10/08/2024";"06:34:00";"128";"Sem vítima";"128,000";"BR-116/RJ";"Decrescente";"Choque";1;0;0;0;0;0;0;0;0;0;1;0;0;0;0
"10/08/2024";"06:39:00";"129";"Com vítima";"189,600";"BR-116/RJ";"Crescente";"Choque";1;0;0;0;0;0;0;0;0;0;1;1;0;0;0
"10/08/2024";"07:07:00";"134";"Sem vítima";"469,000";"BR-116/MG";"Decrescente";"Choque";1;0;0;0;0;0;0;0;0;0;1;0;0;0;0
"10/08/2024";"07:25:00";"139";"Com vítima";"201,244";"BR-116/RJ";"Crescente";"Choque";1;0;0;0;0;0;0;0;0;0;0;3;0;0;0
"10/08/2024";"07:46:00";"145";"Sem vítima";"104,000";"BR-116/RJ";"Decrescente";"Choque";1;0;0;0;0;0;0;0;0;0;1;0;0;0;0
"10/08/2024";"08:43:00";"158";"Sem vítima";"804,000";"BR-116/MG";"Crescente";"Choque";1;0;0;0;0;0;0;0;0;0;1;0;0;0;0
"10/08/2024";"09:27:00";"166";"Sem vítima";"16,000";"BR-493/RJ";"Decrescente";"Colisão traseira";1;0;0;0;0;1;0;0;0;0;2;0;0;0;0
"10/08/2024";"10:05:00";"170";"Com vítima";"214,700";"BR-116/RJ";"Decrescente";"Choque";1;0;0;0;0;0;0;0;0;0;0;3;0;0;0
"10/08/2024";"10:58:00";"177";"Com vítima";"178,687";"BR-116/RJ";"Decrescente";"Choque";1;0;0;0;0;0;0;0;0;1;0;3;0;0;0
"10/08/2024";"11:05:00";"181";"Com vítima";"181,000";"BR-116/RJ";"Decrescente";"Colisão traseira";1;0;0;0;0;1;0;0;0;0;1;4;0;0;0
"10/08/2024";"12:15:00";"192";"Com vítima";"70,669";"BR-116/RJ";"Crescente";"Colisão lateral em sentido contrário";1;0;1;0;0;0;0;0;0;0;1;0;4;1;0
"10/08/2024";"15:07:00";"220";"Com vítima";"666,583";"BR-116/MG";"Crescente";"Tombamento";0;0;0;0;0;1;0;0;0;0;0;0;1;0;0
"10/08/2024";"15:24:00";"222";"Com vítima";"648,000";"BR-116/MG";"Crescente";"Colisão traseira";0;0;0;2;0;0;0;0;0;0;0;0;2;0;0
"10/08/2024";"15:48:00";"229";"Com vítima";"211,546";"BR-116/RJ";"Crescente";"Saída de pista";1;0;0;0;0;0;0;0;0;0;0;2;0;0;0
"10/08/2024";"16:24:00";"233";"Com vítima";"190,523";"BR-116/RJ";"Decrescente";"Colisão traseira";2;0;0;1;0;0;0;0;0;0;0;3;0;0;0
"10/08/2024";"19:49:00";"262";"Com vítima";"529,000";"BR-116/MG";"Crescente";"Colisão traseira";1;0;0;1;0;0;0;0;0;0;1;1;0;0;0
"10/08/2024";"20:31:00";"271";"Com vítima";"540,000";"BR-116/MG";"Decrescente";"Colisão traseira";1;0;0;1;0;0;0;0;0;0;0;1;1;0;0
"10/08/2024";"20:57:00";"274";"Com vítima";"0,000";"BR-493/RJ";"Decrescente";"Colisão transversal";1;0;0;1;0;0;0;0;0;0;1;1;0;0;0
"10/08/2024";"23:02:00";"283";"Sem vítima";"530,000";"BR-116/MG";"Decrescente";"Colisão traseira";2;0;0;0;0;0;0;0;0;0;2;0;0;0;0
"11/08/2024";"01:46:00";"27";"Com vítima";"192,300";"BR-116/RJ";"Crescente";"Choque";2;0;0;1;0;1;0;0;0;0;4;1;0;0;0
"11/08/2024";"04:50:00";"43";"Com vítima";"607,558";"BR-116/MG";"Crescente";"Colisão frontal";1;0;0;1;0;0;0;0;0;0;0;2;2;0;1
"11/08/2024";"08:37:00";"70";"Com vítima";"638,259";"BR-116/MG";"Crescente";"Tombamento";0;0;0;0;0;1;0;0;0;0;0;0;1;0;0
"11/08/2024";"08:47:00";"71";"Sem vítima";"72,000";"BR-493/RJ";"Decrescente";"Choque";1;0;0;0;0;0;0;0;0;0;2;0;0;0;0
"11/08/2024";"12:51:00";"104";"Com vítima";"564,700";"BR-116/MG";"Decrescente";"Colisão lateral em sentido contrário";1;0;0;1;0;0;0;0;0;0;0;5;0;0;1
"11/08/2024";"14:33:00";"121";"Sem vítima";"51,000";"BR-493/RJ";"Crescente";"Atropelamento de animal";0;0;0;0;0;0;0;0;0;1;1;0;0;0;0
"11/08/2024";"15:44:00";"132";"Sem vítima";"0,200";"BR-493/RJ";"Decrescente";"Colisão lateral no mesmo sentido";0;0;0;1;0;1;0;0;0;0;2;0;0;0;0
"11/08/2024";"15:57:00";"133";"Sem vítima";"815,000";"BR-116/MG";"Crescente";"Choque";0;0;1;0;0;0;0;0;0;0;1;0;0;0;0
"11/08/2024";"16:32:00";"137";"Sem vítima";"409,000";"BR-116/MG";"Decrescente";"Choque";1;0;0;0;0;0;0;0;0;0;1;0;0;0;0
"11/08/2024";"16:43:00";"140";"Com vítima";"113,000";"BR-116/RJ";"Decrescente";"Choque";1;0;0;0;0;0;0;0;0;0;0;1;0;0;0
"11/08/2024";"18:14:00";"153";"Sem vítima";"144,735";"BR-116/RJ";"Crescente";"Engavetamento";3;0;0;0;0;0;0;0;0;0;3;0;0;0;0
"11/08/2024";"18:29:00";"157";"Com vítima";"147,000";"BR-116/RJ";"Decrescente";"Choque";2;0;0;0;0;0;0;0;0;0;1;0;1;0;0
"11/08/2024";"18:38:00";"159";"Com vítima";"192,300";"BR-116/RJ";"Decrescente";"Engavetamento";3;0;0;0;0;0;0;0;0;0;3;5;0;0;0
"11/08/2024";"18:41:00";"161";"Com vítima";"671,000";"BR-116/MG";"Crescente";"Colisão transversal";0;0;0;1;0;1;0;0;0;0;1;0;1;0;0
"11/08/2024";"19:33:00";"172";"Com vítima";"5,100";"BR-493/RJ";"Crescente";"Colisão lateral no mesmo sentido";1;0;0;1;0;0;0;0;0;0;0;2;0;0;0
"11/08/2024";"20:02:00";"181";"Com vítima";"624,778";"BR-116/MG";"Decrescente";"Colisão frontal";2;0;0;0;0;0;0;0;0;0;0;0;0;1;2
"11/08/2024";"21:03:00";"192";"Com vítima";"179,000";"BR-116/RJ";"Decrescente";"Choque";2;0;1;1;0;0;0;0;0;0;3;1;0;0;0
"11/08/2024";"21:43:00";"198";"Sem vítima";"201,000";"BR-116/RJ";"Crescente";"Colisão traseira";1;0;1;0;0;0;0;0;0;0;3;0;0;0;0
"11/08/2024";"22:30:00";"207";"Com vítima";"64,000";"BR-116/RJ";"Crescente";"Queda de moto";0;0;0;1;0;0;0;0;0;0;0;0;1;0;0
"11/08/2024";"23:28:00";"216";"Sem vítima";"625,000";"BR-116/MG";"Decrescente";"Engavetamento";1;0;0;0;1;1;0;0;0;0;4;0;0;0;0
"12/08/2024";"00:11:00";"3";"Com vítima";"12,200";"BR-465/RJ";"Crescente";"Queda de moto";0;0;0;1;0;0;0;0;0;0;0;1;0;0;0
"12/08/2024";"01:06:00";"11";"Com vítima";"5,306";"BR-493/RJ";"Decrescente";"Atropelamento de animal";0;0;0;0;0;1;0;0;0;0;0;1;0;0;0
"12/08/2024";"02:48:00";"92";"Sem vítima";"145,000";"BR-116/RJ";"Decrescente";"Atropelamento de animal";1;0;0;0;0;0;0;0;0;0;1;0;0;0;0
"12/08/2024";"06:13:00";"134";"Com vítima";"141,000";"BR-116/RJ";"Crescente";"Engavetamento";1;0;0;1;1;0;0;0;0;0;3;3;0;0;0
"12/08/2024";"06:28:00";"136";"Com vítima";"6,000";"BR-493/RJ";"Crescente";"Colisão traseira";1;0;0;1;0;0;0;0;0;0;0;1;1;0;0
"12/08/2024";"07:31:00";"145";"Com vítima";"144,000";"BR-116/RJ";"Crescente";"Queda de moto";0;0;0;1;0;0;0;0;0;0;0;0;0;1;0
"12/08/2024";"10:28:00";"182";"Sem vítima";"795,000";"BR-116/MG";"Decrescente";"Colisão traseira";1;0;1;0;0;0;0;0;0;0;3;0;0;0;0
"12/08/2024";"10:46:00";"184";"Sem vítima";"32,900";"BR-116/RJ";"Decrescente";"Saída de pista";1;0;0;0;0;0;0;0;0;0;1;0;0;0;0
"12/08/2024";"11:44:00";"201";"Com vítima";"80,000";"BR-116/RJ";"Decrescente";"Colisão transversal";2;0;0;0;0;0;0;0;0;0;0;0;5;0;0
"12/08/2024";"13:23:00";"214";"Com vítima";"702,000";"BR-116/MG";"Decrescente";"Colisão transversal";1;0;0;1;0;0;0;0;0;0;0;1;1;0;0
"12/08/2024";"16:30:00";"254";"Com vítima";"182,000";"BR-116/RJ";"Crescente";"Colisão frontal";1;0;0;1;0;0;0;0;0;0;1;2;0;0;0
"12/08/2024";"19:42:00";"286";"Com vítima";"455,000";"BR-116/MG";"Decrescente";"Colisão frontal";0;0;0;1;0;1;0;0;0;0;1;0;0;1;0
"12/08/2024";"23:23:00";"323";"Com vítima";"4,115";"BR-493/RJ";"Crescente";"Capotamento";1;0;0;0;0;0;0;0;0;0;0;0;0;0;1
"13/08/2024";"04:14:00";"114";"Com vítima";"715,285";"BR-116/MG";"Crescente";"Acidentes de outra natureza";1;0;0;0;0;0;0;0;0;0;0;0;0;1;0
"13/08/2024";"05:22:00";"117";"Com vítima";"96,117";"BR-493/RJ";"Crescente";"Capotamento";1;0;0;0;0;0;0;0;0;0;1;3;0;0;0
"13/08/2024";"07:45:00";"127";"Com vítima";"145,000";"BR-116/RJ";"Crescente";"Queda de moto";0;0;0;1;0;0;0;0;0;0;0;1;1;0;0
"13/08/2024";"10:14:00";"147";"Com vítima";"622,900";"BR-116/MG";"Decrescente";"Colisão transversal";1;0;0;1;0;0;0;0;0;0;2;0;1;0;0
"13/08/2024";"11:58:00";"167";"Sem vítima";"594,000";"BR-116/MG";"Decrescente";"Colisão traseira";0;0;1;0;0;1;0;0;0;0;2;0;0;0;0
"13/08/2024";"13:07:00";"176";"Com vítima";"529,000";"BR-116/MG";"Decrescente";"Queda de bicicleta";0;1;0;0;0;0;0;0;0;0;0;0;0;0;0
"13/08/2024";"14:51:00";"198";"Sem vítima";"511,000";"BR-116/MG";"Crescente";"Saída de pista";1;0;0;0;0;0;0;0;0;0;2;0;0;0;0
"13/08/2024";"16:12:00";"215";"Sem vítima";"419,000";"BR-116/MG";"Crescente";"Colisão lateral no mesmo sentido";2;0;0;0;0;0;0;0;0;0;2;0;0;0;0
"13/08/2024";"16:19:00";"216";"Com vítima";"539,061";"BR-116/MG";"Decrescente";"Colisão lateral em sentido contrário";1;0;0;0;0;1;0;0;0;0;1;0;1;0;0
"13/08/2024";"16:40:00";"224";"Sem vítima";"21,571";"BR-493/RJ";"Decrescente";"Engavetamento";0;0;1;0;0;3;0;0;0;0;4;0;0;0;0
"13/08/2024";"17:01:00";"225";"Sem vítima";"524,000";"BR-116/MG";"Crescente";"Colisão traseira";2;0;0;0;0;0;0;0;0;0;2;0;0;0;0
"13/08/2024";"20:05:00";"273";"Com vítima";"80,356";"BR-116/RJ";"Decrescente";"Colisão transversal";1;0;0;1;0;0;0;0;0;0;0;1;1;0;0
"13/08/2024";"20:11:00";"274";"Com vítima";"180,900";"BR-116/RJ";"Crescente";"Choque";0;0;0;1;0;0;0;0;0;0;0;1;1;0;0
"13/08/2024";"20:48:00";"276";"Com vítima";"172,250";"BR-116/RJ";"Crescente";"Engavetamento";2;0;0;2;0;0;0;0;0;0;1;2;2;0;0
"14/08/2024";"07:40:00";"28";"Com vítima";"179,700";"BR-116/RJ";"Decrescente";"Queda de moto";0;0;0;1;0;0;0;0;0;0;0;1;0;0;0
"14/08/2024";"08:19:00";"33";"Com vítima";"189,500";"BR-116/RJ";"Crescente";"Colisão traseira";1;0;0;1;0;0;0;0;0;0;1;1;0;0;0
"14/08/2024";"08:43:00";"38";"Com vítima";"212,900";"BR-116/RJ";"Crescente";"Queda de moto";0;0;0;1;0;0;0;0;0;0;0;1;0;0;0
"14/08/2024";"09:00:00";"44";"Com vítima";"143,000";"BR-116/RJ";"Crescente";"Colisão traseira";1;0;1;0;0;0;0;0;0;0;1;2;0;0;0
"14/08/2024";"09:31:00";"56";"Sem vítima";"96,000";"BR-116/RJ";"Decrescente";"Colisão traseira";1;0;0;0;0;0;0;0;0;0;1;0;0;0;0
"14/08/2024";"11:54:00";"84";"Com vítima";"70,000";"BR-116/RJ";"Crescente";"Colisão lateral no mesmo sentido";2;0;0;0;0;0;0;0;0;0;1;3;0;0;0
"14/08/2024";"14:02:00";"105";"Sem vítima";"748,000";"BR-116/MG";"Crescente";"Choque";1;0;0;0;0;0;0;0;0;0;1;0;0;0;0
"14/08/2024";"14:06:00";"108";"Com vítima";"178,676";"BR-116/RJ";"Decrescente";"Colisão traseira";1;0;0;1;0;0;0;0;0;0;0;2;0;0;0
"14/08/2024";"14:30:00";"109";"Com vítima";"585,000";"BR-116/MG";"Decrescente";"Colisão traseira";1;0;2;0;0;0;0;0;0;0;2;2;0;0;0
"14/08/2024";"16:38:00";"137";"Com vítima";"415,016";"BR-116/MG";"Crescente";"Colisão traseira";2;0;0;0;0;0;0;0;0;0;0;2;0;0;0
"14/08/2024";"16:56:00";"141";"Sem vítima";"634,525";"BR-116/MG";"Decrescente";"Colisão transversal";2;0;0;0;0;0;0;0;0;0;3;0;0;0;0
"14/08/2024";"18:15:00";"157";"Sem vítima";"625,374";"BR-116/MG";"Decrescente";"Colisão traseira";0;0;0;1;0;1;0;0;0;0;2;0;0;0;0
"14/08/2024";"20:08:00";"188";"Sem vítima";"142,151";"BR-116/RJ";"Crescente";"Colisão traseira";0;0;0;0;0;2;0;0;0;0;2;0;0;0;0
"15/08/2024";"00:52:00";"4";"Com vítima";"715,624";"BR-116/MG";"Decrescente";"Queda de moto";1;0;0;0;0;0;0;0;0;0;0;1;0;1;0
"15/08/2024";"03:08:00";"141";"Com vítima";"484,000";"BR-116/MG";"Decrescente";"Queda de moto";0;0;0;1;0;0;0;0;0;0;0;1;1;0;0
"15/08/2024";"08:38:00";"204";"Sem vítima";"523,700";"BR-116/MG";"Decrescente";"Colisão lateral em sentido contrário";2;0;0;0;0;0;0;0;0;1;3;0;0;0;0
"15/08/2024";"12:48:00";"260";"Com vítima";"21,000";"BR-493/RJ";"Decrescente";"Queda de moto";0;0;0;1;0;0;0;0;0;0;0;1;0;0;0
"15/08/2024";"13:48:00";"273";"Sem vítima";"0,500";"BR-465/RJ";"Decrescente";"Colisão traseira";1;0;0;0;0;1;0;0;0;0;2;0;0;0;0
"15/08/2024";"14:12:00";"278";"Sem vítima";"513,000";"BR-116/MG";"Crescente";"Choque";1;0;0;0;0;0;0;0;0;0;1;0;0;0;0
"15/08/2024";"16:37:00";"301";"Com vítima";"135,000";"BR-116/RJ";"Crescente";"Queda de moto";0;0;0;1;0;0;0;0;0;0;0;1;0;0;0
"15/08/2024";"17:49:00";"322";"Com vítima";"485,000";"BR-116/MG";"Crescente";"Queda de moto";0;0;0;1;0;0;0;0;0;0;0;2;0;0;0
"15/08/2024";"19:14:00";"343";"Com vítima";"181,000";"BR-116/RJ";"Crescente";"Colisão traseira";1;0;0;1;0;0;0;0;0;0;1;0;1;0;0
"15/08/2024";"19:30:00";"349";"Sem vítima";"52,000";"BR-493/RJ";"Crescente";"Colisão traseira";0;0;1;0;0;1;0;0;0;0;2;0;0;0;0
"15/08/2024";"20:05:00";"359";"Sem vítima";"616,500";"BR-116/MG";"Crescente";"Colisão traseira";2;0;0;0;0;0;0;0;0;0;2;0;0;0;0
"15/08/2024";"20:41:00";"368";"Sem vítima";"182,100";"BR-116/RJ";"Crescente";"Engavetamento";3;0;0;0;0;0;0;0;0;0;4;0;0;0;0
"16/08/2024";"04:49:00";"155";"Com vítima";"198,589";"BR-116/RJ";"Decrescente";"Atropelamento de animal";0;0;0;0;1;0;0;0;0;0;1;0;0;0;0
"16/08/2024";"07:23:00";"167";"Com vítima";"511,860";"BR-116/MG";"Decrescente";"Colisão traseira";1;0;0;1;0;0;0;0;0;0;1;1;0;0;0
"16/08/2024";"11:00:00";"220";"Com vítima";"187,000";"BR-116/RJ";"Crescente";"Colisão traseira";2;0;0;0;0;0;0;0;0;0;0;2;0;0;0
"16/08/2024";"17:07:00";"303";"Sem vítima";"110,000";"BR-116/RJ";"Decrescente";"Choque";2;0;0;0;0;0;0;0;0;0;2;0;0;0;0
"16/08/2024";"17:26:00";"313";"Sem vítima";"85,400";"BR-116/RJ";"Decrescente";"Colisão traseira";1;0;1;0;0;0;0;0;0;0;2;0;0;0;0
"16/08/2024";"18:08:00";"323";"Com vítima";"96,000";"BR-493/RJ";"Crescente";"Queda de moto";0;0;0;1;0;0;0;0;0;0;0;0;1;0;0
"16/08/2024";"18:40:00";"333";"Com vítima";"81,299";"BR-116/RJ";"Decrescente";"Colisão transversal";1;0;0;1;0;0;0;0;0;0;3;1;0;0;0
"16/08/2024";"18:52:00";"338";"Com vítima";"187,600";"BR-116/RJ";"Crescente";"Choque";1;0;0;0;0;0;0;0;0;0;0;1;0;0;0
"16/08/2024";"19:09:00";"345";"Com vítima";"68,537";"BR-493/RJ";"Decrescente";"Atropelamento de ciclista";0;1;1;0;0;0;0;0;0;0;2;0;0;0;0
"16/08/2024";"19:32:00";"352";"Com vítima";"184,000";"BR-116/RJ";"Crescente";"Engavetamento";3;0;0;0;0;1;0;0;0;0;1;7;0;0;0
"16/08/2024";"20:24:00";"361";"Com vítima";"173,877";"BR-116/RJ";"Decrescente";"Colisão traseira";1;0;0;1;0;0;0;0;0;0;0;2;0;0;0
"16/08/2024";"21:55:00";"381";"Sem vítima";"491,273";"BR-116/MG";"Crescente";"Atropelamento de animal";1;0;0;0;0;0;0;0;0;0;2;0;0;0;0
"16/08/2024";"23:58:00";"397";"Sem vítima";"758,400";"BR-116/MG";"Decrescente";"Atropelamento de animal";0;0;1;0;0;0;0;0;0;0;2;0;0;0;0
"17/08/2024";"00:52:00";"67";"Com vítima";"207,000";"BR-116/RJ";"Decrescente";"Colisão lateral no mesmo sentido";1;0;1;0;0;0;0;0;0;0;0;3;0;0;0
"17/08/2024";"03:00:00";"99";"Com vítima";"9,000";"BR-465/RJ";"Crescente";"Colisão traseira";0;0;0;1;0;1;0;0;0;0;1;0;1;0;0
"17/08/2024";"04:16:00";"108";"Sem vítima";"682,000";"BR-116/MG";"Decrescente";"Choque";1;0;0;0;0;0;0;0;0;0;3;0;0;0;0
"17/08/2024";"04:56:00";"113";"Com vítima";"173,280";"BR-116/RJ";"Crescente";"Choque";1;0;0;0;0;0;0;0;0;0;0;1;0;0;0
"17/08/2024";"08:11:00";"130";"Com vítima";"3,000";"BR-465/RJ";"Decrescente";"Capotamento";2;0;0;0;0;0;0;0;0;0;2;2;0;0;0
"17/08/2024";"08:34:00";"135";"Com vítima";"175,000";"BR-116/RJ";"Decrescente";"Engavetamento";2;0;1;0;0;0;0;0;0;0;0;5;0;0;0
"17/08/2024";"09:27:00";"151";"Sem vítima";"647,000";"BR-116/MG";"Crescente";"Atropelamento de animal";1;0;0;0;0;0;0;0;0;0;1;0;0;0;0
"17/08/2024";"09:31:00";"154";"Com vítima";"414,000";"BR-116/MG";"Decrescente";"Colisão traseira";1;0;0;1;0;0;0;0;0;0;1;0;1;0;0
"17/08/2024";"12:42:00";"192";"Com vítima";"5,101";"BR-493/RJ";"Decrescente";"Atropelamento de ciclista";0;1;0;1;0;0;0;0;0;0;0;1;0;0;0
"17/08/2024";"13:08:00";"197";"Sem vítima";"6,000";"BR-493/RJ";"Decrescente";"Choque";2;0;0;0;0;0;0;0;0;0;3;0;0;0;0
"17/08/2024";"13:48:00";"206";"Com vítima";"779,480";"BR-116/MG";"Crescente";"Tombamento";0;0;0;0;0;1;0;0;0;0;0;0;0;1;0
"17/08/2024";"16:18:00";"228";"Com vítima";"5,000";"BR-465/RJ";"Decrescente";"Colisão lateral em sentido contrário";1;0;0;1;0;0;0;0;0;0;1;1;0;0;0
"17/08/2024";"16:27:00";"232";"Sem vítima";"626,800";"BR-116/MG";"Decrescente";"Colisão lateral em sentido contrário";0;0;1;0;0;1;0;0;0;0;2;0;0;0;0
"17/08/2024";"16:39:00";"236";"Com vítima";"539,000";"BR-116/MG";"Decrescente";"Colisão lateral em sentido contrário";0;0;0;1;1;0;0;0;0;0;1;0;1;0;0