data;horario;n_da_ocorrencia;tipo_de_ocorrencia;km;trecho;sentido;tipo_de_acidente;automovel;bicicleta;caminhao;moto;onibus;outros;tracao_animal;transporte_de_cargas_especiais;trator_maquinas;utilitarios;ilesos;levemente_feridos;moderadamente_feridos;gravemente_feridos;mortos
"17/08/2024";"17:01:00";"242";"Com vítima";"9,000";"BR-493/RJ";"Crescente";"Queda de moto";0;0;0;1;0;0;0;0;0;0;0;2;0;0;0
"17/08/2024";"18:59:00";"270";"Com vítima";"146,428";"BR-116/RJ";"Crescente";"Queda de moto";0;0;0;1;0;0;0;0;0;0;0;1;1;0;0
"17/08/2024";"23:01:00";"322";"Com vítima";"86,508";"BR-116/RJ";"Decrescente";"Colisão lateral em sentido contrário";1;0;0;1;0;0;0;0;0;0;2;1;1;0;0
"18/08/2024";"05:25:00";"65";"Sem vítima";"583,465";"BR-116/MG";"Decrescente";"Choque";1;0;0;0;0;0;0;0;0;0;1;0;0;0;0
"18/08/2024";"06:43:00";"73";"Com vítima";"685,000";"BR-116/MG";"Decrescente";"Choque";1;0;0;0;0;0;0;0;0;0;0;1;1;0;0
"18/08/2024";"12:04:00";"114";"Com vítima";"93,500";"BR-116/RJ";"Decrescente";"Colisão lateral no mesmo sentido";1;0;0;1;0;0;0;0;0;0;3;2;0;0;0
"18/08/2024";"13:45:00";"134";"Com vítima";"52,000";"BR-493/RJ";"Decrescente";"Colisão traseira";1;0;0;0;0;0;0;0;0;1;1;2;2;0;0
"18/08/2024";"15:02:00";"144";"Com vítima";"53,000";"BR-116/RJ";"Decrescente";"Queda de moto";0;0;0;1;0;0;0;0;0;0;0;1;0;0;0
"18/08/2024";"15:53:00";"156";"Sem vítima";"517,000";"BR-116/MG";"Decrescente";"Choque";1;0;0;0;0;0;0;0;0;0;4;0;0;0;0
"18/08/2024";"18:21:00";"177";"Sem vítima";"616,432";"BR-116/MG";"Decrescente";"Colisão traseira";2;0;0;0;0;0;0;0;0;0;3;0;0;0;0
"18/08/2024";"18:27:00";"178";"Sem vítima";"144,795";"BR-116/RJ";"Crescente";"Colisão traseira";1;0;0;0;0;1;0;0;0;0;2;0;0;0;0
"18/08/2024";"22:30:00";"220";"Com vítima";"673,160";"BR-116/MG";"Crescente";"Choque";1;0;0;0;0;0;0;0;0;0;2;2;0;0;0
"19/08/2024";"05:54:00";"104";"Com vítima";"5,200";"BR-465/RJ";"Crescente";"Colisão traseira";1;0;0;1;0;0;0;0;0;0;0;1;1;0;0
"19/08/2024";"08:15:00";"126";"Com vítima";"175,954";"BR-116/RJ";"Crescente";"Colisão traseira";2;0;0;0;0;0;0;0;0;0;1;2;0;0;0
"19/08/2024";"09:28:00";"145";"Com vítima";"527,400";"BR-116/MG";"Crescente";"Colisão traseira";1;0;0;1;0;0;0;0;0;0;1;1;0;0;0
"19/08/2024";"09:37:00";"148";"Com vítima";"25,500";"BR-116/RJ";"Crescente";"Saída de pista";1;0;0;0;0;0;0;0;0;0;0;1;0;0;0
"19/08/2024";"12:12:00";"176";"Sem vítima";"122,188";"BR-493/RJ";"Decrescente";"Tombamento";1;0;0;0;0;0;0;0;0;0;1;0;0;0;0
"19/08/2024";"12:23:00";"178";"Sem vítima";"710,000";"BR-116/MG";"Decrescente";"Choque";0;0;0;0;0;1;0;0;0;0;2;0;0;0;0
"19/08/2024";"13:58:00";"196";"Com vítima";"182,120";"BR-116/RJ";"Crescente";"Colisão traseira";1;0;0;1;0;0;0;0;0;0;0;2;0;0;0
"19/08/2024";"15:55:00";"221";"Sem vítima";"71,100";"BR-493/RJ";"Decrescente";"Atropelamento de animal";1;0;0;0;0;0;0;0;0;0;1;0;0;0;0
"19/08/2024";"18:02:00";"248";"Sem vítima";"51,000";"BR-493/RJ";"Crescente";"Choque";0;0;0;0;0;1;0;0;0;0;1;0;0;0;0
"19/08/2024";"18:04:00";"249";"Com vítima";"6,000";"BR-493/RJ";"Crescente";"Colisão lateral no mesmo sentido";1;0;0;1;0;0;0;0;0;0;1;0;2;0;0
"19/08/2024";"21:18:00";"294";"Com vítima";"212,900";"BR-116/RJ";"Crescente";"Colisão traseira";1;0;0;0;0;1;0;0;0;0;1;4;0;0;0
"20/08/2024";"02:11:00";"17";"Com vítima";"193,150";"BR-116/RJ";"Decrescente";"Capotamento";1;0;0;0;0;0;0;0;0;0;0;1;0;0;0
"20/08/2024";"05:28:00";"24";"Sem vítima";"148,000";"BR-116/RJ";"Crescente";"Colisão traseira";1;0;0;0;0;1;0;0;0;0;2;0;0;0;0
"20/08/2024";"07:42:00";"44";"Com vítima";"191,000";"BR-116/RJ";"Decrescente";"Queda de moto";0;0;0;1;0;0;0;0;0;0;0;1;0;0;0
"20/08/2024";"13:55:00";"113";"Sem vítima";"547,374";"BR-116/MG";"Crescente";"Colisão lateral em sentido contrário";1;0;1;0;0;0;0;0;0;0;3;0;0;0;0
"20/08/2024";"14:36:00";"121";"Com vítima";"143,400";"BR-116/RJ";"Decrescente";"Colisão lateral no mesmo sentido";1;0;0;1;0;0;0;0;0;0;3;1;0;0;0
"20/08/2024";"18:45:00";"187";"Com vítima";"79,000";"BR-116/RJ";"Decrescente";"Colisão traseira";0;0;0;1;0;1;0;0;0;0;1;0;1;0;0
"20/08/2024";"19:42:00";"215";"Com vítima";"411,000";"BR-116/MG";"Decrescente";"Colisão traseira";0;0;1;1;0;0;0;0;0;0;1;0;1;0;0
"20/08/2024";"20:09:00";"222";"Com vítima";"19,000";"BR-465/RJ";"Decrescente";"Queda de moto";0;0;0;1;0;0;0;0;0;0;0;1;0;0;0
"21/08/2024";"00:37:00";"60";"Sem vítima";"129,800";"BR-116/RJ";"Decrescente";"Choque";1;0;0;0;0;0;0;0;0;0;1;0;0;0;0
"21/08/2024";"04:12:00";"152";"Sem vítima";"75,900";"BR-116/RJ";"Decrescente";"Tombamento";0;0;0;0;0;1;0;0;0;0;1;0;0;0;0
"21/08/2024";"06:35:00";"156";"Com vítima";"174,000";"BR-116/RJ";"Decrescente";"Colisão lateral no mesmo sentido";1;0;0;1;0;0;0;0;0;0;1;1;0;0;0
"21/08/2024";"07:39:00";"171";"Com vítima";"184,300";"BR-116/RJ";"Crescente";"Colisão lateral em sentido contrário";2;0;1;0;0;0;0;0;0;0;1;2;2;0;0
"21/08/2024";"18:19:00";"298";"Com vítima";"599,259";"BR-116/MG";"Crescente";"Colisão frontal";2;0;0;0;0;0;0;0;0;0;0;1;3;0;0
"22/08/2024";"00:16:00";"17";"Sem vítima";"638,000";"BR-116/MG";"Decrescente";"Choque";1;0;0;0;0;0;0;0;0;0;1;0;0;0;0
"22/08/2024";"05:56:00";"120";"Sem vítima";"95,000";"BR-493/RJ";"Crescente";"Choque";1;0;0;0;0;0;0;0;0;0;1;0;0;0;0
"22/08/2024";"06:09:00";"123";"Com vítima";"505,000";"BR-116/MG";"Crescente";"Colisão traseira";1;0;1;0;0;0;0;0;0;0;1;1;0;0;0
"22/08/2024";"06:50:00";"125";"Com vítima";"178,000";"BR-116/RJ";"Decrescente";"Queda de moto";0;0;0;1;0;0;0;0;0;0;0;1;0;0;0
"22/08/2024";"07:52:00";"136";"Sem vítima";"24,700";"BR-493/RJ";"Decrescente";"Choque";0;0;1;0;0;0;0;0;0;1;4;0;0;0;0
"22/08/2024";"08:23:00";"145";"Com vítima";"174,000";"BR-116/RJ";"Decrescente";"Colisão lateral no mesmo sentido";1;0;0;1;0;0;0;0;0;0;1;1;1;0;0
"22/08/2024";"10:22:00";"161";"Sem vítima";"463,000";"BR-116/MG";"Decrescente";"Colisão lateral no mesmo sentido";2;0;0;0;0;0;0;0;0;0;3;0;0;0;0
"22/08/2024";"15:20:00";"221";"Sem vítima";"70,000";"BR-493/RJ";"Decrescente";"Saída de pista";1;0;0;0;0;0;0;0;0;0;1;0;0;0;0
"22/08/2024";"15:40:00";"226";"Sem vítima";"187,000";"BR-116/RJ";"Crescente";"Colisão traseira";2;0;0;0;0;0;0;0;0;0;2;0;0;0;0
"22/08/2024";"18:21:00";"263";"Com vítima";"1,100";"BR-465/RJ";"Crescente";"Atropelamento de ciclista";1;1;0;0;0;0;0;0;0;0;1;0;0;0;0
"22/08/2024";"19:00:00";"271";"Com vítima";"529,000";"BR-116/MG";"Decrescente";"Colisão transversal";2;0;0;0;0;0;0;0;0;0;0;2;0;0;0
"22/08/2024";"23:00:00";"316";"Com vítima";"179,755";"BR-116/RJ";"Crescente";"Queda de moto";0;0;0;1;0;0;0;0;0;0;0;2;0;0;0
"23/08/2024";"06:29:00";"129";"Com vítima";"5,000";"BR-493/RJ";"Crescente";"Colisão lateral no mesmo sentido";1;0;0;1;0;0;0;0;0;0;0;2;0;0;0
"23/08/2024";"07:15:00";"134";"Sem vítima";"146,000";"BR-116/RJ";"Crescente";"Engavetamento";4;0;0;0;0;0;0;0;0;0;4;0;0;0;0
"23/08/2024";"09:00:00";"153";"Com vítima";"175,000";"BR-116/RJ";"Crescente";"Atropelamento de pedestre";0;0;0;0;1;0;0;0;0;0;0;1;0;1;0
"23/08/2024";"10:40:00";"174";"Com vítima";"212,000";"BR-116/RJ";"Crescente";"Colisão traseira";1;0;0;0;0;1;0;0;0;0;0;3;0;0;0
"23/08/2024";"11:47:00";"189";"Com vítima";"180,000";"BR-116/RJ";"Crescente";"Colisão traseira";1;0;0;0;0;1;0;0;0;0;1;1;0;0;0
"23/08/2024";"12:37:00";"200";"Com vítima";"180,000";"BR-116/RJ";"Crescente";"Colisão lateral no mesmo sentido";1;0;0;0;0;1;0;0;0;0;0;2;0;0;0
"23/08/2024";"14:37:00";"223";"Com vítima";"21,000";"BR-465/RJ";"Crescente";"Colisão transversal";1;0;0;1;0;0;0;0;0;0;0;2;0;0;0
"23/08/2024";"14:38:00";"224";"Com vítima";"697,317";"BR-116/MG";"Crescente";"Colisão traseira";1;0;0;2;0;0;0;0;0;0;1;2;1;0;0
"23/08/2024";"14:59:00";"231";"Sem vítima";"174,000";"BR-116/RJ";"Decrescente";"Engavetamento";2;0;0;0;0;0;0;0;0;0;3;0;0;0;0
"23/08/2024";"15:30:00";"239";"Com vítima";"171,500";"BR-116/RJ";"Crescente";"Colisão lateral no mesmo sentido";1;0;1;1;0;0;0;0;0;0;0;3;0;0;0
"23/08/2024";"15:39:00";"242";"Sem vítima";"764,000";"BR-116/MG";"Crescente";"Colisão traseira";2;0;0;0;0;0;0;0;0;0;4;0;0;0;0
"23/08/2024";"15:51:00";"246";"Com vítima";"2,000";"BR-465/RJ";"Decrescente";"Atropelamento de ciclista";0;0;0;1;0;0;0;0;0;0;0;1;0;0;0
"23/08/2024";"16:45:00";"260";"Com vítima";"189,737";"BR-116/RJ";"Decrescente";"Colisão lateral no mesmo sentido";1;0;0;0;0;1;0;0;0;0;0;4;0;0;0
"23/08/2024";"17:28:00";"272";"Com vítima";"186,000";"BR-116/RJ";"Decrescente";"Engavetamento";0;0;1;0;0;1;0;0;0;1;0;4;0;0;0
"23/08/2024";"17:51:00";"279";"Sem vítima";"37,500";"BR-116/RJ";"Decrescente";"Colisão lateral em sentido contrário";0;0;0;0;1;1;0;0;0;0;2;0;0;0;0
"23/08/2024";"18:29:00";"289";"Com vítima";"194,000";"BR-116/RJ";"Decrescente";"Queda de moto";0;0;0;1;0;0;0;0;0;0;0;1;0;0;0
"23/08/2024";"18:50:00";"294";"Com vítima";"193,500";"BR-116/RJ";"Decrescente";"Colisão traseira";2;0;0;0;0;0;0;0;0;0;0;2;0;0;0
"23/08/2024";"20:42:00";"328";"Sem vítima";"145,245";"BR-116/RJ";"Decrescente";"Colisão traseira";2;0;0;0;0;0;0;0;0;0;2;0;0;0;0
"23/08/2024";"22:04:00";"345";"Com vítima";"140,000";"BR-116/RJ";"Crescente";"Atropelamento de ciclista";1;1;0;0;0;1;0;0;0;0;2;0;1;0;0
"24/08/2024";"01:20:00";"24";"Sem vítima";"7,000";"BR-493/RJ";"Crescente";"Atropelamento de animal";1;0;0;0;0;0;0;0;0;0;4;0;0;0;0
"24/08/2024";"01:59:00";"61";"Com vítima";"134,000";"BR-116/RJ";"Decrescente";"Capotamento";1;0;0;0;0;0;0;0;0;0;0;1;0;0;0
"24/08/2024";"03:14:00";"108";"Sem vítima";"106,357";"BR-493/RJ";"Decrescente";"Atropelamento de animal";0;0;0;0;0;1;0;0;0;0;1;0;0;0;0
"24/08/2024";"03:18:00";"109";"Com vítima";"24,000";"BR-493/RJ";"Decrescente";"Queda de moto";0;0;0;1;0;0;0;0;0;0;0;1;0;0;0
"24/08/2024";"03:39:00";"113";"Com vítima";"497,000";"BR-116/MG";"Crescente";"Queda de moto";1;0;0;1;0;0;0;0;0;0;1;0;1;0;0
"24/08/2024";"05:23:00";"123";"Com vítima";"459,952";"BR-116/MG";"Decrescente";"Atropelamento de animal";1;0;0;0;0;0;0;0;0;0;0;0;1;0;1
"24/08/2024";"05:53:00";"124";"Com vítima";"20,600";"BR-465/RJ";"Decrescente";"Colisão frontal";1;0;0;1;0;0;0;0;0;0;0;2;0;0;0
"24/08/2024";"06:21:00";"126";"Com vítima";"46,000";"BR-116/RJ";"Crescente";"Choque";1;0;0;0;0;0;0;0;0;0;1;1;0;0;0
"24/08/2024";"09:15:00";"156";"Com vítima";"475,000";"BR-116/MG";"Decrescente";"Colisão lateral no mesmo sentido";1;0;0;1;0;0;0;0;0;0;1;2;0;0;0
"24/08/2024";"09:17:00";"157";"Com vítima";"40,400";"BR-116/RJ";"Decrescente";"Colisão lateral no mesmo sentido";1;0;0;1;0;0;0;0;0;0;1;1;1;0;0
"24/08/2024";"10:37:00";"174";"Sem vítima";"557,000";"BR-116/MG";"Decrescente";"Engavetamento";3;0;0;0;0;0;0;0;0;0;6;0;0;0;0
"24/08/2024";"18:19:00";"269";"Com vítima";"13,670";"BR-116/RJ";"Decrescente";"Queda de moto";0;0;0;1;0;0;0;0;0;0;0;1;0;0;0
"24/08/2024";"18:20:00";"270";"Com vítima";"523,700";"BR-116/MG";"Crescente";"Queda de bicicleta";0;1;0;0;0;0;0;0;0;0;0;0;1;0;0
"24/08/2024";"18:20:00";"271";"Com vítima";"148,000";"BR-116/RJ";"Crescente";"Queda de moto";0;0;0;1;0;0;0;0;0;0;0;1;0;0;0
"24/08/2024";"18:28:00";"274";"Com vítima";"572,000";"BR-116/MG";"Decrescente";"Queda de moto";0;0;0;1;0;0;0;0;0;0;0;0;2;0;0
"24/08/2024";"19:49:00";"291";"Com vítima";"19,000";"BR-465/RJ";"Crescente";"Queda de moto";0;0;0;1;0;0;0;0;0;0;0;2;0;0;0
"24/08/2024";"22:14:00";"313";"Com vítima";"5,000";"BR-465/RJ";"Crescente";"Atropelamento de pedestre";0;0;0;0;0;0;0;0;0;1;1;1;0;0;0
"24/08/2024";"23:00:00";"317";"Com vítima";"141,500";"BR-116/RJ";"Crescente";"Colisão frontal";2;0;0;0;0;0;0;0;0;0;5;2;0;0;0
"24/08/2024";"23:16:00";"319";"Com vítima";"479,545";"BR-116/MG";"Decrescente";"Colisão frontal";0;0;0;1;1;0;0;0;0;0;1;0;0;1;0
"25/08/2024";"03:48:00";"39";"Com vítima";"519,850";"BR-116/MG";"Decrescente";"Queda de moto";0;0;0;1;0;0;0;0;0;0;0;1;0;0;0
"25/08/2024";"11:44:00";"95";"Sem vítima";"108,000";"BR-493/RJ";"Crescente";"Capotamento";1;0;0;0;0;0;0;0;0;0;2;0;0;0;0
"25/08/2024";"14:57:00";"132";"Sem vítima";"681,546";"BR-116/MG";"Decrescente";"Tombamento";0;0;1;0;0;0;0;0;0;0;1;0;0;0;0
"25/08/2024";"18:40:00";"177";"Com vítima";"517,000";"BR-116/MG";"Crescente";"Queda de moto";0;0;0;1;0;0;0;0;0;0;0;0;1;0;0
"25/08/2024";"19:07:00";"183";"Sem vítima";"138,900";"BR-116/RJ";"Decrescente";"Colisão traseira";2;0;0;0;0;0;0;0;0;0;3;0;0;0;0
"25/08/2024";"20:14:00";"196";"Sem vítima";"1,500";"BR-465/RJ";"Crescente";"Choque";1;0;0;0;0;0;0;0;0;0;1;0;0;0;0
"25/08/2024";"22:12:00";"210";"Com vítima";"13,670";"BR-493/RJ";"Crescente";"Queda de moto";0;0;0;1;0;0;0;0;0;0;0;1;0;0;0
"25/08/2024";"22:45:00";"215";"Com vítima";"183,800";"BR-116/RJ";"Crescente";"Atropelamento de animal";0;0;0;0;0;0;0;0;0;0;0;0;1;0;0
"25/08/2024";"22:56:00";"218";"Sem vítima";"22,190";"BR-493/RJ";"Decrescente";"Atropelamento de animal";1;0;0;0;0;0;0;0;0;0;4;0;0;0;0
"25/08/2024";"23:05:00";"220";"Sem vítima";"127,600";"BR-116/RJ";"Decrescente";"Choque";1;0;0;0;0;0;0;0;0;0;3;0;0;0;0
"26/08/2024";"06:26:00";"135";"Com vítima";"186,000";"BR-116/RJ";"Decrescente";"Engavetamento";4;0;1;0;0;0;0;0;0;0;1;3;3;0;0
"26/08/2024";"06:32:00";"137";"Sem vítima";"680,000";"BR-116/MG";"Crescente";"Choque";1;0;0;0;0;0;0;0;0;0;1;0;0;0;0
"26/08/2024";"06:43:00";"139";"Sem vítima";"52,000";"BR-493/RJ";"Crescente";"Choque";1;0;0;0;0;0;0;0;0;0;1;0;0;0;0
"26/08/2024";"06:48:00";"140";"Com vítima";"186,000";"BR-116/RJ";"Decrescente";"Queda de moto";0;0;0;1;0;0;0;0;0;0;0;1;0;0;0
"26/08/2024";"07:09:00";"144";"Sem vítima";"23,000";"BR-116/RJ";"Crescente";"Choque";1;0;0;0;0;0;0;0;0;0;2;0;0;0;0
"26/08/2024";"07:11:00";"145";"Sem vítima";"717,000";"BR-116/MG";"Decrescente";"Capotamento";1;0;0;0;0;0;0;0;0;0;1;0;0;0;0
"26/08/2024";"08:17:00";"163";"Sem vítima";"33,000";"BR-116/RJ";"Crescente";"Choque";0;0;1;0;0;0;0;0;0;0;2;0;0;0;0
"26/08/2024";"08:35:00";"168";"Com vítima";"204,500";"BR-116/RJ";"Crescente";"Saída de pista";1;0;0;0;0;0;0;0;0;0;0;1;0;0;0
"26/08/2024";"08:51:00";"172";"Sem vítima";"774,000";"BR-116/MG";"Crescente";"Choque";1;0;0;0;0;0;0;0;0;0;1;0;0;0;0
"26/08/2024";"09:19:00";"179";"Sem vítima";"181,600";"BR-116/RJ";"Crescente";"Colisão lateral no mesmo sentido";1;0;0;0;1;0;0;0;0;0;2;0;0;0;0
"26/08/2024";"09:41:00";"184";"Com vítima";"412,000";"BR-116/MG";"Decrescente";"Atropelamento de pedestre";0;0;1;0;1;0;0;0;0;0;2;0;1;0;0
"26/08/2024";"10:12:00";"191";"Com vítima";"89,200";"BR-116/RJ";"Crescente";"Choque";1;0;0;0;0;0;0;0;0;0;0;1;0;0;0
"26/08/2024";"14:01:00";"225";"Sem vítima";"100,000";"BR-116/RJ";"Decrescente";"Saída de pista";1;0;0;0;0;0;0;0;0;0;3;0;0;0;0
"26/08/2024";"14:47:00";"235";"Sem vítima";"661,000";"BR-116/MG";"Crescente";"Capotamento";1;0;0;0;0;0;0;0;0;0;2;0;0;0;0
"26/08/2024";"15:27:00";"244";"Com vítima";"206,000";"BR-116/RJ";"Crescente";"Colisão traseira";0;0;0;1;0;1;0;0;0;0;1;1;0;0;0
"26/08/2024";"16:26:00";"255";"Com vítima";"22,000";"BR-493/RJ";"Decrescente";"Queda de bicicleta";0;1;0;0;0;0;0;0;0;0;0;0;0;0;0
"26/08/2024";"16:35:00";"256";"Com vítima";"50,900";"BR-493/RJ";"Crescente";"Choque";0;0;0;1;0;0;0;0;0;0;0;0;1;0;0
"26/08/2024";"17:26:00";"259";"Sem vítima";"688,000";"BR-116/MG";"Decrescente";"Capotamento";1;0;0;0;0;0;0;0;0;0;2;0;0;0;0
"26/08/2024";"19:23:00";"285";"Com vítima";"626,000";"BR-116/MG";"Decrescente";"Queda de moto";0;0;0;1;0;0;0;0;0;0;0;0;1;0;0
"26/08/2024";"19:44:00";"292";"Com vítima";"182,900";"BR-116/RJ";"Crescente";"Colisão lateral no mesmo sentido";1;0;0;1;0;0;0;0;0;0;1;1;0;0;0
"26/08/2024";"20:27:00";"302";"Com vítima";"180,773";"BR-116/RJ";"Decrescente";"Queda de moto";0;0;0;1;0;0;0;0;0;0;0;2;0;0;0
"26/08/2024";"21:17:00";"311";"Com vítima";"10,000";"BR-465/RJ";"Crescente";"Queda de moto";0;0;0;1;0;0;0;0;0;0;0;1;0;0;0
"26/08/2024";"22:47:00";"322";"Sem vítima";"776,695";"BR-116/MG";"Decrescente";"Choque";0;0;1;0;0;0;0;0;0;0;1;0;0;0;0
"27/08/2024";"03:09:00";"94";"Sem vítima";"90,337";"BR-116/RJ";"Decrescente";"Colisão lateral em sentido contrário";1;0;0;0;0;1;0;0;0;0;2;0;0;0;0
"27/08/2024";"05:24:00";"120";"Com vítima";"52,169";"BR-493/RJ";"Decrescente";"Tombamento";0;0;1;0;0;1;0;0;0;0;0;2;0;0;0
"27/08/2024";"05:29:00";"122";"Com vítima";"1,000";"BR-465/RJ";"Crescente";"Atropelamento de pedestre";0;0;0;1;0;0;0;0;0;0;1;1;0;0;0
"27/08/2024";"05:31:00";"124";"Sem vítima";"18,027";"BR-116/RJ";"Decrescente";"Capotamento";1;0;0;0;0;0;0;0;0;0;2;0;0;0;0
"27/08/2024";"07:24:00";"137";"Sem vítima";"56,000";"BR-493/RJ";"Decrescente";"Colisão lateral no mesmo sentido";2;0;0;0;0;0;0;0;0;0;2;0;0;0;0
"27/08/2024";"13:30:00";"207";"Sem vítima";"176,000";"BR-116/RJ";"Decrescente";"Colisão traseira";2;0;0;0;0;1;0;0;0;0;6;0;0;0;0
"27/08/2024";"15:19:00";"223";"Sem vítima";"182,000";"BR-116/RJ";"Crescente";"Colisão traseira";1;0;1;0;0;0;0;0;0;0;2;0;0;0;0
"27/08/2024";"16:05:00";"236";"Com vítima";"174,000";"BR-116/RJ";"Decrescente";"Queda de moto";0;0;0;1;0;0;0;0;0;0;0;1;0;0;0
"27/08/2024";"19:04:00";"266";"Com vítima";"568,000";"BR-116/MG";"Crescente";"Capotamento";1;0;0;0;0;0;0;0;0;0;1;1;0;0;0
"27/08/2024";"19:30:00";"270";"Com vítima";"142,415";"BR-116/RJ";"Crescente";"Atropelamento de ciclista";0;1;0;0;1;0;0;0;0;0;1;0;0;0;0
"27/08/2024";"22:33:00";"295";"Com vítima";"774,128";"BR-116/MG";"Decrescente";"Tombamento";0;0;0;0;0;1;0;0;0;0;0;0;1;0;0
"28/08/2024";"01:10:00";"94";"Sem vítima";"98,766";"BR-116/RJ";"Crescente";"Choque";1;0;0;0;0;0;0;0;0;0;2;0;0;0;0
"28/08/2024";"03:02:00";"101";"Com vítima";"148,400";"BR-116/RJ";"Crescente";"Choque";1;0;0;0;0;0;0;0;0;0;0;2;0;0;0
"28/08/2024";"09:38:00";"160";"Sem vítima";"772,566";"BR-116/MG";"Decrescente";"Colisão lateral em sentido contrário";2;0;0;0;0;0;0;0;0;0;2;0;0;0;0
"28/08/2024";"11:18:00";"177";"Sem vítima";"0,200";"BR-465/RJ";"Decrescente";"Colisão lateral no mesmo sentido";1;0;0;0;0;1;0;0;0;0;2;0;0;0;0
"28/08/2024";"12:08:00";"189";"Com vítima";"20,000";"BR-465/RJ";"Decrescente";"Colisão lateral em sentido contrário";1;0;0;1;0;0;0;0;0;0;0;2;0;0;0
"28/08/2024";"13:23:00";"210";"Com vítima";"20,000";"BR-465/RJ";"Decrescente";"Colisão traseira";0;0;0;3;0;0;0;0;0;0;0;3;0;0;0
"28/08/2024";"14:45:00";"226";"Com vítima";"184,000";"BR-116/RJ";"Decrescente";"Engavetamento";3;0;0;0;0;0;0;0;0;0;0;3;0;0;0
"28/08/2024";"17:24:00";"252";"Com vítima";"211,000";"BR-116/RJ";"Crescente";"Engavetamento";1;0;3;0;0;0;0;0;0;0;0;4;0;0;0
"28/08/2024";"19:26:00";"282";"Com vítima";"553,000";"BR-116/MG";"Decrescente";"Queda de moto";0;0;0;1;0;0;0;0;0;0;0;1;0;0;0
"28/08/2024";"23:52:00";"329";"Com vítima";"181,100";"BR-116/RJ";"Crescente";"Colisão lateral no mesmo sentido";1;0;0;0;1;0;0;0;0;0;0;3;0;0;0
"29/08/2024";"02:25:00";"73";"Com vítima";"66,574";"BR-116/RJ";"Crescente";"Capotamento";1;0;0;0;0;0;0;0;0;0;0;0;2;0;0
"29/08/2024";"08:31:00";"158";"Com vítima";"85,000";"BR-116/RJ";"Crescente";"Atropelamento de pedestre";1;0;0;0;0;0;0;0;0;0;1;0;1;0;0
"29/08/2024";"10:09:00";"184";"Com vítima";"20,400";"BR-465/RJ";"Decrescente";"Queda de moto";0;0;0;1;0;0;0;0;0;1;1;1;0;0;0
"29/08/2024";"10:17:00";"190";"Sem vítima";"651,000";"BR-116/MG";"Crescente";"Colisão traseira";1;0;0;0;0;0;0;0;0;1;2;0;0;0;0
"29/08/2024";"10:30:00";"196";"Com vítima";"103,000";"BR-116/RJ";"Decrescente";"Queda de moto";0;0;0;1;0;0;0;0;0;0;0;0;1;0;0
"29/08/2024";"11:22:00";"204";"Com vítima";"14,000";"BR-116/RJ";"Decrescente";"Choque";1;0;0;0;0;0;0;0;0;0;0;0;3;0;0
"29/08/2024";"12:00:00";"213";"Com vítima";"514,998";"BR-116/MG";"Decrescente";"Queda de moto";0;0;0;1;0;0;0;0;0;0;0;0;1;0;0
"29/08/2024";"13:40:00";"232";"Com vítima";"426,322";"BR-116/MG";"Crescente";"Capotamento";0;0;1;0;0;0;0;0;0;0;0;0;1;0;1
"29/08/2024";"13:57:00";"236";"Com vítima";"739,961";"BR-116/MG";"Crescente";"Colisão frontal";2;0;0;0;0;0;0;0;0;0;2;0;1;0;0
"29/08/2024";"14:10:00";"240";"Com vítima";"524,050";"BR-116/MG";"Decrescente";"Queda de moto";0;0;0;1;0;0;0;0;0;0;0;0;1;0;0
"29/08/2024";"15:49:00";"255";"Com vítima";"126,000";"BR-116/RJ";"Crescente";"Queda de moto";0;0;0;1;0;0;0;0;0;0;0;1;0;0;0
"30/08/2024";"00:47:00";"25";"Sem vítima";"562,473";"BR-116/MG";"Decrescente";"Tombamento";0;0;0;0;0;1;0;0;0;0;1;0;0;0;0
"30/08/2024";"07:30:00";"117";"Com vítima";"186,000";"BR-116/RJ";"Decrescente";"Queda de moto";0;0;0;1;0;0;0;0;0;0;0;1;1;0;0
"30/08/2024";"08:01:00";"127";"Com vítima";"69,000";"BR-493/RJ";"Crescente";"Queda de moto";0;0;0;1;0;0;0;0;0;0;0;1;0;0;0
"30/08/2024";"15:22:00";"226";"Com vítima";"521,000";"BR-116/MG";"Decrescente";"Colisão frontal";1;0;0;1;0;0;0;0;0;0;1;0;1;0;0
"30/08/2024";"15:34:00";"231";"Com vítima";"178,000";"BR-116/RJ";"Crescente";"Colisão traseira";0;0;0;0;1;0;0;0;0;1;2;1;0;0;0
"30/08/2024";"19:06:00";"275";"Sem vítima";"146,738";"BR-116/RJ";"Decrescente";"Tombamento";0;0;0;0;0;0;0;0;0;1;1;0;0;0;0