data;horario;n_da_ocorrencia;tipo_de_ocorrencia;km;trecho;sentido;tipo_de_acidente;automovel;bicicleta;caminhao;moto;onibus;outros;tracao_animal;transporte_de_cargas_especiais;trator_maquinas;utilitarios;ilesos;levemente_feridos;moderadamente_feridos;gravemente_feridos;mortos
"30/08/2024";"22:45:00";"316";"Sem vítima";"98,316";"BR-116/RJ";"Crescente";"Tombamento";0;0;1;0;0;0;0;0;0;0;1;0;0;0;0
"30/08/2024";"22:45:00";"317";"Sem vítima";"72,245";"BR-493/RJ";"Crescente";"Colisão traseira";1;0;0;0;0;1;0;0;0;0;2;0;0;0;0
"31/08/2024";"04:38:00";"93";"Com vítima";"106,053";"BR-116/RJ";"Decrescente";"Colisão frontal";2;0;0;0;0;0;0;0;0;0;1;1;0;0;0
"31/08/2024";"07:53:00";"118";"Sem vítima";"69,000";"BR-116/RJ";"Crescente";"Colisão traseira";1;0;0;0;0;1;0;0;0;0;2;0;0;0;0
"31/08/2024";"08:15:00";"121";"Sem vítima";"715,000";"BR-116/MG";"Decrescente";"Tombamento";0;0;0;0;0;1;0;0;0;0;1;0;0;0;0
"31/08/2024";"09:48:00";"137";"Com vítima";"119,000";"BR-493/RJ";"Crescente";"Queda de moto";0;0;0;1;0;0;0;0;0;0;0;2;0;0;0
"31/08/2024";"11:19:00";"159";"Com vítima";"709,000";"BR-116/MG";"Decrescente";"Tombamento";1;0;0;0;0;1;0;0;0;0;0;0;3;0;1
"31/08/2024";"11:21:00";"160";"Sem vítima";"174,000";"BR-116/RJ";"Decrescente";"Engavetamento";3;0;0;0;0;0;0;0;0;0;3;0;0;0;0
"31/08/2024";"11:52:00";"169";"Com vítima";"177,000";"BR-116/RJ";"Decrescente";"Colisão lateral no mesmo sentido";1;0;0;1;0;0;0;0;0;0;0;1;1;0;0
"31/08/2024";"12:26:00";"175";"Com vítima";"186,000";"BR-116/RJ";"Decrescente";"Colisão lateral no mesmo sentido";1;0;0;1;0;0;0;0;0;0;1;0;1;0;0
"31/08/2024";"15:04:00";"198";"Com vítima";"417,000";"BR-116/MG";"Decrescente";"Colisão transversal";0;0;0;2;0;0;0;0;0;0;1;0;1;0;0
"31/08/2024";"18:11:00";"237";"Com vítima";"174,546";"BR-116/RJ";"Decrescente";"Atropelamento de pedestre";0;0;0;0;0;1;0;0;0;0;1;1;0;0;0
"31/08/2024";"18:16:00";"238";"Sem vítima";"610,940";"BR-116/MG";"Decrescente";"Colisão lateral no mesmo sentido";1;0;0;0;0;1;0;0;0;0;3;0;0;0;0
"31/08/2024";"18:38:00";"245";"Sem vítima";"531,000";"BR-116/MG";"Decrescente";"Colisão traseira";2;0;0;0;0;0;0;0;0;0;8;0;0;0;0
"31/08/2024";"19:42:00";"258";"Sem vítima";"181,306";"BR-116/RJ";"Crescente";"Colisão lateral no mesmo sentido";2;0;0;0;0;0;0;0;0;0;5;0;0;0;0
"31/08/2024";"21:44:00";"276";"Com vítima";"0,254";"BR-465/RJ";"Decrescente";"Tombamento";0;0;0;0;1;0;0;0;0;0;12;15;4;1;0
"31/08/2024";"22:43:00";"280";"Com vítima";"110,250";"BR-116/RJ";"Crescente";"Queda de moto";0;0;0;2;0;0;0;0;0;0;0;2;0;0;0
"31/08/2024";"23:05:00";"285";"Com vítima";"141,257";"BR-116/RJ";"Crescente";"Engavetamento";4;0;0;0;0;0;0;0;0;0;7;1;2;0;0
"01/09/2024";"00:12:00";"4";"Com vítima";"452,718";"BR-116/MG";"Crescente";"Capotamento";1;0;0;0;0;0;0;0;0;0;0;0;1;0;0
"01/09/2024";"01:47:00";"10";"Sem vítima";"52,000";"BR-493/RJ";"Decrescente";"Choque";0;0;0;0;0;1;0;0;0;0;1;0;0;0;0
"01/09/2024";"06:12:00";"39";"Sem vítima";"131,000";"BR-116/RJ";"Decrescente";"Choque";1;0;0;0;0;0;0;0;0;0;2;0;0;0;0
"01/09/2024";"10:45:00";"82";"Com vítima";"539,774";"BR-116/MG";"Decrescente";"Colisão lateral em sentido contrário";0;0;0;2;0;0;0;0;0;0;0;0;2;0;0
"01/09/2024";"11:31:00";"88";"Com vítima";"98,000";"BR-116/RJ";"Decrescente";"Colisão frontal";0;0;0;3;0;0;0;0;0;0;0;1;1;1;0
"01/09/2024";"12:44:00";"102";"Sem vítima";"94,200";"BR-116/RJ";"Decrescente";"Colisão traseira";1;0;0;0;0;1;0;0;0;0;2;0;0;0;0
"01/09/2024";"13:40:00";"109";"Sem vítima";"508,000";"BR-116/MG";"Crescente";"Choque";0;0;1;0;0;0;0;0;0;0;1;0;0;0;0
"01/09/2024";"14:11:00";"113";"Com vítima";"694,000";"BR-116/MG";"Crescente";"Capotamento";1;0;0;0;0;0;0;0;0;0;1;1;2;0;0
"01/09/2024";"15:16:00";"124";"Com vítima";"633,000";"BR-116/MG";"Decrescente";"Colisão lateral em sentido contrário";1;0;0;0;0;1;0;0;0;0;1;1;1;0;0
"01/09/2024";"16:35:00";"139";"Sem vítima";"198,000";"BR-116/RJ";"Decrescente";"Engavetamento";2;0;0;0;0;1;0;0;0;1;9;0;0;0;0
"01/09/2024";"17:13:00";"150";"Com vítima";"108,200";"BR-116/RJ";"Decrescente";"Colisão transversal";2;0;0;0;0;0;0;0;0;0;1;3;2;0;0
"01/09/2024";"17:14:00";"151";"Sem vítima";"144,000";"BR-116/RJ";"Crescente";"Engavetamento";3;0;0;0;0;0;0;0;0;0;3;0;0;0;0
"01/09/2024";"17:23:00";"152";"Sem vítima";"69,000";"BR-493/RJ";"Decrescente";"Saída de pista";1;0;0;0;0;0;0;0;0;0;1;0;0;0;0
"01/09/2024";"17:26:00";"154";"Com vítima";"142,000";"BR-116/RJ";"Crescente";"Choque";1;0;0;0;0;0;0;0;0;0;0;3;0;0;0
"01/09/2024";"18:34:00";"162";"Com vítima";"552,759";"BR-116/MG";"Decrescente";"Colisão lateral em sentido contrário";0;0;0;1;0;0;0;0;0;1;5;0;1;0;0
"01/09/2024";"18:52:00";"165";"Com vítima";"106,570";"BR-493/RJ";"Crescente";"Atropelamento de animal";0;0;0;1;0;0;0;0;0;0;0;1;0;0;0
"01/09/2024";"19:16:00";"171";"Sem vítima";"11,249";"BR-465/RJ";"Crescente";"Atropelamento de animal";1;0;0;0;0;0;0;0;0;0;1;0;0;0;0
"01/09/2024";"19:36:00";"175";"Com vítima";"115,236";"BR-493/RJ";"Decrescente";"Acidentes de outra natureza";1;0;0;0;0;0;0;0;0;0;0;0;2;0;0
"01/09/2024";"20:40:00";"183";"Com vítima";"21,923";"BR-465/RJ";"Crescente";"Colisão transversal";1;0;0;1;0;0;0;0;0;0;1;0;2;0;0
"01/09/2024";"21:16:00";"189";"Com vítima";"189,600";"BR-116/RJ";"Crescente";"Queda de moto";0;0;0;1;0;0;0;0;0;0;0;1;0;0;0
"01/09/2024";"22:22:00";"199";"Com vítima";"561,455";"BR-116/MG";"Decrescente";"Colisão frontal";0;0;0;1;0;1;0;0;0;0;1;0;1;0;0
"01/09/2024";"23:03:00";"204";"Com vítima";"19,138";"BR-465/RJ";"Crescente";"Queda de moto";0;0;0;1;0;0;0;0;0;0;0;0;1;0;0
"02/09/2024";"00:26:00";"4";"Sem vítima";"533,315";"BR-116/MG";"Crescente";"Choque";1;0;0;0;0;0;0;0;0;0;1;0;0;0;0
"02/09/2024";"07:11:00";"116";"Com vítima";"104,501";"BR-116/RJ";"Decrescente";"Choque";1;0;0;0;0;0;0;0;0;0;3;1;0;0;0
"02/09/2024";"07:52:00";"126";"Com vítima";"518,300";"BR-116/MG";"Decrescente";"Colisão traseira";0;0;2;0;0;0;0;0;0;0;1;2;0;0;0
"02/09/2024";"07:58:00";"129";"Com vítima";"178,000";"BR-116/RJ";"Decrescente";"Colisão lateral no mesmo sentido";1;0;0;1;0;0;0;0;0;0;0;2;1;0;0
"02/09/2024";"09:09:00";"141";"Com vítima";"174,800";"BR-116/RJ";"Decrescente";"Colisão traseira";1;0;0;1;0;0;0;0;0;0;0;3;0;0;0
"02/09/2024";"15:35:00";"200";"Com vítima";"96,177";"BR-493/RJ";"Crescente";"Capotamento";0;0;0;0;0;1;0;0;0;0;0;1;0;0;0
"02/09/2024";"18:00:00";"233";"Com vítima";"196,800";"BR-116/RJ";"Decrescente";"Atropelamento de ciclista";0;1;0;0;0;1;0;0;0;0;1;0;0;0;0
"02/09/2024";"18:36:00";"238";"Com vítima";"704,000";"BR-116/MG";"Crescente";"Colisão transversal";0;0;0;1;0;1;0;0;0;0;1;2;0;0;0
"02/09/2024";"20:15:00";"255";"Sem vítima";"546,000";"BR-116/MG";"Decrescente";"Atropelamento de animal";0;0;1;0;0;0;0;0;0;0;1;0;0;0;0
"02/09/2024";"23:04:00";"285";"Com vítima";"210,900";"BR-116/RJ";"Decrescente";"Colisão traseira";2;0;0;0;0;0;0;0;0;0;0;3;0;0;0
"03/09/2024";"00:33:00";"30";"Sem vítima";"19,500";"BR-116/RJ";"Crescente";"Choque";1;0;0;0;0;0;0;0;0;0;1;0;0;0;0
"03/09/2024";"05:58:00";"126";"Com vítima";"175,500";"BR-116/RJ";"Decrescente";"Choque";1;0;0;0;0;0;0;0;0;0;0;1;0;0;0
"03/09/2024";"09:03:00";"151";"Com vítima";"412,000";"BR-116/MG";"Crescente";"Queda de moto";0;0;0;1;0;0;0;0;0;0;0;2;0;0;0
"03/09/2024";"10:40:00";"169";"Sem vítima";"779,300";"BR-116/MG";"Crescente";"Choque";0;0;0;0;0;1;0;0;0;0;1;0;0;0;0
"03/09/2024";"12:20:00";"187";"Com vítima";"133,252";"BR-116/RJ";"Decrescente";"Colisão lateral no mesmo sentido";1;0;0;0;0;1;0;0;0;0;5;0;1;0;0
"03/09/2024";"13:28:00";"198";"Sem vítima";"544,000";"BR-116/MG";"Crescente";"Colisão traseira";2;0;0;0;0;0;0;0;0;0;2;0;0;0;0
"03/09/2024";"15:17:00";"226";"Sem vítima";"182,000";"BR-116/RJ";"Crescente";"Colisão lateral no mesmo sentido";0;0;1;0;0;0;0;0;0;0;2;0;0;0;0
"03/09/2024";"16:41:00";"242";"Com vítima";"22,000";"BR-116/RJ";"Decrescente";"Atropelamento de ciclista";0;1;0;1;0;0;0;0;0;0;1;0;1;0;0
"03/09/2024";"16:47:00";"243";"Com vítima";"147,000";"BR-116/RJ";"Decrescente";"Colisão lateral no mesmo sentido";0;0;0;0;0;0;0;0;0;2;1;2;0;0;0
"03/09/2024";"17:01:00";"245";"Com vítima";"21,000";"BR-465/RJ";"Crescente";"Colisão transversal";1;0;0;1;0;0;0;0;0;0;0;2;0;0;0
"03/09/2024";"18:11:00";"258";"Com vítima";"620,300";"BR-116/MG";"Decrescente";"Atropelamento de animal";0;0;0;0;0;0;0;0;0;1;0;3;0;0;0
"03/09/2024";"21:37:00";"290";"Com vítima";"96,000";"BR-493/RJ";"Crescente";"Capotamento";1;0;0;0;0;0;0;0;0;0;0;1;0;0;0
"04/09/2024";"03:10:00";"101";"Sem vítima";"708,000";"BR-116/MG";"Crescente";"Colisão lateral no mesmo sentido";1;0;0;0;0;1;0;0;0;0;2;0;0;0;0
"04/09/2024";"07:16:00";"143";"Com vítima";"578,000";"BR-116/MG";"Decrescente";"Queda de moto";0;0;0;1;0;0;0;0;0;0;0;1;0;0;0
"04/09/2024";"07:41:00";"147";"Sem vítima";"201,800";"BR-116/RJ";"Crescente";"Colisão lateral no mesmo sentido";1;0;0;0;0;1;0;0;0;0;2;0;0;0;0
"04/09/2024";"07:48:00";"149";"Com vítima";"624,600";"BR-116/MG";"Decrescente";"Saída de pista";0;0;0;1;0;0;0;0;0;0;0;1;0;1;0
"04/09/2024";"08:06:00";"150";"Com vítima";"147,000";"BR-116/RJ";"Decrescente";"Colisão traseira";0;0;1;0;1;0;0;0;0;0;2;3;0;0;0
"04/09/2024";"08:20:00";"156";"Sem vítima";"664,000";"BR-116/MG";"Decrescente";"Colisão traseira";0;0;1;0;0;1;0;0;0;0;2;0;0;0;0
"04/09/2024";"13:32:00";"220";"Sem vítima";"742,000";"BR-116/MG";"Crescente";"Colisão traseira";1;0;1;0;0;0;0;0;0;0;3;0;0;0;0
"04/09/2024";"16:50:00";"249";"Com vítima";"5,000";"BR-465/RJ";"Crescente";"Colisão traseira";1;0;0;1;0;0;0;0;0;0;0;2;1;0;0
"04/09/2024";"18:19:00";"263";"Com vítima";"5,000";"BR-465/RJ";"Crescente";"Colisão transversal";1;0;0;1;0;0;0;0;0;0;0;1;1;0;0
"04/09/2024";"18:54:00";"266";"Com vítima";"527,997";"BR-116/MG";"Decrescente";"Colisão lateral no mesmo sentido";1;0;0;1;0;0;0;0;0;0;1;1;0;0;0
"04/09/2024";"20:36:00";"289";"Sem vítima";"172,178";"BR-116/RJ";"Crescente";"Colisão lateral no mesmo sentido";2;0;0;0;0;0;0;0;0;0;2;0;0;0;0
"04/09/2024";"21:33:00";"294";"Com vítima";"171,900";"BR-116/RJ";"Decrescente";"Atropelamento de pedestre";0;0;0;1;0;0;0;0;0;0;0;1;0;1;0
"05/09/2024";"09:16:00";"73";"Sem vítima";"115,000";"BR-116/RJ";"Decrescente";"Atropelamento de animal";1;0;0;0;0;0;0;0;0;0;1;0;0;0;0
"05/09/2024";"11:41:00";"98";"Com vítima";"526,000";"BR-116/MG";"Crescente";"Colisão traseira";1;0;0;1;0;0;0;0;0;0;0;6;0;0;0
"05/09/2024";"13:30:00";"119";"Com vítima";"190,000";"BR-116/RJ";"Decrescente";"Colisão traseira";1;0;0;1;0;0;0;0;0;0;0;2;0;0;0
"05/09/2024";"14:14:00";"129";"Sem vítima";"137,000";"BR-116/RJ";"Decrescente";"Colisão traseira";0;0;0;0;0;2;0;0;0;0;2;0;0;0;0
"05/09/2024";"18:53:00";"196";"Com vítima";"606,377";"BR-116/MG";"Decrescente";"Colisão transversal";1;0;0;1;0;0;0;0;0;0;0;2;0;0;0
"05/09/2024";"20:25:00";"221";"Sem vítima";"117,000";"BR-116/RJ";"Decrescente";"Atropelamento de animal";1;0;0;0;0;0;0;0;0;0;1;0;0;0;0
"05/09/2024";"22:13:00";"241";"Com vítima";"179,333";"BR-116/RJ";"Crescente";"Choque";1;0;0;0;0;0;0;0;0;0;2;1;0;0;0
"05/09/2024";"22:22:00";"244";"Com vítima";"607,746";"BR-116/MG";"Decrescente";"Capotamento";1;0;0;0;0;0;0;0;0;0;0;1;0;0;0
"06/09/2024";"07:36:00";"181";"Com vítima";"83,000";"BR-116/RJ";"Decrescente";"Colisão lateral em sentido contrário";1;0;0;1;0;0;0;0;0;0;0;4;0;0;0
"06/09/2024";"07:42:00";"183";"Sem vítima";"118,000";"BR-116/RJ";"Decrescente";"Colisão lateral no mesmo sentido";1;0;0;0;0;1;0;0;0;0;2;0;0;0;0
"06/09/2024";"12:25:00";"240";"Com vítima";"187,000";"BR-116/RJ";"Decrescente";"Engavetamento";2;0;0;0;0;1;0;0;0;0;1;3;0;0;0
"06/09/2024";"13:00:00";"245";"Com vítima";"752,180";"BR-116/MG";"Decrescente";"Colisão transversal";0;0;0;2;0;0;0;0;0;0;0;0;3;0;0
"06/09/2024";"13:31:00";"251";"Com vítima";"100,000";"BR-116/RJ";"Decrescente";"Queda de moto";0;0;0;1;0;0;0;0;0;0;0;1;0;0;0
"06/09/2024";"14:21:00";"260";"Sem vítima";"118,200";"BR-116/RJ";"Crescente";"Colisão traseira";1;0;1;0;0;0;0;0;0;0;2;0;0;0;0
"06/09/2024";"16:19:00";"273";"Com vítima";"106,300";"BR-116/RJ";"Decrescente";"Colisão lateral em sentido contrário";1;0;0;1;0;0;0;0;0;0;1;1;0;0;0
"06/09/2024";"17:12:00";"287";"Com vítima";"143,950";"BR-116/RJ";"Decrescente";"Colisão lateral no mesmo sentido";2;0;0;1;0;0;0;0;0;0;0;4;0;0;1
"06/09/2024";"17:43:00";"294";"Com vítima";"178,000";"BR-116/RJ";"Crescente";"Colisão lateral no mesmo sentido";1;0;0;1;0;0;0;0;0;0;0;2;0;0;0
"06/09/2024";"18:36:00";"302";"Com vítima";"178,800";"BR-116/RJ";"Crescente";"Colisão traseira";1;0;0;1;0;0;0;0;0;0;1;1;0;0;0
"06/09/2024";"19:33:00";"315";"Sem vítima";"533,150";"BR-116/MG";"Crescente";"Colisão transversal";2;0;0;0;0;0;0;0;0;0;4;0;0;0;0
"06/09/2024";"19:37:00";"317";"Com vítima";"14,822";"BR-493/RJ";"Decrescente";"Atropelamento de ciclista";1;1;0;0;0;0;0;0;0;0;1;0;0;0;1
"06/09/2024";"20:06:00";"325";"Com vítima";"174,000";"BR-116/RJ";"Crescente";"Colisão lateral no mesmo sentido";0;0;1;1;0;1;0;0;0;0;1;3;0;0;0
"07/09/2024";"01:48:00";"36";"Sem vítima";"610,300";"BR-116/MG";"Decrescente";"Saída de pista";0;0;0;0;0;1;0;0;0;0;1;0;0;0;0
"07/09/2024";"04:26:00";"69";"Com vítima";"543,000";"BR-116/MG";"Decrescente";"Choque";1;0;0;0;0;0;0;0;0;0;3;0;2;0;0
"07/09/2024";"05:26:00";"72";"Sem vítima";"96,770";"BR-493/RJ";"Crescente";"Choque";1;0;0;0;0;0;0;0;0;0;2;0;0;0;0
"07/09/2024";"07:30:00";"84";"Sem vítima";"101,800";"BR-493/RJ";"Crescente";"Tombamento";0;0;0;0;0;1;0;0;0;0;1;0;0;0;0
"07/09/2024";"07:33:00";"85";"Com vítima";"665,399";"BR-116/MG";"Crescente";"Tombamento";0;0;1;0;0;0;0;0;0;0;0;1;0;0;0
"07/09/2024";"08:17:00";"97";"Sem vítima";"551,000";"BR-116/MG";"Crescente";"Colisão lateral no mesmo sentido";1;0;1;0;0;0;0;0;0;0;2;0;0;0;0
"07/09/2024";"09:59:00";"116";"Com vítima";"197,000";"BR-116/RJ";"Decrescente";"Saída de pista";1;0;0;0;0;0;0;0;0;0;0;0;1;0;0
"07/09/2024";"12:30:00";"145";"Com vítima";"144,000";"BR-116/RJ";"Crescente";"Queda de moto";0;0;0;1;0;0;0;0;0;0;0;2;0;0;0
"07/09/2024";"15:22:00";"171";"Com vítima";"687,610";"BR-116/MG";"Crescente";"Colisão lateral em sentido contrário";2;0;0;0;0;1;0;0;0;0;2;1;0;0;0
"07/09/2024";"16:03:00";"178";"Com vítima";"19,000";"BR-465/RJ";"Decrescente";"Colisão traseira";0;0;0;2;0;0;0;0;0;0;0;2;0;0;0
"07/09/2024";"16:58:00";"193";"Com vítima";"184,000";"BR-116/RJ";"Crescente";"Engavetamento";4;0;0;0;0;0;0;0;0;0;1;8;0;0;0
"07/09/2024";"17:21:00";"195";"Com vítima";"184,000";"BR-116/RJ";"Decrescente";"Colisão lateral no mesmo sentido";1;0;0;1;0;0;0;0;0;0;0;2;0;0;0
"07/09/2024";"18:52:00";"207";"Sem vítima";"51,000";"BR-493/RJ";"Decrescente";"Choque";1;0;0;0;0;0;0;0;0;0;4;0;0;0;0
"07/09/2024";"18:53:00";"206";"Com vítima";"522,200";"BR-116/MG";"Decrescente";"Colisão lateral no mesmo sentido";1;0;0;1;0;0;0;0;0;0;1;1;0;0;0
"07/09/2024";"19:01:00";"208";"Com vítima";"41,900";"BR-116/RJ";"Crescente";"Colisão transversal";2;0;0;0;0;0;0;0;0;0;0;0;3;0;0
"07/09/2024";"19:53:00";"223";"Com vítima";"142,000";"BR-116/RJ";"Decrescente";"Colisão lateral no mesmo sentido";1;1;0;0;0;0;0;0;0;0;1;0;0;0;0
"07/09/2024";"20:09:00";"228";"Com vítima";"410,000";"BR-116/MG";"Crescente";"Atropelamento de pedestre";1;0;0;0;0;0;0;0;0;0;1;0;1;0;0
"07/09/2024";"21:04:00";"234";"Com vítima";"182,900";"BR-116/RJ";"Crescente";"Queda de moto";0;0;0;1;0;1;0;0;0;0;1;2;0;0;0
"07/09/2024";"23:17:00";"255";"Com vítima";"69,063";"BR-493/RJ";"Crescente";"Tombamento";0;0;0;0;0;1;0;0;0;0;0;1;0;0;0
"08/09/2024";"00:02:00";"2";"Sem vítima";"202,000";"BR-116/RJ";"Crescente";"Capotamento";1;0;0;0;0;0;0;0;0;0;1;0;0;0;0
"08/09/2024";"02:52:00";"37";"Com vítima";"129,954";"BR-116/RJ";"Crescente";"Capotamento";1;0;0;0;0;0;0;0;0;0;1;1;0;0;0
"08/09/2024";"06:27:00";"51";"Com vítima";"107,000";"BR-493/RJ";"Crescente";"Saída de pista";1;0;0;0;0;0;0;0;0;0;1;1;0;0;0
"08/09/2024";"08:43:00";"72";"Com vítima";"131,000";"BR-116/RJ";"Decrescente";"Atropelamento de animal";0;0;0;1;0;0;0;0;0;0;0;2;0;0;0
"08/09/2024";"10:18:00";"92";"Com vítima";"0,500";"BR-493/RJ";"Decrescente";"Colisão transversal";1;0;0;1;0;0;0;0;0;0;1;2;0;0;0
"08/09/2024";"11:59:00";"111";"Com vítima";"128,000";"BR-116/RJ";"Crescente";"Queda de moto";0;0;0;1;0;0;0;0;0;0;0;2;0;0;0
"08/09/2024";"13:03:00";"125";"Com vítima";"72,465";"BR-493/RJ";"Decrescente";"Queda de moto";0;0;0;1;0;0;0;0;0;0;0;1;0;0;0
"08/09/2024";"14:55:00";"136";"Sem vítima";"98,000";"BR-493/RJ";"Decrescente";"Engavetamento";3;0;0;0;0;0;0;0;0;0;5;0;0;0;0
"08/09/2024";"15:25:00";"143";"Sem vítima";"539,000";"BR-116/MG";"Crescente";"Capotamento";1;0;0;0;0;0;0;0;0;0;1;0;0;0;0
"08/09/2024";"16:14:00";"152";"Com vítima";"189,408";"BR-116/RJ";"Decrescente";"Colisão lateral no mesmo sentido";0;0;0;1;0;1;0;0;0;0;0;1;0;1;0
"08/09/2024";"19:08:00";"188";"Sem vítima";"531,946";"BR-116/MG";"Decrescente";"Colisão frontal";1;0;0;0;0;1;0;0;0;0;2;0;0;0;0
"08/09/2024";"19:50:00";"194";"Sem vítima";"816,000";"BR-116/MG";"Decrescente";"Colisão lateral no mesmo sentido";2;0;0;0;0;0;0;0;0;0;2;0;0;0;0
"08/09/2024";"20:29:00";"205";"Sem vítima";"98,000";"BR-493/RJ";"Crescente";"Choque";1;0;0;0;0;0;0;0;0;0;1;0;0;0;0
"08/09/2024";"20:46:00";"209";"Com vítima";"86,800";"BR-116/RJ";"Decrescente";"Choque";2;0;0;0;0;0;0;0;0;0;2;0;0;1;0
"08/09/2024";"21:18:00";"214";"Com vítima";"472,000";"BR-116/MG";"Decrescente";"Colisão lateral no mesmo sentido";1;0;0;0;0;1;0;0;0;0;1;1;0;0;0
"08/09/2024";"22:44:00";"223";"Com vítima";"141,000";"BR-116/RJ";"Crescente";"Queda de moto";0;0;0;1;0;0;0;0;0;0;0;1;1;0;0
"08/09/2024";"23:20:00";"227";"Com vítima";"581,427";"BR-116/MG";"Decrescente";"Colisão frontal";1;0;0;0;0;1;0;0;0;0;0;1;0;0;1
"09/09/2024";"06:04:00";"145";"Sem vítima";"539,399";"BR-116/MG";"Decrescente";"Tombamento";0;0;0;0;0;1;0;0;0;0;1;0;0;0;0
"09/09/2024";"07:01:00";"151";"Sem vítima";"174,000";"BR-116/RJ";"Crescente";"Choque";1;0;0;0;0;0;0;0;0;0;1;0;0;0;0
"09/09/2024";"07:49:00";"158";"Com vítima";"187,000";"BR-116/RJ";"Decrescente";"Engavetamento";4;0;0;0;0;0;0;0;0;0;0;5;0;0;0
"09/09/2024";"07:51:00";"159";"Sem vítima";"212,900";"BR-116/RJ";"Crescente";"Colisão traseira";0;0;0;0;0;2;0;0;0;0;2;0;0;0;0
"09/09/2024";"08:01:00";"161";"Sem vítima";"176,000";"BR-116/RJ";"Decrescente";"Colisão traseira";2;0;0;0;0;0;0;0;0;0;2;0;0;0;0
"09/09/2024";"08:42:00";"170";"Sem vítima";"195,000";"BR-116/RJ";"Decrescente";"Colisão lateral no mesmo sentido";1;0;0;0;0;1;0;0;0;0;3;0;0;0;0
"09/09/2024";"08:48:00";"171";"Com vítima";"14,000";"BR-465/RJ";"Crescente";"Colisão transversal";1;0;0;1;0;0;0;0;0;0;1;1;0;0;0
"09/09/2024";"09:01:00";"175";"Com vítima";"8,135";"BR-493/RJ";"Decrescente";"Queda de moto";0;0;0;1;0;0;0;0;0;0;0;1;0;0;0
"09/09/2024";"09:23:00";"184";"Com vítima";"28,800";"BR-116/RJ";"Crescente";"Tombamento";1;0;0;0;0;0;0;0;0;0;0;1;1;0;0
"09/09/2024";"14:28:00";"230";"Com vítima";"662,000";"BR-116/MG";"Decrescente";"Queda de moto";0;0;0;1;0;0;0;0;0;0;0;2;0;0;0
"09/09/2024";"14:36:00";"231";"Com vítima";"421,000";"BR-116/MG";"Decrescente";"Acidentes de outra natureza";1;0;0;1;0;0;0;0;0;0;0;1;1;0;0
"09/09/2024";"16:37:00";"259";"Sem vítima";"178,000";"BR-116/RJ";"Decrescente";"Colisão lateral no mesmo sentido";1;0;0;0;0;1;0;0;0;0;2;0;0;0;0
"09/09/2024";"22:10:00";"334";"Sem vítima";"653,932";"BR-116/MG";"Crescente";"Tombamento";0;0;1;0;0;0;0;0;0;0;1;0;0;0;0
"10/09/2024";"07:05:00";"166";"Com vítima";"520,000";"BR-116/MG";"Decrescente";"Colisão transversal";1;0;0;1;0;0;0;0;0;0;0;1;1;1;0
"10/09/2024";"12:31:00";"220";"Com vítima";"469,000";"BR-116/MG";"Crescente";"Capotamento";1;0;0;0;0;0;0;0;0;0;0;0;0;1;0
"10/09/2024";"13:05:00";"222";"Com vítima";"415,000";"BR-116/MG";"Decrescente";"Colisão frontal";1;0;0;1;0;0;0;0;0;0;1;0;1;0;0
"10/09/2024";"15:22:00";"252";"Com vítima";"788,000";"BR-116/MG";"Crescente";"Queda de moto";0;0;0;1;0;0;0;0;0;0;0;1;0;0;0
"10/09/2024";"15:48:00";"257";"Sem vítima";"82,936";"BR-493/RJ";"Decrescente";"Saída de pista";0;0;0;0;0;0;0;0;0;1;2;0;0;0;0
"10/09/2024";"20:38:00";"303";"Sem vítima";"113,131";"BR-493/RJ";"Crescente";"Choque";2;0;0;0;0;0;0;0;0;0;2;0;0;0;0
"11/09/2024";"01:05:00";"123";"Com vítima";"194,280";"BR-116/RJ";"Crescente";"Colisão traseira";2;0;0;0;0;1;0;0;0;0;1;2;0;0;0
"11/09/2024";"07:37:00";"161";"Com vítima";"144,000";"BR-116/RJ";"Decrescente";"Colisão traseira";1;0;0;1;0;0;0;0;0;0;1;1;0;0;0
"11/09/2024";"07:59:00";"163";"Sem vítima";"146,707";"BR-116/RJ";"Crescente";"Engavetamento";4;0;1;0;0;0;0;0;0;0;6;0;0;0;0
"11/09/2024";"08:22:00";"167";"Sem vítima";"145,936";"BR-116/RJ";"Crescente";"Colisão lateral no mesmo sentido";2;0;0;0;0;0;0;0;0;0;2;0;0;0;0
"11/09/2024";"09:05:00";"176";"Com vítima";"5,000";"BR-465/RJ";"Crescente";"Colisão transversal";1;0;0;1;0;0;0;0;0;0;0;2;0;0;0