data;horario;n_da_ocorrencia;tipo_de_ocorrencia;km;trecho;sentido;tipo_de_acidente;automovel;bicicleta;caminhao;moto;onibus;outros;tracao_animal;transporte_de_cargas_especiais;trator_maquinas;utilitarios;ilesos;levemente_feridos;moderadamente_feridos;gravemente_feridos;mortos
"20/09/2024";"07:07:00";"178";"Sem vítima";"139,000";"BR-116/RJ";"Crescente";"Colisão traseira";1;0;0;0;0;1;0;0;0;0;2;0;0;0;0
"20/09/2024";"07:22:00";"182";"Com vítima";"528,034";"BR-116/MG";"Crescente";"Colisão lateral em sentido contrário";1;0;0;1;0;0;0;0;0;0;0;1;1;0;0
"20/09/2024";"08:37:00";"188";"Com vítima";"184,000";"BR-116/RJ";"Decrescente";"Colisão traseira";1;0;0;1;0;0;0;0;0;0;0;3;0;0;0
"20/09/2024";"08:39:00";"189";"Com vítima";"188,000";"BR-116/RJ";"Decrescente";"Colisão lateral no mesmo sentido";0;0;0;1;0;0;0;0;0;1;0;3;0;0;0
"20/09/2024";"09:14:00";"207";"Com vítima";"190,000";"BR-116/RJ";"Decrescente";"Engavetamento";3;0;0;0;0;0;0;0;0;0;1;5;0;0;0
"20/09/2024";"11:32:00";"236";"Com vítima";"19,100";"BR-493/RJ";"Crescente";"Colisão transversal";0;0;0;1;0;0;0;0;0;1;1;1;0;0;0
"20/09/2024";"11:37:00";"238";"Com vítima";"186,000";"BR-116/RJ";"Decrescente";"Colisão traseira";1;0;1;0;0;0;0;0;0;0;0;2;0;0;0
"20/09/2024";"13:44:00";"264";"Com vítima";"12,000";"BR-465/RJ";"Crescente";"Colisão transversal";1;0;0;1;0;0;0;0;0;0;1;2;0;0;0
"20/09/2024";"13:52:00";"267";"Com vítima";"179,300";"BR-116/RJ";"Decrescente";"Colisão traseira";1;0;0;1;0;0;0;0;0;0;0;2;0;0;0
"20/09/2024";"14:59:00";"285";"Com vítima";"21,308";"BR-465/RJ";"Decrescente";"Colisão transversal";1;0;0;1;0;0;0;0;0;0;1;1;1;0;0
"20/09/2024";"16:55:00";"315";"Sem vítima";"140,000";"BR-116/RJ";"Crescente";"Colisão lateral no mesmo sentido";0;0;0;0;0;2;0;0;0;0;2;0;0;0;0
"20/09/2024";"18:30:00";"335";"Com vítima";"175,000";"BR-116/RJ";"Crescente";"Queda de moto";0;0;0;1;0;0;0;0;0;0;0;0;1;0;0
"20/09/2024";"18:59:00";"347";"Sem vítima";"144,291";"BR-116/RJ";"Decrescente";"Engavetamento";1;0;1;0;1;0;0;0;0;1;12;0;0;0;0
"20/09/2024";"19:12:00";"350";"Com vítima";"184,500";"BR-116/RJ";"Crescente";"Queda de moto";0;0;0;1;0;0;0;0;0;0;0;1;0;0;0
"20/09/2024";"19:19:00";"353";"Sem vítima";"625,000";"BR-116/MG";"Decrescente";"Atropelamento de animal";1;0;0;0;0;0;0;0;0;0;1;0;0;0;0
"20/09/2024";"22:10:00";"395";"Sem vítima";"75,000";"BR-116/RJ";"Crescente";"Colisão traseira";1;0;0;0;0;0;0;0;0;1;2;0;0;0;0
"21/09/2024";"05:12:00";"106";"Sem vítima";"20,000";"BR-493/RJ";"Crescente";"Atropelamento de animal";1;0;0;0;0;0;0;0;0;0;1;0;0;0;0
"21/09/2024";"06:15:00";"108";"Sem vítima";"585,000";"BR-116/MG";"Decrescente";"Choque";1;0;0;0;0;0;0;0;0;0;1;0;0;0;0
"21/09/2024";"08:13:00";"130";"Com vítima";"136,000";"BR-116/RJ";"Decrescente";"Queda de moto";0;0;0;1;0;0;0;0;0;0;0;2;0;0;0
"21/09/2024";"09:13:00";"139";"Com vítima";"634,000";"BR-116/MG";"Decrescente";"Colisão transversal";0;0;0;2;0;0;0;0;0;0;0;2;1;0;0
"21/09/2024";"09:20:00";"142";"Com vítima";"24,000";"BR-116/RJ";"Crescente";"Choque";0;0;0;1;0;0;0;0;0;0;0;1;0;0;0
"21/09/2024";"10:09:00";"150";"Com vítima";"188,000";"BR-116/RJ";"Crescente";"Colisão traseira";1;0;0;1;0;0;0;0;0;0;1;0;1;0;0
"21/09/2024";"12:36:00";"178";"Com vítima";"200,000";"BR-116/RJ";"Crescente";"Colisão traseira";1;0;1;0;0;0;0;0;0;0;0;3;0;0;0
"21/09/2024";"13:59:00";"196";"Com vítima";"511,220";"BR-116/MG";"Crescente";"Queda de moto";0;0;0;1;0;0;0;0;0;0;0;1;0;0;0
"21/09/2024";"16:38:00";"239";"Com vítima";"110,000";"BR-493/RJ";"Decrescente";"Colisão lateral no mesmo sentido";2;0;0;0;0;0;0;0;0;0;3;1;0;0;0
"21/09/2024";"16:53:00";"243";"Com vítima";"2,000";"BR-493/RJ";"Crescente";"Choque";1;0;0;0;0;0;0;0;0;0;0;2;0;0;0
"21/09/2024";"18:14:00";"255";"Com vítima";"520,470";"BR-116/MG";"Decrescente";"Colisão lateral no mesmo sentido";1;0;0;1;0;1;0;0;0;0;2;0;1;0;0
"21/09/2024";"20:33:00";"290";"Sem vítima";"6,700";"BR-116/RJ";"Decrescente";"Saída de pista";0;0;0;0;0;0;0;0;0;1;1;0;0;0;0
"21/09/2024";"20:48:00";"296";"Com vítima";"113,865";"BR-493/RJ";"Decrescente";"Atropelamento de animal";1;0;0;0;0;0;0;0;0;0;0;1;0;0;0
"21/09/2024";"22:44:00";"314";"Com vítima";"424,000";"BR-116/MG";"Crescente";"Atropelamento de ciclista";0;1;0;1;0;0;0;0;0;0;0;0;1;0;0
"21/09/2024";"23:01:00";"315";"Com vítima";"715,683";"BR-116/MG";"Decrescente";"Acidentes de outra natureza";1;0;0;0;0;0;0;0;0;0;0;1;0;0;0
"22/09/2024";"02:07:00";"36";"Sem vítima";"495,000";"BR-116/MG";"Decrescente";"Capotamento";1;0;0;0;0;0;0;0;0;0;1;0;0;0;0
"22/09/2024";"04:24:00";"49";"Sem vítima";"12,000";"BR-116/RJ";"Decrescente";"Choque";1;0;0;0;0;0;0;0;0;0;1;0;0;0;0
"22/09/2024";"05:22:00";"60";"Sem vítima";"626,210";"BR-116/MG";"Crescente";"Capotamento";1;0;0;0;0;0;0;0;0;0;2;0;0;0;0
"22/09/2024";"06:14:00";"62";"Com vítima";"130,119";"BR-116/RJ";"Decrescente";"Atropelamento de ciclista";0;1;0;0;0;1;0;0;0;0;0;1;0;0;0
"22/09/2024";"06:16:00";"63";"Com vítima";"721,900";"BR-116/MG";"Crescente";"Colisão frontal";1;0;0;1;0;0;0;0;0;0;0;3;0;0;1
"22/09/2024";"06:43:00";"66";"Sem vítima";"129,708";"BR-116/RJ";"Decrescente";"Choque";0;0;0;0;0;1;0;0;0;0;1;0;0;0;0
"22/09/2024";"08:17:00";"84";"Com vítima";"544,000";"BR-116/MG";"Crescente";"Queda de moto";0;0;0;1;0;0;0;0;0;0;1;0;1;0;0
"22/09/2024";"08:26:00";"85";"Com vítima";"130,119";"BR-116/RJ";"Decrescente";"Engavetamento";1;0;0;1;0;1;0;0;0;0;2;1;0;0;0
"22/09/2024";"10:37:00";"118";"Com vítima";"118,200";"BR-116/RJ";"Decrescente";"Colisão lateral no mesmo sentido";1;0;0;1;0;0;0;0;0;0;2;1;0;0;0
"22/09/2024";"11:01:00";"122";"Com vítima";"129,800";"BR-116/RJ";"Decrescente";"Tombamento";0;0;0;0;0;1;0;0;0;0;0;1;0;0;0
"22/09/2024";"13:03:00";"143";"Com vítima";"140,000";"BR-116/RJ";"Crescente";"Colisão traseira";1;0;0;1;0;0;0;0;0;0;1;0;0;0;1
"22/09/2024";"14:18:00";"159";"Com vítima";"518,200";"BR-116/MG";"Crescente";"Choque";1;0;0;0;0;0;0;0;0;0;0;1;0;0;0
"22/09/2024";"17:16:00";"198";"Sem vítima";"5,700";"BR-465/RJ";"Crescente";"Colisão lateral em sentido contrário";1;0;0;0;0;1;0;0;0;0;2;0;0;0;0
"22/09/2024";"17:19:00";"200";"Sem vítima";"137,000";"BR-116/RJ";"Crescente";"Colisão traseira";1;0;0;0;0;1;0;0;0;0;2;0;0;0;0
"22/09/2024";"17:46:00";"209";"Com vítima";"480,000";"BR-116/MG";"Decrescente";"Colisão traseira";1;0;0;0;1;0;0;0;0;0;1;3;1;1;0
"22/09/2024";"17:58:00";"212";"Com vítima";"555,100";"BR-116/MG";"Decrescente";"Saída de pista";1;0;0;0;0;0;0;0;0;0;0;1;1;0;0
"22/09/2024";"18:51:00";"223";"Sem vítima";"138,000";"BR-116/RJ";"Crescente";"Choque";1;0;0;0;0;0;0;0;0;0;1;0;0;0;0
"22/09/2024";"19:17:00";"231";"Com vítima";"180,320";"BR-116/RJ";"Crescente";"Queda de moto";0;0;0;1;0;0;0;0;0;0;0;2;0;0;0
"22/09/2024";"19:31:00";"236";"Com vítima";"172,300";"BR-116/RJ";"Crescente";"Atropelamento de pedestre";1;0;0;0;0;0;0;0;0;0;1;0;0;1;0
"22/09/2024";"20:16:00";"241";"Sem vítima";"174,240";"BR-116/RJ";"Decrescente";"Capotamento";1;0;0;0;1;0;0;0;0;0;2;0;0;0;0
"22/09/2024";"20:56:00";"246";"Com vítima";"53,000";"BR-493/RJ";"Decrescente";"Queda de moto";0;0;0;1;0;0;0;0;0;0;0;2;0;0;0
"22/09/2024";"21:16:00";"248";"Com vítima";"194,753";"BR-116/RJ";"Decrescente";"Capotamento";1;0;0;0;0;0;0;0;0;0;0;0;2;0;0
"23/09/2024";"07:58:00";"151";"Com vítima";"666,000";"BR-116/MG";"Decrescente";"Queda de moto";0;0;0;1;0;0;0;0;0;0;0;1;0;0;0
"23/09/2024";"08:33:00";"158";"Sem vítima";"183,000";"BR-116/RJ";"Crescente";"Colisão lateral no mesmo sentido";1;0;0;1;0;0;0;0;0;0;2;0;0;0;0
"23/09/2024";"12:19:00";"206";"Com vítima";"20,000";"BR-493/RJ";"Crescente";"Colisão transversal";1;0;0;1;0;0;0;0;0;0;0;1;1;0;0
"23/09/2024";"13:22:00";"219";"Sem vítima";"411,000";"BR-116/MG";"Crescente";"Colisão traseira";1;0;0;0;0;1;0;0;0;0;2;0;0;0;0
"23/09/2024";"14:36:00";"233";"Sem vítima";"469,000";"BR-116/MG";"Decrescente";"Choque";1;0;0;0;0;1;0;0;0;0;2;0;0;0;0
"23/09/2024";"16:25:00";"259";"Com vítima";"525,000";"BR-116/MG";"Decrescente";"Colisão frontal";1;0;0;1;0;0;0;0;0;0;0;2;0;0;0
"23/09/2024";"18:53:00";"291";"Sem vítima";"413,290";"BR-116/MG";"Decrescente";"Colisão lateral no mesmo sentido";1;0;1;0;0;0;0;0;0;0;3;0;0;0;0
"23/09/2024";"19:25:00";"304";"Sem vítima";"108,205";"BR-116/RJ";"Crescente";"Colisão lateral no mesmo sentido";2;0;0;0;0;0;0;0;0;0;3;0;0;0;0
"23/09/2024";"19:58:00";"312";"Com vítima";"499,757";"BR-116/MG";"Decrescente";"Atropelamento de ciclista";0;1;0;1;0;0;0;0;0;0;0;1;0;0;0
"23/09/2024";"21:27:00";"332";"Com vítima";"6,900";"BR-465/RJ";"Decrescente";"Colisão transversal";1;0;0;1;0;0;0;0;0;0;1;1;0;0;0
"23/09/2024";"22:17:00";"336";"Sem vítima";"794,491";"BR-116/MG";"Decrescente";"Choque";1;0;0;0;0;0;0;0;0;0;1;0;0;0;0
"23/09/2024";"22:29:00";"337";"Com vítima";"86,795";"BR-116/RJ";"Decrescente";"Colisão traseira";1;0;0;0;0;0;0;0;0;1;1;3;0;0;0
"24/09/2024";"04:39:00";"102";"Sem vítima";"171,950";"BR-116/RJ";"Crescente";"Choque";1;0;0;0;0;0;0;0;0;0;1;0;0;0;0
"24/09/2024";"07:39:00";"127";"Com vítima";"196,000";"BR-116/RJ";"Decrescente";"Colisão lateral no mesmo sentido";0;0;1;1;0;1;0;0;0;0;2;0;1;1;0
"24/09/2024";"09:43:00";"155";"Com vítima";"173,000";"BR-116/RJ";"Decrescente";"Colisão traseira";2;0;0;0;0;0;0;0;0;0;0;3;0;0;0
"24/09/2024";"10:27:00";"166";"Com vítima";"23,000";"BR-493/RJ";"Decrescente";"Engavetamento";3;0;0;0;0;0;0;0;0;0;2;1;0;0;0
"24/09/2024";"12:09:00";"191";"Sem vítima";"17,000";"BR-465/RJ";"Decrescente";"Saída de pista";0;0;1;0;0;0;0;0;0;0;1;0;0;0;0
"24/09/2024";"15:35:00";"229";"Sem vítima";"482,509";"BR-116/MG";"Decrescente";"Colisão lateral em sentido contrário";1;0;0;0;0;0;0;0;0;1;2;0;0;0;0
"24/09/2024";"17:50:00";"263";"Com vítima";"14,000";"BR-465/RJ";"Decrescente";"Colisão transversal";1;0;0;1;0;0;0;0;0;0;1;1;1;0;0
"24/09/2024";"18:37:00";"274";"Com vítima";"422,000";"BR-116/MG";"Decrescente";"Atropelamento de ciclista";0;1;0;1;0;0;0;0;0;0;0;0;1;0;0
"24/09/2024";"19:05:00";"279";"Sem vítima";"105,000";"BR-493/RJ";"Decrescente";"Choque";1;0;0;0;0;0;0;0;0;0;2;0;0;0;0
"24/09/2024";"19:42:00";"286";"Com vítima";"187,000";"BR-116/RJ";"Decrescente";"Colisão traseira";0;0;0;2;0;0;0;0;0;0;0;2;0;0;0
"24/09/2024";"19:55:00";"289";"Com vítima";"19,619";"BR-493/RJ";"Crescente";"Atropelamento de ciclista";1;1;0;0;0;0;0;0;0;0;1;0;0;0;0
"24/09/2024";"20:52:00";"295";"Sem vítima";"702,320";"BR-116/MG";"Crescente";"Colisão lateral no mesmo sentido";1;0;0;0;0;1;0;0;0;0;2;0;0;0;0
"24/09/2024";"21:37:00";"302";"Com vítima";"656,104";"BR-116/MG";"Crescente";"Tombamento";0;0;0;0;0;1;0;0;0;0;0;0;0;1;0
"25/09/2024";"04:49:00";"121";"Sem vítima";"813,000";"BR-116/MG";"Decrescente";"Choque";1;0;0;0;0;0;0;0;0;0;1;0;0;0;0
"25/09/2024";"07:17:00";"135";"Com vítima";"176,000";"BR-116/RJ";"Decrescente";"Colisão lateral no mesmo sentido";1;0;0;1;0;0;0;0;0;0;2;0;1;0;0
"25/09/2024";"07:55:00";"146";"Sem vítima";"146,000";"BR-116/RJ";"Crescente";"Colisão traseira";2;0;0;0;0;0;0;0;0;0;2;0;0;0;0
"25/09/2024";"08:56:00";"159";"Com vítima";"2,000";"BR-493/RJ";"Crescente";"Queda de moto";0;0;0;1;0;0;0;0;0;0;0;0;0;1;0
"25/09/2024";"09:05:00";"161";"Sem vítima";"147,000";"BR-116/RJ";"Crescente";"Choque";1;0;0;0;0;0;0;0;0;0;1;0;0;0;0
"25/09/2024";"09:50:00";"171";"Com vítima";"14,000";"BR-465/RJ";"Crescente";"Colisão frontal";1;0;0;1;0;0;0;0;0;0;0;1;1;0;0
"25/09/2024";"13:23:00";"214";"Com vítima";"525,500";"BR-116/MG";"Crescente";"Colisão traseira";1;0;0;1;0;0;0;0;0;0;1;2;0;0;0
"25/09/2024";"13:41:00";"223";"Com vítima";"575,000";"BR-116/MG";"Crescente";"Saída de pista";1;0;0;0;0;0;0;0;0;0;0;1;0;0;0
"25/09/2024";"14:38:00";"238";"Com vítima";"170,000";"BR-116/RJ";"Crescente";"Colisão lateral no mesmo sentido";1;0;0;1;0;0;0;0;0;0;0;2;1;0;0
"25/09/2024";"16:36:00";"258";"Com vítima";"527,000";"BR-116/MG";"Decrescente";"Engavetamento";1;0;1;1;0;0;0;0;0;0;0;2;1;0;0
"25/09/2024";"17:16:00";"270";"Com vítima";"96,000";"BR-493/RJ";"Decrescente";"Colisão lateral no mesmo sentido";0;0;1;1;0;0;0;0;0;0;0;2;0;1;0
"25/09/2024";"17:23:00";"274";"Com vítima";"97,265";"BR-493/RJ";"Crescente";"Colisão lateral no mesmo sentido";1;0;0;0;0;0;0;0;0;1;2;1;0;0;0
"25/09/2024";"17:39:00";"278";"Com vítima";"141,000";"BR-116/RJ";"Crescente";"Colisão traseira";2;0;0;0;0;0;0;0;0;0;0;2;2;0;0
"25/09/2024";"17:41:00";"280";"Com vítima";"104,000";"BR-116/RJ";"Crescente";"Colisão traseira";1;0;0;1;0;0;0;0;0;0;2;1;0;0;0
"25/09/2024";"20:54:00";"316";"Sem vítima";"145,000";"BR-116/RJ";"Decrescente";"Colisão lateral no mesmo sentido";1;0;0;0;0;1;0;0;0;0;2;0;0;0;0
"25/09/2024";"21:54:00";"326";"Com vítima";"0,000";"BR-493/RJ";"Decrescente";"Colisão lateral no mesmo sentido";1;0;0;1;0;0;0;0;0;0;1;1;0;0;0
"25/09/2024";"22:06:00";"330";"Sem vítima";"6,000";"BR-493/RJ";"Crescente";"Colisão lateral no mesmo sentido";1;0;0;1;0;0;0;0;0;0;2;0;0;0;0
"25/09/2024";"23:57:00";"350";"Sem vítima";"755,000";"BR-116/MG";"Decrescente";"Atropelamento de animal";1;0;0;0;0;0;0;0;0;0;3;0;0;0;0
"26/09/2024";"01:52:00";"69";"Sem vítima";"142,000";"BR-116/RJ";"Crescente";"Colisão traseira";2;0;0;0;0;0;0;0;0;0;3;0;0;0;0
"26/09/2024";"05:29:00";"125";"Sem vítima";"118,000";"BR-116/RJ";"Decrescente";"Colisão transversal";0;0;0;1;0;1;0;0;0;0;2;0;0;0;0
"26/09/2024";"07:23:00";"143";"Sem vítima";"171,000";"BR-116/RJ";"Decrescente";"Colisão lateral no mesmo sentido";1;0;1;0;0;0;0;0;0;0;6;0;0;0;0
"26/09/2024";"08:37:00";"157";"Sem vítima";"172,000";"BR-116/RJ";"Decrescente";"Colisão lateral no mesmo sentido";1;0;0;0;0;1;0;0;0;0;2;0;0;0;0
"26/09/2024";"10:13:00";"176";"Sem vítima";"137,000";"BR-116/RJ";"Decrescente";"Colisão lateral no mesmo sentido";1;0;0;0;0;1;0;0;0;0;2;0;0;0;0
"26/09/2024";"12:13:00";"203";"Com vítima";"5,300";"BR-465/RJ";"Crescente";"Atropelamento de pedestre";0;0;0;0;0;1;0;0;0;0;0;1;0;0;1
"26/09/2024";"13:17:00";"215";"Com vítima";"141,000";"BR-116/RJ";"Crescente";"Colisão frontal";1;0;0;1;0;0;0;0;0;0;2;0;0;1;0
"26/09/2024";"16:30:00";"250";"Com vítima";"173,000";"BR-116/RJ";"Crescente";"Colisão traseira";1;0;0;1;0;0;0;0;0;0;0;3;1;0;0
"26/09/2024";"18:27:00";"273";"Sem vítima";"101,000";"BR-493/RJ";"Crescente";"Choque";1;0;0;0;0;0;0;0;0;0;1;0;0;0;0
"26/09/2024";"18:36:00";"276";"Com vítima";"202,100";"BR-116/RJ";"Crescente";"Colisão traseira";1;0;0;1;0;0;0;0;0;0;1;0;1;0;0
"26/09/2024";"19:29:00";"287";"Com vítima";"18,634";"BR-493/RJ";"Crescente";"Colisão traseira";2;0;0;0;0;0;0;0;0;0;3;2;0;0;0
"26/09/2024";"19:48:00";"293";"Com vítima";"147,000";"BR-116/RJ";"Crescente";"Choque";1;0;0;0;0;0;0;0;0;0;0;3;0;0;0
"26/09/2024";"19:55:00";"294";"Sem vítima";"31,000";"BR-116/RJ";"Crescente";"Saída de pista";0;0;0;0;0;1;0;0;0;0;0;0;0;0;0
"26/09/2024";"20:05:00";"298";"Com vítima";"115,223";"BR-116/RJ";"Crescente";"Colisão traseira";0;0;0;2;0;0;0;0;0;0;0;1;1;0;0
"26/09/2024";"22:08:00";"316";"Com vítima";"105,000";"BR-493/RJ";"Decrescente";"Atropelamento de animal";0;0;0;1;0;0;0;0;0;0;0;2;0;0;0
"27/09/2024";"02:15:00";"77";"Com vítima";"174,000";"BR-116/RJ";"Decrescente";"Queda de moto";0;0;0;1;0;0;0;0;0;0;0;2;0;0;0
"27/09/2024";"07:02:00";"129";"Com vítima";"524,000";"BR-116/MG";"Decrescente";"Colisão lateral no mesmo sentido";1;0;0;1;0;0;0;0;0;0;0;2;0;0;0
"27/09/2024";"08:13:00";"146";"Com vítima";"64,000";"BR-493/RJ";"Decrescente";"Capotamento";1;0;0;0;0;0;0;0;0;0;0;1;0;0;0
"27/09/2024";"09:43:00";"163";"Com vítima";"186,000";"BR-116/RJ";"Decrescente";"Colisão lateral no mesmo sentido";1;0;0;1;0;0;0;0;0;0;1;0;1;0;0
"27/09/2024";"09:48:00";"164";"Com vítima";"1,289";"BR-465/RJ";"Crescente";"Colisão transversal";1;0;0;1;0;0;0;0;0;0;1;0;0;1;0
"27/09/2024";"13:28:00";"221";"Com vítima";"87,000";"BR-116/RJ";"Decrescente";"Choque";0;0;1;0;0;0;0;0;0;0;0;1;0;0;0
"27/09/2024";"14:18:00";"237";"Com vítima";"123,000";"BR-116/RJ";"Decrescente";"Colisão lateral no mesmo sentido";1;0;0;0;0;0;0;0;0;0;1;0;1;0;0
"27/09/2024";"15:30:00";"256";"Sem vítima";"70,000";"BR-116/RJ";"Decrescente";"Colisão transversal";2;0;0;0;0;0;0;0;0;0;3;0;0;0;0
"27/09/2024";"17:13:00";"281";"Com vítima";"86,604";"BR-116/RJ";"Crescente";"Colisão transversal";2;0;0;0;0;0;0;0;0;0;1;3;0;0;0
"27/09/2024";"17:43:00";"294";"Com vítima";"184,704";"BR-116/RJ";"Crescente";"Colisão lateral no mesmo sentido";0;0;0;2;0;0;0;0;0;0;0;2;0;0;0
"27/09/2024";"18:37:00";"307";"Com vítima";"522,788";"BR-116/MG";"Crescente";"Colisão transversal";1;1;0;0;0;0;0;0;0;0;1;1;0;0;0
"27/09/2024";"18:56:00";"310";"Com vítima";"441,879";"BR-116/MG";"Crescente";"Acidentes de outra natureza";0;0;0;1;0;0;0;0;0;0;0;1;0;0;0
"27/09/2024";"19:39:00";"325";"Sem vítima";"103,300";"BR-116/RJ";"Decrescente";"Choque";0;0;0;0;0;1;0;0;0;0;1;0;0;0;0
"27/09/2024";"20:20:00";"337";"Sem vítima";"725,300";"BR-116/MG";"Crescente";"Colisão lateral no mesmo sentido";2;0;0;0;0;0;0;0;0;0;2;0;0;0;0
"27/09/2024";"20:27:00";"341";"Com vítima";"187,753";"BR-116/RJ";"Crescente";"Choque";1;0;0;0;0;0;0;0;0;0;0;1;0;0;0
"27/09/2024";"20:49:00";"348";"Sem vítima";"136,423";"BR-116/RJ";"Crescente";"Colisão traseira";1;0;1;0;0;0;0;0;0;1;4;0;0;0;0
"27/09/2024";"21:35:00";"357";"Sem vítima";"92,000";"BR-116/RJ";"Decrescente";"Saída de pista";1;0;0;0;0;0;0;0;0;0;1;0;0;0;0
"27/09/2024";"22:16:00";"363";"Sem vítima";"113,000";"BR-493/RJ";"Crescente";"Atropelamento de animal";1;0;0;0;0;0;0;0;0;0;1;0;0;0;0
"27/09/2024";"22:44:00";"368";"Com vítima";"561,436";"BR-116/MG";"Decrescente";"Queda de moto";0;0;0;1;0;0;0;0;0;0;0;0;1;0;0
"28/09/2024";"02:29:00";"71";"Com vítima";"89,577";"BR-116/RJ";"Decrescente";"Tombamento";0;0;1;0;0;0;0;0;0;0;0;2;0;0;0
"28/09/2024";"02:33:00";"73";"Com vítima";"207,787";"BR-116/RJ";"Decrescente";"Atropelamento de animal";1;0;0;0;0;0;0;0;0;0;0;1;1;0;0
"28/09/2024";"06:14:00";"88";"Sem vítima";"175,000";"BR-116/RJ";"Decrescente";"Queda de moto";0;0;0;1;0;0;0;0;0;0;1;0;0;0;0
"28/09/2024";"06:27:00";"91";"Com vítima";"702,000";"BR-116/MG";"Decrescente";"Colisão lateral no mesmo sentido";1;0;0;1;0;0;0;0;0;0;0;1;0;1;0
"28/09/2024";"08:09:00";"109";"Sem vítima";"75,000";"BR-493/RJ";"Crescente";"Choque";1;0;0;0;0;0;0;0;0;0;1;0;0;0;0
"28/09/2024";"09:15:00";"122";"Sem vítima";"3,000";"BR-465/RJ";"Crescente";"Colisão traseira";2;0;0;0;0;0;0;0;0;0;5;0;0;0;0
"28/09/2024";"09:58:00";"130";"Com vítima";"197,000";"BR-116/RJ";"Decrescente";"Queda de moto";1;0;0;1;0;0;0;0;0;0;0;2;0;0;0
"28/09/2024";"14:32:00";"182";"Com vítima";"8,000";"BR-465/RJ";"Crescente";"Colisão lateral em sentido contrário";1;0;0;1;0;0;0;0;0;0;1;1;0;0;0
"28/09/2024";"18:02:00";"217";"Sem vítima";"108,211";"BR-116/RJ";"Decrescente";"Colisão transversal";2;0;0;0;0;0;0;0;0;0;8;0;0;0;0
"28/09/2024";"18:27:00";"221";"Sem vítima";"88,199";"BR-116/RJ";"Decrescente";"Colisão traseira";1;0;0;0;0;1;0;0;0;0;2;0;0;0;0
"28/09/2024";"18:57:00";"230";"Com vítima";"440,090";"BR-116/MG";"Crescente";"Capotamento";1;0;0;0;0;0;0;0;0;0;0;2;0;0;0
"28/09/2024";"20:31:00";"243";"Com vítima";"146,554";"BR-116/RJ";"Decrescente";"Queda de moto";0;0;0;1;0;0;0;0;0;0;0;1;0;0;0
"29/09/2024";"00:48:00";"19";"Com vítima";"675,217";"BR-116/MG";"Decrescente";"Queda de moto";0;0;0;1;0;0;0;0;0;0;0;0;1;0;0
"29/09/2024";"01:10:00";"21";"Sem vítima";"502,413";"BR-116/MG";"Decrescente";"Choque";1;0;0;0;0;0;0;0;0;0;1;0;0;0;0
"29/09/2024";"04:10:00";"24";"Com vítima";"176,255";"BR-116/RJ";"Crescente";"Colisão traseira";2;0;0;0;0;0;0;0;0;0;0;6;0;0;0
"29/09/2024";"04:18:00";"25";"Sem vítima";"137,710";"BR-116/RJ";"Crescente";"Atropelamento de animal";1;0;0;0;0;0;0;0;0;0;1;0;0;0;0
"29/09/2024";"04:34:00";"27";"Sem vítima";"87,559";"BR-493/RJ";"Crescente";"Saída de pista";1;0;0;0;0;0;0;0;0;0;1;0;0;0;0
"29/09/2024";"05:03:00";"28";"Com vítima";"576,678";"BR-116/MG";"Crescente";"Capotamento";1;0;0;0;0;0;0;0;0;0;0;0;2;1;0
"29/09/2024";"05:39:00";"30";"Sem vítima";"111,364";"BR-116/RJ";"Decrescente";"Choque";1;0;0;0;0;0;0;0;0;0;4;0;0;0;0
"29/09/2024";"08:43:00";"61";"Sem vítima";"63,000";"BR-493/RJ";"Decrescente";"Saída de pista";1;0;0;0;0;0;0;0;0;0;1;0;0;0;0
"29/09/2024";"10:37:00";"84";"Com vítima";"141,000";"BR-116/RJ";"Decrescente";"Queda de moto";0;0;0;1;0;0;0;0;0;0;0;1;0;0;0
"29/09/2024";"11:17:00";"93";"Com vítima";"681,000";"BR-116/MG";"Decrescente";"Choque";1;0;0;0;0;0;0;0;0;0;0;2;0;0;0
"29/09/2024";"13:21:00";"123";"Com vítima";"703,000";"BR-116/MG";"Crescente";"Colisão lateral no mesmo sentido";0;0;0;2;0;0;0;0;0;0;0;0;0;3;0
"29/09/2024";"14:44:00";"131";"Com vítima";"78,000";"BR-116/RJ";"Crescente";"Colisão transversal";2;0;0;0;0;0;0;0;0;0;1;1;2;0;0
"29/09/2024";"14:55:00";"134";"Sem vítima";"615,000";"BR-116/MG";"Crescente";"Colisão traseira";2;0;0;0;0;0;0;0;0;0;3;0;0;0;0