data;horario;n_da_ocorrencia;tipo_de_ocorrencia;km;trecho;sentido;tipo_de_acidente;automovel;bicicleta;caminhao;moto;onibus;outros;tracao_animal;transporte_de_cargas_especiais;trator_maquinas;utilitarios;ilesos;levemente_feridos;moderadamente_feridos;gravemente_feridos;mortos
"09/10/2024";"04:27:00";"82";"Sem vítima";"100,000";"BR-116/RJ";"Crescente";"Choque";0;0;1;0;0;0;0;0;0;0;2;0;0;0;0
"09/10/2024";"04:36:00";"83";"Com vítima";"137,837";"BR-116/RJ";"Crescente";"Choque";1;0;0;0;0;0;0;0;0;0;0;0;1;0;0
"09/10/2024";"04:54:00";"85";"Com vítima";"48,177";"BR-493/RJ";"Crescente";"Choque";1;0;0;0;0;0;0;0;0;0;0;1;0;0;0
"09/10/2024";"06:26:00";"105";"Com vítima";"674,000";"BR-116/MG";"Crescente";"Colisão frontal";1;0;0;1;0;0;0;0;0;0;0;1;0;1;0
"09/10/2024";"07:22:00";"116";"Sem vítima";"43,209";"BR-116/RJ";"Decrescente";"Choque";1;0;0;0;0;0;0;0;0;0;1;0;0;0;0
"09/10/2024";"09:04:00";"144";"Com vítima";"813,500";"BR-116/MG";"Crescente";"Colisão frontal";2;0;0;0;0;0;0;0;0;0;1;0;1;0;0
"09/10/2024";"09:13:00";"148";"Com vítima";"171,000";"BR-116/RJ";"Crescente";"Colisão traseira";1;0;0;0;1;0;0;0;0;0;0;4;0;0;0
"09/10/2024";"10:49:00";"161";"Com vítima";"539,000";"BR-116/MG";"Decrescente";"Colisão transversal";2;0;0;0;0;0;0;0;0;0;0;3;0;0;0
"09/10/2024";"11:26:00";"170";"Com vítima";"186,200";"BR-116/RJ";"Decrescente";"Colisão traseira";1;0;0;0;0;0;0;0;0;0;0;1;0;0;0
"09/10/2024";"12:11:00";"184";"Com vítima";"142,000";"BR-116/RJ";"Decrescente";"Colisão lateral em sentido contrário";0;0;0;1;0;0;0;0;0;1;0;3;0;0;0
"09/10/2024";"13:20:00";"197";"Com vítima";"5,000";"BR-493/RJ";"Crescente";"Colisão transversal";1;0;0;1;0;0;0;0;0;0;1;1;0;0;0
"09/10/2024";"14:15:00";"211";"Sem vítima";"67,000";"BR-493/RJ";"Decrescente";"Choque";1;0;0;0;0;0;0;0;0;0;1;0;0;0;0
"09/10/2024";"17:08:00";"256";"Com vítima";"25,000";"BR-493/RJ";"Crescente";"Colisão lateral em sentido contrário";0;0;0;1;0;1;0;0;0;0;1;1;0;0;0
"09/10/2024";"18:31:00";"277";"Sem vítima";"508,316";"BR-116/MG";"Crescente";"Choque";1;0;0;0;0;0;0;0;0;0;1;0;0;0;0
"09/10/2024";"18:42:00";"279";"Sem vítima";"794,894";"BR-116/MG";"Decrescente";"Atropelamento de animal";1;0;0;0;0;0;0;0;0;0;3;0;0;0;0
"09/10/2024";"18:52:00";"282";"Com vítima";"181,000";"BR-116/RJ";"Crescente";"Colisão lateral em sentido contrário";1;0;0;1;0;0;0;0;0;0;0;2;0;0;0
"09/10/2024";"18:54:00";"283";"Com vítima";"513,066";"BR-116/MG";"Decrescente";"Choque";1;0;0;0;0;0;0;0;0;0;0;2;0;0;0
"09/10/2024";"20:13:00";"302";"Com vítima";"65,100";"BR-493/RJ";"Crescente";"Choque";1;0;0;0;0;0;0;0;0;0;0;1;0;0;0
"09/10/2024";"21:17:00";"312";"Com vítima";"758,000";"BR-116/MG";"Crescente";"Atropelamento de pedestre";1;0;0;0;0;0;0;0;0;0;0;1;0;1;0
"09/10/2024";"21:26:00";"313";"Sem vítima";"691,933";"BR-116/MG";"Decrescente";"Saída de pista";1;0;0;0;0;0;0;0;0;0;1;0;0;0;0
"10/10/2024";"00:29:00";"28";"Com vítima";"1,000";"BR-493/RJ";"Crescente";"Colisão frontal";1;0;0;1;0;0;0;0;0;0;1;0;2;0;0
"10/10/2024";"04:22:00";"112";"Sem vítima";"184,000";"BR-116/RJ";"Decrescente";"Choque";1;0;0;0;0;0;0;0;0;0;1;0;0;0;0
"10/10/2024";"04:24:00";"113";"Com vítima";"18,635";"BR-116/RJ";"Crescente";"Tombamento";0;0;0;0;0;1;0;0;0;0;0;1;0;0;0
"10/10/2024";"08:07:00";"137";"Com vítima";"194,000";"BR-116/RJ";"Decrescente";"Queda de moto";0;0;0;1;0;0;0;0;0;0;0;2;0;0;0
"10/10/2024";"09:29:00";"156";"Com vítima";"776,000";"BR-116/MG";"Decrescente";"Saída de pista";1;0;0;0;0;0;0;0;0;0;3;1;0;0;0
"10/10/2024";"09:43:00";"160";"Com vítima";"414,050";"BR-116/MG";"Crescente";"Colisão traseira";1;0;0;1;0;0;0;0;0;0;0;1;1;0;0
"10/10/2024";"10:09:00";"168";"Sem vítima";"774,000";"BR-116/MG";"Crescente";"Colisão lateral em sentido contrário";1;0;0;0;0;1;0;0;0;0;2;0;0;0;0
"10/10/2024";"10:16:00";"170";"Com vítima";"147,255";"BR-116/RJ";"Decrescente";"Colisão traseira";2;0;0;0;0;0;0;0;0;0;0;5;0;0;0
"10/10/2024";"10:48:00";"173";"Com vítima";"774,150";"BR-116/MG";"Crescente";"Colisão lateral em sentido contrário";3;0;0;0;0;0;0;0;0;0;0;3;1;2;0
"10/10/2024";"10:54:00";"176";"Sem vítima";"55,000";"BR-116/RJ";"Crescente";"Choque";1;0;0;0;0;0;0;0;0;0;1;0;0;0;0
"10/10/2024";"11:47:00";"186";"Sem vítima";"691,000";"BR-116/MG";"Decrescente";"Colisão lateral em sentido contrário";0;0;0;0;0;2;0;0;0;0;2;0;0;0;0
"10/10/2024";"11:47:00";"187";"Sem vítima";"32,000";"BR-116/RJ";"Decrescente";"Choque";1;0;0;0;0;0;0;0;0;0;1;0;0;0;0
"10/10/2024";"13:04:00";"202";"Com vítima";"126,607";"BR-116/RJ";"Crescente";"Queda de moto";1;0;0;1;0;0;0;0;0;0;0;2;0;0;0
"10/10/2024";"13:09:00";"204";"Com vítima";"671,500";"BR-116/MG";"Crescente";"Capotamento";0;0;0;0;0;0;0;0;0;1;0;2;0;0;0
"10/10/2024";"14:16:00";"215";"Sem vítima";"814,000";"BR-116/MG";"Decrescente";"Choque";1;0;0;0;0;0;0;0;0;0;1;0;0;0;0
"10/10/2024";"16:07:00";"234";"Com vítima";"780,095";"BR-116/MG";"Decrescente";"Capotamento";1;0;0;0;0;0;0;0;0;0;0;2;0;0;0
"10/10/2024";"16:23:00";"238";"Com vítima";"6,000";"BR-493/RJ";"Decrescente";"Colisão lateral em sentido contrário";1;0;1;1;0;0;0;0;0;0;1;2;0;0;0
"10/10/2024";"16:23:00";"239";"Com vítima";"555,265";"BR-116/MG";"Decrescente";"Colisão lateral em sentido contrário";0;0;0;0;0;2;0;0;0;0;0;2;0;0;0
"10/10/2024";"16:28:00";"240";"Sem vítima";"774,000";"BR-116/MG";"Crescente";"Choque";1;0;0;0;0;0;0;0;0;0;1;0;0;0;0
"10/10/2024";"18:09:00";"259";"Com vítima";"780,095";"BR-116/MG";"Decrescente";"Tombamento";1;0;0;0;0;0;0;0;0;0;0;1;0;0;0
"10/10/2024";"18:49:00";"270";"Com vítima";"184,000";"BR-116/RJ";"Crescente";"Colisão lateral no mesmo sentido";1;0;0;1;0;0;0;0;0;0;0;3;0;0;0
"10/10/2024";"19:49:00";"281";"Com vítima";"415,000";"BR-116/MG";"Decrescente";"Atropelamento de pedestre";0;0;0;0;0;0;0;0;0;0;0;1;0;0;0
"10/10/2024";"20:26:00";"285";"Sem vítima";"614,886";"BR-116/MG";"Decrescente";"Choque";1;0;0;0;0;0;0;0;0;0;2;0;0;0;0
"10/10/2024";"21:26:00";"294";"Sem vítima";"496,543";"BR-116/MG";"Crescente";"Saída de pista";1;0;0;0;0;0;0;0;0;0;1;0;0;0;0
"10/10/2024";"22:16:00";"300";"Sem vítima";"146,373";"BR-116/RJ";"Decrescente";"Capotamento";1;0;0;0;0;0;0;0;0;0;1;0;0;0;0
"10/10/2024";"23:18:00";"308";"Com vítima";"46,954";"BR-116/RJ";"Decrescente";"Atropelamento de pedestre";0;0;0;0;0;1;0;0;0;0;1;0;1;0;0
"11/10/2024";"00:51:00";"49";"Com vítima";"553,291";"BR-116/MG";"Decrescente";"Saída de pista";1;0;0;0;0;0;0;0;0;0;0;1;0;0;0
"11/10/2024";"05:31:00";"126";"Sem vítima";"69,000";"BR-493/RJ";"Crescente";"Choque";1;0;0;0;0;0;0;0;0;0;1;0;0;0;0
"11/10/2024";"08:24:00";"153";"Sem vítima";"776,000";"BR-116/MG";"Decrescente";"Saída de pista";1;0;0;0;0;0;0;0;0;0;1;0;0;0;0
"11/10/2024";"09:29:00";"165";"Com vítima";"507,000";"BR-116/MG";"Crescente";"Colisão traseira";2;0;0;0;0;0;0;0;0;0;1;1;0;0;0
"11/10/2024";"10:50:00";"186";"Com vítima";"21,000";"BR-465/RJ";"Crescente";"Colisão lateral no mesmo sentido";1;0;0;1;0;0;0;0;0;0;0;3;0;0;0
"11/10/2024";"14:12:00";"217";"Sem vítima";"415,000";"BR-116/MG";"Crescente";"Colisão lateral em sentido contrário";1;0;1;0;0;0;0;0;0;0;2;0;0;0;0
"11/10/2024";"15:10:00";"230";"Com vítima";"20,500";"BR-465/RJ";"Crescente";"Colisão transversal";1;0;0;1;0;0;0;0;0;0;1;0;1;0;0
"11/10/2024";"15:20:00";"233";"Com vítima";"778,300";"BR-116/MG";"Decrescente";"Tombamento";0;0;0;0;0;1;0;0;0;0;0;1;0;0;0
"11/10/2024";"16:35:00";"248";"Com vítima";"527,000";"BR-116/MG";"Crescente";"Colisão lateral no mesmo sentido";1;0;0;1;0;0;0;0;0;0;0;2;0;0;0
"11/10/2024";"16:43:00";"252";"Sem vítima";"174,200";"BR-116/RJ";"Crescente";"Colisão traseira";1;0;1;0;0;0;0;0;0;0;2;0;0;0;0
"11/10/2024";"17:02:00";"257";"Com vítima";"178,000";"BR-116/RJ";"Crescente";"Colisão lateral no mesmo sentido";1;0;0;1;0;0;0;0;0;0;0;2;0;0;0
"11/10/2024";"17:30:00";"263";"Com vítima";"480,298";"BR-116/MG";"Decrescente";"Colisão lateral no mesmo sentido";0;0;0;1;0;1;0;0;0;0;1;0;1;0;0
"12/10/2024";"00:44:00";"46";"Sem vítima";"138,190";"BR-116/RJ";"Decrescente";"Choque";0;0;0;0;0;0;0;0;0;1;1;0;0;0;0
"12/10/2024";"02:29:00";"53";"Com vítima";"132,000";"BR-116/RJ";"Decrescente";"Choque";1;0;0;0;0;0;0;0;0;0;0;1;0;0;0
"12/10/2024";"03:43:00";"56";"Sem vítima";"4,818";"BR-465/RJ";"Crescente";"Colisão lateral no mesmo sentido";1;0;0;0;0;1;0;0;0;0;2;0;0;0;0
"12/10/2024";"03:56:00";"57";"Com vítima";"128,900";"BR-116/RJ";"Crescente";"Colisão traseira";1;0;1;0;0;0;0;0;0;0;1;0;1;0;0
"12/10/2024";"04:11:00";"59";"Com vítima";"422,075";"BR-116/MG";"Crescente";"Atropelamento de animal";0;0;0;1;0;0;0;0;0;0;0;0;1;1;0
"12/10/2024";"04:28:00";"61";"Sem vítima";"62,000";"BR-116/RJ";"Crescente";"Choque";1;0;0;0;0;0;0;0;0;0;2;0;0;0;0
"12/10/2024";"04:43:00";"66";"Sem vítima";"495,000";"BR-116/MG";"Crescente";"Choque";1;0;0;0;0;0;0;0;0;0;1;0;0;0;0
"12/10/2024";"06:12:00";"76";"Sem vítima";"716,000";"BR-116/MG";"Decrescente";"Choque";1;0;0;0;0;0;0;0;0;0;1;0;0;0;0
"12/10/2024";"06:44:00";"79";"Sem vítima";"12,000";"BR-493/RJ";"Crescente";"Colisão lateral em sentido contrário";2;0;0;0;0;0;0;0;0;0;4;0;0;0;0
"12/10/2024";"06:52:00";"84";"Com vítima";"8,000";"BR-465/RJ";"Decrescente";"Queda de moto";0;0;0;1;0;0;0;0;0;0;0;1;0;0;0
"12/10/2024";"10:01:00";"124";"Com vítima";"179,300";"BR-116/RJ";"Decrescente";"Capotamento";2;0;0;0;0;0;0;0;0;0;1;3;0;0;0
"12/10/2024";"10:07:00";"126";"Com vítima";"63,700";"BR-116/RJ";"Decrescente";"Atropelamento de pedestre";1;1;0;0;0;0;0;0;0;0;1;0;0;0;0
"12/10/2024";"10:12:00";"127";"Com vítima";"688,621";"BR-116/MG";"Crescente";"Choque";1;0;0;0;0;0;0;0;0;0;0;3;0;0;0
"12/10/2024";"10:33:00";"131";"Sem vítima";"183,000";"BR-116/RJ";"Crescente";"Colisão traseira";2;0;0;0;0;0;0;0;0;0;2;0;0;0;0
"12/10/2024";"11:30:00";"143";"Com vítima";"177,800";"BR-116/RJ";"Crescente";"Queda de moto";0;0;0;1;0;0;0;0;0;0;0;2;0;0;0
"12/10/2024";"12:24:00";"160";"Com vítima";"172,000";"BR-116/RJ";"Decrescente";"Colisão traseira";2;0;0;0;0;0;0;0;0;0;0;3;0;0;0
"12/10/2024";"13:40:00";"170";"Com vítima";"174,000";"BR-116/RJ";"Decrescente";"Colisão traseira";1;0;0;0;0;0;0;0;0;1;0;2;0;0;0
"12/10/2024";"14:56:00";"190";"Com vítima";"22,000";"BR-116/RJ";"Crescente";"Choque";1;0;0;0;0;0;0;0;0;0;0;3;0;0;0
"12/10/2024";"15:24:00";"201";"Com vítima";"5,000";"BR-493/RJ";"Crescente";"Atropelamento de ciclista";1;1;0;0;0;0;0;0;0;0;0;2;0;0;0
"12/10/2024";"15:39:00";"205";"Sem vítima";"97,000";"BR-116/RJ";"Crescente";"Colisão lateral em sentido contrário";3;0;0;0;0;0;0;0;0;0;6;0;0;0;0
"12/10/2024";"18:48:00";"241";"Sem vítima";"1,608";"BR-465/RJ";"Crescente";"Colisão traseira";2;0;0;0;0;0;0;0;0;0;3;0;0;0;0
"12/10/2024";"19:35:00";"256";"Sem vítima";"695,182";"BR-116/MG";"Crescente";"Colisão traseira";1;0;0;0;0;1;0;0;0;0;2;0;0;0;0
"13/10/2024";"00:31:00";"17";"Sem vítima";"698,529";"BR-116/MG";"Decrescente";"Choque";1;0;0;0;0;0;0;0;0;0;4;0;0;0;0
"13/10/2024";"01:05:00";"23";"Sem vítima";"21,272";"BR-116/RJ";"Crescente";"Atropelamento de animal";1;0;0;0;0;0;0;0;0;0;4;0;0;0;0
"13/10/2024";"01:22:00";"27";"Com vítima";"193,440";"BR-116/RJ";"Crescente";"Capotamento";1;0;0;0;0;0;0;0;0;0;0;0;2;1;0
"13/10/2024";"02:24:00";"35";"Sem vítima";"175,000";"BR-116/RJ";"Decrescente";"Choque";1;0;0;0;0;0;0;0;0;0;2;0;0;0;0
"13/10/2024";"08:06:00";"57";"Sem vítima";"131,000";"BR-116/RJ";"Crescente";"Choque";1;0;0;0;0;0;0;0;0;0;1;0;0;0;0
"13/10/2024";"09:45:00";"72";"Sem vítima";"778,475";"BR-116/MG";"Decrescente";"Choque";2;0;0;0;0;0;0;0;0;0;2;0;0;0;0
"13/10/2024";"10:05:00";"75";"Com vítima";"173,000";"BR-116/RJ";"Crescente";"Colisão lateral no mesmo sentido";2;0;0;0;0;0;0;0;0;0;0;2;0;0;0
"13/10/2024";"12:26:00";"100";"Com vítima";"610,000";"BR-116/MG";"Decrescente";"Queda de moto";0;0;0;1;0;0;0;0;0;0;0;2;0;0;0
"13/10/2024";"12:35:00";"102";"Com vítima";"197,000";"BR-116/RJ";"Crescente";"Choque";1;0;0;0;0;0;0;0;0;0;3;1;0;0;0
"13/10/2024";"14:56:00";"128";"Com vítima";"602,200";"BR-116/MG";"Decrescente";"Colisão frontal";1;0;0;0;0;1;0;0;0;0;0;2;0;2;1
"13/10/2024";"15:30:00";"135";"Sem vítima";"116,500";"BR-493/RJ";"Crescente";"Capotamento";1;0;0;0;0;0;0;0;0;0;1;0;0;0;0
"13/10/2024";"16:24:00";"143";"Com vítima";"188,000";"BR-116/RJ";"Decrescente";"Choque";1;0;0;0;0;0;0;0;0;0;0;1;0;0;0
"13/10/2024";"16:53:00";"153";"Com vítima";"571,000";"BR-116/MG";"Crescente";"Queda de moto";0;0;0;1;0;0;0;0;0;0;0;1;0;0;0
"13/10/2024";"17:45:00";"164";"Com vítima";"479,380";"BR-116/MG";"Crescente";"Atropelamento de animal";0;0;0;1;0;0;0;0;0;0;0;1;0;0;0
"13/10/2024";"18:31:00";"171";"Com vítima";"471,327";"BR-116/MG";"Decrescente";"Colisão lateral em sentido contrário";2;0;0;0;0;1;0;0;0;0;4;1;1;1;0
"13/10/2024";"19:21:00";"183";"Com vítima";"184,050";"BR-116/RJ";"Crescente";"Atropelamento de ciclista";1;1;0;0;0;0;0;0;0;0;0;1;0;0;0
"13/10/2024";"19:40:00";"187";"Com vítima";"425,220";"BR-116/MG";"Decrescente";"Atropelamento de animal";0;0;0;1;0;0;0;0;0;0;0;1;1;0;0
"13/10/2024";"20:06:00";"195";"Com vítima";"425,000";"BR-116/MG";"Decrescente";"Atropelamento de animal";1;0;0;0;0;0;0;0;0;0;0;1;0;0;0
"13/10/2024";"20:09:00";"196";"Sem vítima";"91,000";"BR-493/RJ";"Decrescente";"Choque";1;0;0;0;0;0;0;0;0;0;2;0;0;0;0
"13/10/2024";"21:05:00";"205";"Com vítima";"39,499";"BR-116/RJ";"Decrescente";"Atropelamento de pedestre";0;0;0;0;0;1;0;0;0;0;1;0;1;0;0
"13/10/2024";"21:07:00";"206";"Sem vítima";"187,000";"BR-116/RJ";"Decrescente";"Choque";1;0;0;0;0;0;0;0;0;0;1;0;0;0;0
"13/10/2024";"21:24:00";"211";"Sem vítima";"99,870";"BR-116/RJ";"Decrescente";"Choque";1;0;0;0;0;0;0;0;0;0;3;0;0;0;0
"13/10/2024";"22:03:00";"220";"Sem vítima";"183,000";"BR-116/RJ";"Decrescente";"Colisão traseira";2;0;0;0;0;0;0;0;0;0;2;0;0;0;0
"14/10/2024";"03:47:00";"24";"Sem vítima";"172,627";"BR-116/RJ";"Decrescente";"Colisão traseira";2;0;0;0;0;0;0;0;0;0;2;0;0;0;0
"14/10/2024";"05:14:00";"27";"Sem vítima";"138,000";"BR-116/RJ";"Crescente";"Colisão traseira";1;0;0;0;1;0;0;0;0;0;3;0;0;0;0
"14/10/2024";"05:32:00";"31";"Sem vítima";"506,223";"BR-116/MG";"Decrescente";"Atropelamento de animal";1;0;0;0;0;0;0;0;0;0;1;0;0;0;0
"14/10/2024";"06:35:00";"41";"Sem vítima";"103,000";"BR-116/RJ";"Decrescente";"Choque";1;0;0;0;0;0;0;0;0;0;3;0;0;0;0
"14/10/2024";"07:49:00";"50";"Sem vítima";"100,000";"BR-116/RJ";"Crescente";"Choque";1;0;0;0;0;0;0;0;0;0;1;0;0;0;0
"14/10/2024";"09:01:00";"64";"Com vítima";"118,000";"BR-116/RJ";"Decrescente";"Colisão transversal";1;0;0;1;0;0;0;0;0;0;0;2;1;0;0
"14/10/2024";"09:47:00";"74";"Sem vítima";"194,000";"BR-116/RJ";"Crescente";"Colisão lateral no mesmo sentido";2;0;0;0;0;0;0;0;0;0;2;0;0;0;0
"14/10/2024";"10:05:00";"80";"Com vítima";"18,000";"BR-493/RJ";"Decrescente";"Colisão traseira";1;0;0;1;0;0;0;0;0;0;0;2;0;0;0
"14/10/2024";"10:08:00";"81";"Com vítima";"107,000";"BR-116/RJ";"Crescente";"Colisão lateral no mesmo sentido";1;0;0;0;0;1;0;0;0;0;1;1;0;0;0
"14/10/2024";"11:51:00";"105";"Sem vítima";"666,000";"BR-116/MG";"Decrescente";"Colisão traseira";1;0;0;0;0;1;0;0;0;0;3;0;0;0;0
"14/10/2024";"11:53:00";"106";"Com vítima";"95,000";"BR-116/RJ";"Decrescente";"Colisão traseira";1;0;0;1;0;0;0;0;0;0;1;0;1;0;0
"14/10/2024";"15:04:00";"142";"Sem vítima";"751,000";"BR-116/MG";"Decrescente";"Colisão lateral no mesmo sentido";2;0;0;0;0;0;0;0;0;0;4;0;0;0;0
"14/10/2024";"15:07:00";"143";"Com vítima";"102,000";"BR-493/RJ";"Crescente";"Colisão lateral no mesmo sentido";0;0;0;1;0;0;0;0;0;0;0;1;0;0;0
"14/10/2024";"16:13:00";"156";"Sem vítima";"143,000";"BR-116/RJ";"Decrescente";"Colisão lateral no mesmo sentido";1;0;0;0;0;1;0;0;0;0;2;0;0;0;0
"14/10/2024";"17:16:00";"167";"Sem vítima";"118,000";"BR-116/RJ";"Decrescente";"Colisão lateral no mesmo sentido";1;0;1;0;0;0;0;0;0;0;2;0;0;0;0
"14/10/2024";"18:06:00";"182";"Com vítima";"143,974";"BR-116/RJ";"Decrescente";"Atropelamento de pedestre";0;0;0;1;0;0;0;0;0;0;0;1;1;0;1
"14/10/2024";"19:22:00";"210";"Com vítima";"524,321";"BR-116/MG";"Decrescente";"Colisão lateral no mesmo sentido";1;0;0;1;0;0;0;0;0;0;1;0;2;0;0
"14/10/2024";"20:50:00";"225";"Com vítima";"63,925";"BR-116/RJ";"Crescente";"Colisão lateral em sentido contrário";1;0;1;0;0;0;0;0;0;0;1;1;0;0;0
"14/10/2024";"21:52:00";"233";"Com vítima";"6,000";"BR-465/RJ";"Decrescente";"Choque";1;0;0;0;0;0;0;0;0;0;0;1;1;0;0
"14/10/2024";"23:42:00";"253";"Com vítima";"802,252";"BR-116/MG";"Crescente";"Tombamento";0;0;1;0;0;0;0;0;0;0;0;0;0;1;0
"15/10/2024";"04:38:00";"93";"Com vítima";"189,000";"BR-116/RJ";"Decrescente";"Colisão traseira";1;0;0;0;1;0;0;0;0;0;1;1;0;0;0
"15/10/2024";"08:08:00";"133";"Com vítima";"509,000";"BR-116/MG";"Decrescente";"Colisão lateral no mesmo sentido";0;0;1;1;0;0;0;0;0;0;1;1;0;0;0
"15/10/2024";"08:34:00";"139";"Com vítima";"122,000";"BR-493/RJ";"Crescente";"Tombamento";0;0;0;0;0;1;0;0;0;0;0;0;1;0;0
"15/10/2024";"09:48:00";"149";"Com vítima";"196,000";"BR-116/RJ";"Decrescente";"Colisão traseira";2;0;0;0;0;0;0;0;0;0;0;2;0;0;0
"15/10/2024";"10:35:00";"160";"Sem vítima";"776,000";"BR-116/MG";"Decrescente";"Tombamento";0;0;0;0;0;1;0;0;0;0;1;0;0;0;0
"15/10/2024";"11:00:00";"171";"Com vítima";"176,000";"BR-116/RJ";"Decrescente";"Colisão traseira";2;0;0;0;0;0;0;0;0;0;1;1;0;0;0
"15/10/2024";"11:29:00";"178";"Com vítima";"147,000";"BR-116/RJ";"Decrescente";"Colisão lateral no mesmo sentido";1;0;0;1;0;0;0;0;0;0;0;2;1;0;0
"15/10/2024";"13:41:00";"202";"Com vítima";"177,000";"BR-116/RJ";"Decrescente";"Colisão lateral no mesmo sentido";0;0;0;1;0;1;0;0;0;0;0;1;0;1;0
"15/10/2024";"14:48:00";"214";"Com vítima";"1,000";"BR-493/RJ";"Crescente";"Colisão lateral no mesmo sentido";1;0;0;1;0;0;0;0;0;0;1;0;1;0;0
"15/10/2024";"15:36:00";"226";"Com vítima";"195,000";"BR-116/RJ";"Crescente";"Queda de moto";0;0;0;1;0;0;0;0;0;0;0;2;0;0;0
"15/10/2024";"15:50:00";"230";"Com vítima";"66,000";"BR-493/RJ";"Crescente";"Queda de moto";0;0;0;1;0;0;0;0;0;0;0;2;0;0;0
"15/10/2024";"15:55:00";"232";"Com vítima";"147,000";"BR-116/RJ";"Decrescente";"Colisão traseira";2;0;0;0;0;0;0;0;0;0;3;2;0;0;0
"15/10/2024";"19:13:00";"273";"Com vítima";"466,000";"BR-116/MG";"Crescente";"Queda de moto";0;0;0;1;0;0;0;0;0;0;0;1;0;0;0
"16/10/2024";"03:10:00";"120";"Com vítima";"795,150";"BR-116/MG";"Crescente";"Choque";0;0;0;0;0;1;0;0;0;0;0;0;0;1;0
"16/10/2024";"05:55:00";"132";"Com vítima";"182,000";"BR-116/RJ";"Decrescente";"Queda de moto";0;0;0;1;0;0;0;0;0;0;0;2;0;0;0
"16/10/2024";"07:53:00";"148";"Com vítima";"176,000";"BR-116/RJ";"Decrescente";"Colisão lateral no mesmo sentido";2;0;0;1;0;0;0;0;0;0;2;0;1;0;0
"16/10/2024";"08:34:00";"161";"Sem vítima";"118,000";"BR-116/RJ";"Decrescente";"Colisão traseira";1;0;1;0;0;0;0;0;0;0;3;0;0;0;0
"16/10/2024";"09:38:00";"170";"Sem vítima";"551,880";"BR-116/MG";"Crescente";"Colisão traseira";0;0;0;0;0;2;0;0;0;0;2;0;0;0;0
"16/10/2024";"13:16:00";"220";"Sem vítima";"414,000";"BR-116/MG";"Decrescente";"Colisão traseira";1;0;0;0;0;1;0;0;0;0;3;0;0;0;0
"16/10/2024";"13:54:00";"229";"Sem vítima";"146,000";"BR-116/RJ";"Decrescente";"Engavetamento";3;0;0;0;0;0;0;0;0;0;5;0;0;0;0
"16/10/2024";"14:07:00";"233";"Com vítima";"146,000";"BR-116/RJ";"Decrescente";"Colisão lateral no mesmo sentido";1;0;0;1;0;0;0;0;0;0;0;2;0;0;0
"16/10/2024";"15:47:00";"259";"Sem vítima";"539,000";"BR-116/MG";"Decrescente";"Capotamento";1;0;0;0;0;0;0;0;0;0;1;0;0;0;0
"16/10/2024";"16:57:00";"281";"Sem vítima";"0,800";"BR-465/RJ";"Decrescente";"Colisão lateral no mesmo sentido";1;0;0;1;0;0;0;0;0;0;2;0;0;0;0
"16/10/2024";"17:40:00";"294";"Com vítima";"140,151";"BR-116/RJ";"Decrescente";"Queda de moto";0;0;0;1;0;0;0;0;0;0;0;0;2;0;0
"16/10/2024";"19:54:00";"321";"Sem vítima";"698,957";"BR-116/MG";"Decrescente";"Atropelamento de animal";1;0;0;0;0;0;0;0;0;0;1;0;0;0;0
"17/10/2024";"00:03:00";"1";"Com vítima";"179,894";"BR-116/RJ";"Decrescente";"Colisão traseira";1;0;0;0;0;1;0;0;0;0;1;1;0;0;0
"17/10/2024";"02:41:00";"84";"Com vítima";"78,260";"BR-493/RJ";"Decrescente";"Tombamento";0;0;1;0;0;0;0;0;0;0;0;1;0;0;0
"17/10/2024";"07:09:00";"125";"Com vítima";"187,000";"BR-116/RJ";"Decrescente";"Colisão lateral no mesmo sentido";1;0;0;1;0;0;0;0;0;0;1;0;1;0;0
"17/10/2024";"07:30:00";"130";"Com vítima";"172,100";"BR-116/RJ";"Crescente";"Colisão lateral no mesmo sentido";1;0;0;1;0;0;0;0;0;0;2;0;1;0;0
"17/10/2024";"12:35:00";"196";"Sem vítima";"4,000";"BR-465/RJ";"Decrescente";"Colisão lateral no mesmo sentido";1;0;1;0;0;0;0;0;0;0;2;0;0;0;0
"17/10/2024";"13:05:00";"205";"Com vítima";"5,000";"BR-465/RJ";"Decrescente";"Colisão lateral em sentido contrário";1;0;0;1;0;0;0;0;0;0;1;0;1;0;0
"17/10/2024";"13:40:00";"210";"Com vítima";"523,000";"BR-116/MG";"Decrescente";"Colisão lateral no mesmo sentido";1;0;0;1;0;0;0;0;0;0;1;0;1;0;0