data;horario;n_da_ocorrencia;tipo_de_ocorrencia;km;trecho;sentido;tipo_de_acidente;automovel;bicicleta;caminhao;moto;onibus;outros;tracao_animal;transporte_de_cargas_especiais;trator_maquinas;utilitarios;ilesos;levemente_feridos;moderadamente_feridos;gravemente_feridos;mortos
"26/10/2024";"08:28:00";"122";"Com vítima";"184,000";"BR-116/RJ";"Decrescente";"Engavetamento";3;0;0;0;0;0;0;0;0;0;0;3;0;0;0
"26/10/2024";"09:23:00";"135";"Com vítima";"184,000";"BR-116/RJ";"Crescente";"Engavetamento";1;0;0;0;0;1;0;0;0;0;2;1;0;0;0
"26/10/2024";"10:19:00";"146";"Sem vítima";"148,000";"BR-116/RJ";"Decrescente";"Colisão traseira";1;0;1;0;0;0;0;0;0;0;2;0;0;0;0
"26/10/2024";"11:06:00";"156";"Com vítima";"182,100";"BR-116/RJ";"Crescente";"Queda de moto";0;0;0;1;0;0;0;0;0;0;0;0;1;0;0
"26/10/2024";"12:29:00";"172";"Com vítima";"109,000";"BR-116/RJ";"Decrescente";"Queda de moto";0;0;0;1;0;0;0;0;0;0;0;1;0;0;0
"26/10/2024";"12:51:00";"177";"Com vítima";"177,000";"BR-116/RJ";"Decrescente";"Colisão traseira";1;0;0;0;0;1;0;0;0;0;1;1;0;0;0
"26/10/2024";"13:28:00";"181";"Com vítima";"413,000";"BR-116/MG";"Crescente";"Queda de bicicleta";0;1;0;1;0;0;0;0;0;0;0;1;0;0;0
"26/10/2024";"14:03:00";"189";"Sem vítima";"99,000";"BR-116/RJ";"Crescente";"Queda de moto";0;0;0;1;0;0;0;0;0;0;1;0;0;0;0
"26/10/2024";"15:03:00";"195";"Com vítima";"181,300";"BR-116/RJ";"Decrescente";"Colisão lateral no mesmo sentido";1;0;0;1;0;0;0;0;0;0;0;2;1;0;0
"26/10/2024";"15:14:00";"199";"Com vítima";"178,200";"BR-116/RJ";"Crescente";"Colisão lateral no mesmo sentido";2;0;0;0;0;0;0;0;0;0;0;2;0;0;0
"26/10/2024";"15:53:00";"208";"Sem vítima";"143,000";"BR-116/RJ";"Decrescente";"Colisão lateral no mesmo sentido";2;0;0;0;0;0;0;0;0;0;3;0;0;0;0
"26/10/2024";"17:54:00";"237";"Sem vítima";"118,000";"BR-116/RJ";"Crescente";"Colisão traseira";1;0;0;0;0;1;0;0;0;0;2;0;0;0;0
"26/10/2024";"18:03:00";"239";"Com vítima";"513,572";"BR-116/MG";"Crescente";"Atropelamento de animal";0;0;0;2;0;0;0;0;0;0;0;2;0;0;0
"26/10/2024";"18:09:00";"240";"Com vítima";"650,578";"BR-116/MG";"Decrescente";"Colisão transversal";1;0;0;1;0;0;0;0;0;0;2;0;0;1;0
"26/10/2024";"18:33:00";"245";"Sem vítima";"693,893";"BR-116/MG";"Decrescente";"Tombamento";0;0;0;0;0;0;0;0;0;1;1;0;0;0;0
"26/10/2024";"18:48:00";"250";"Com vítima";"0,392";"BR-493/RJ";"Decrescente";"Colisão frontal";0;0;0;1;0;1;0;0;0;0;2;0;1;0;0
"26/10/2024";"19:00:00";"253";"Sem vítima";"622,000";"BR-116/MG";"Decrescente";"Saída de pista";1;0;0;0;0;0;0;0;0;0;1;0;0;0;0
"26/10/2024";"20:53:00";"278";"Sem vítima";"775,483";"BR-116/MG";"Decrescente";"Capotamento";1;0;0;0;0;0;0;0;0;0;1;0;0;0;0
"27/10/2024";"00:05:00";"3";"Com vítima";"183,536";"BR-116/RJ";"Decrescente";"Choque";1;0;0;0;0;0;0;0;0;0;0;1;0;0;0
"27/10/2024";"01:16:00";"15";"Sem vítima";"519,000";"BR-116/MG";"Decrescente";"Choque";1;0;0;0;0;0;0;0;0;0;2;0;0;0;0
"27/10/2024";"06:32:00";"50";"Sem vítima";"84,000";"BR-116/RJ";"Decrescente";"Choque";1;0;0;0;0;0;0;0;0;0;1;0;0;0;0
"27/10/2024";"06:39:00";"52";"Sem vítima";"103,000";"BR-116/RJ";"Decrescente";"Choque";1;0;0;0;0;0;0;0;0;0;1;0;0;0;0
"27/10/2024";"07:40:00";"65";"Com vítima";"76,000";"BR-116/RJ";"Crescente";"Queda de moto";0;0;0;0;1;0;0;0;0;0;0;1;0;0;0
"27/10/2024";"08:53:00";"77";"Sem vítima";"184,000";"BR-116/RJ";"Crescente";"Queda de moto";0;0;0;1;0;0;0;0;0;0;2;0;0;0;0
"27/10/2024";"09:34:00";"85";"Com vítima";"85,000";"BR-116/RJ";"Decrescente";"Choque";1;0;0;0;0;0;0;0;0;0;0;1;0;0;0
"27/10/2024";"10:10:00";"93";"Com vítima";"534,511";"BR-116/MG";"Decrescente";"Tombamento";0;0;0;0;0;1;0;0;0;0;0;1;0;0;0
"27/10/2024";"11:37:00";"110";"Sem vítima";"693,000";"BR-116/MG";"Crescente";"Colisão traseira";2;0;0;0;0;0;0;0;0;0;5;0;0;0;0
"27/10/2024";"13:14:00";"123";"Com vítima";"530,000";"BR-116/MG";"Crescente";"Queda de moto";0;0;0;1;0;0;0;0;0;0;0;1;0;0;0
"27/10/2024";"16:44:00";"150";"Sem vítima";"528,000";"BR-116/MG";"Decrescente";"Colisão traseira";1;0;0;0;1;0;0;0;0;0;2;0;0;0;0
"27/10/2024";"17:20:00";"156";"Sem vítima";"529,000";"BR-116/MG";"Decrescente";"Colisão traseira";1;0;0;0;0;1;0;0;0;0;2;0;0;0;0
"27/10/2024";"18:06:00";"167";"Sem vítima";"116,296";"BR-116/RJ";"Crescente";"Atropelamento de animal";1;0;0;0;0;0;0;0;0;0;1;0;0;0;0
"27/10/2024";"18:24:00";"169";"Com vítima";"85,501";"BR-493/RJ";"Crescente";"Capotamento";1;0;0;0;0;0;0;0;0;0;0;0;1;0;0
"27/10/2024";"18:50:00";"174";"Sem vítima";"778,000";"BR-116/MG";"Decrescente";"Saída de pista";1;0;0;0;0;0;0;0;0;0;2;0;0;0;0
"27/10/2024";"18:53:00";"177";"Com vítima";"781,000";"BR-116/MG";"Decrescente";"Choque";1;0;0;0;0;0;0;0;0;0;0;0;1;0;0
"27/10/2024";"20:08:00";"197";"Sem vítima";"685,186";"BR-116/MG";"Crescente";"Choque";1;0;0;0;0;0;0;0;0;0;3;0;0;0;0
"27/10/2024";"20:36:00";"201";"Sem vítima";"103,500";"BR-116/RJ";"Crescente";"Choque";1;0;0;0;0;0;0;0;0;0;1;0;0;0;0
"27/10/2024";"21:45:00";"209";"Com vítima";"494,476";"BR-116/MG";"Crescente";"Colisão frontal";2;0;0;0;0;0;0;0;0;0;0;2;0;0;0
"28/10/2024";"01:21:00";"69";"Sem vítima";"108,857";"BR-116/RJ";"Decrescente";"Choque";1;0;0;0;0;0;0;0;0;0;2;0;0;0;0
"28/10/2024";"02:21:00";"72";"Com vítima";"175,389";"BR-116/RJ";"Crescente";"Colisão traseira";2;0;0;0;0;0;0;0;0;0;0;2;0;0;0
"28/10/2024";"06:16:00";"105";"Com vítima";"208,000";"BR-116/RJ";"Crescente";"Queda de moto";0;0;0;1;0;0;0;0;0;0;0;1;1;0;0
"28/10/2024";"06:21:00";"106";"Com vítima";"710,000";"BR-116/MG";"Decrescente";"Queda de moto";0;0;0;1;0;0;0;0;0;0;0;1;0;0;0
"28/10/2024";"06:27:00";"107";"Com vítima";"674,000";"BR-116/MG";"Crescente";"Choque";1;0;0;0;0;0;0;0;0;0;0;1;1;0;0
"28/10/2024";"08:50:00";"139";"Com vítima";"736,000";"BR-116/MG";"Crescente";"Colisão transversal";1;0;0;1;0;0;0;0;0;0;0;2;0;0;0
"28/10/2024";"09:58:00";"153";"Com vítima";"715,000";"BR-116/MG";"Decrescente";"Colisão lateral em sentido contrário";1;0;0;0;0;1;0;0;0;0;1;0;3;1;0
"28/10/2024";"12:54:00";"185";"Com vítima";"175,000";"BR-116/RJ";"Decrescente";"Colisão lateral no mesmo sentido";0;0;0;1;1;0;0;0;0;0;1;2;0;0;0
"28/10/2024";"14:01:00";"192";"Sem vítima";"750,193";"BR-116/MG";"Crescente";"Colisão traseira";1;0;0;0;0;0;0;0;0;1;2;0;0;0;0
"28/10/2024";"14:36:00";"199";"Com vítima";"185,000";"BR-116/RJ";"Decrescente";"Colisão traseira";1;0;0;1;0;0;0;0;0;0;0;1;2;0;0
"28/10/2024";"15:44:00";"209";"Com vítima";"120,700";"BR-116/RJ";"Crescente";"Atropelamento de ciclista";1;1;0;0;0;0;0;0;0;0;3;0;1;0;0
"28/10/2024";"18:52:00";"241";"Com vítima";"514,000";"BR-116/MG";"Decrescente";"Saída de pista";1;0;0;0;0;0;0;0;0;0;0;2;0;0;0
"29/10/2024";"07:21:00";"152";"Com vítima";"89,901";"BR-493/RJ";"Crescente";"Tombamento";0;0;1;0;0;0;0;0;0;0;0;0;2;0;0
"29/10/2024";"08:30:00";"166";"Com vítima";"731,800";"BR-116/MG";"Decrescente";"Queda de moto";0;0;0;1;0;0;0;0;0;0;0;0;1;0;0
"29/10/2024";"10:30:00";"189";"Sem vítima";"144,000";"BR-116/RJ";"Decrescente";"Engavetamento";5;0;0;0;0;0;0;0;0;0;6;0;0;0;0
"29/10/2024";"11:01:00";"193";"Com vítima";"17,000";"BR-493/RJ";"Crescente";"Colisão traseira";1;0;0;1;0;0;0;0;0;0;0;2;0;0;0
"29/10/2024";"14:04:00";"228";"Com vítima";"25,000";"BR-493/RJ";"Crescente";"Queda de moto";0;0;0;1;0;0;0;0;0;0;0;1;0;0;0
"29/10/2024";"14:28:00";"235";"Com vítima";"174,000";"BR-116/RJ";"Crescente";"Colisão lateral no mesmo sentido";1;0;0;1;0;0;0;0;0;0;1;0;1;0;0
"29/10/2024";"14:36:00";"237";"Com vítima";"190,000";"BR-116/RJ";"Crescente";"Colisão lateral no mesmo sentido";1;0;1;0;0;0;0;0;0;0;0;2;0;0;0
"29/10/2024";"15:04:00";"243";"Com vítima";"190,000";"BR-116/RJ";"Crescente";"Colisão traseira";2;0;0;0;0;0;0;0;0;0;0;5;0;0;0
"29/10/2024";"15:24:00";"249";"Sem vítima";"98,900";"BR-116/RJ";"Decrescente";"Colisão lateral em sentido contrário";1;0;0;0;0;1;0;0;0;0;3;0;0;0;0
"29/10/2024";"17:30:00";"263";"Sem vítima";"527,000";"BR-116/MG";"Decrescente";"Colisão lateral no mesmo sentido";2;0;0;0;0;0;0;0;0;0;2;0;0;0;0
"29/10/2024";"19:34:00";"289";"Sem vítima";"488,700";"BR-116/MG";"Decrescente";"Colisão lateral no mesmo sentido";1;0;1;0;0;0;0;0;0;0;4;0;0;0;0
"29/10/2024";"21:53:00";"312";"Sem vítima";"5,900";"BR-493/RJ";"Decrescente";"Saída de pista";1;0;0;0;0;0;0;0;0;0;1;0;0;0;0
"29/10/2024";"22:20:00";"318";"Sem vítima";"565,000";"BR-116/MG";"Crescente";"Tombamento";1;0;0;0;0;0;0;0;0;0;1;0;0;0;0
"29/10/2024";"22:41:00";"320";"Com vítima";"771,842";"BR-116/MG";"Crescente";"Colisão lateral em sentido contrário";1;0;0;1;0;0;0;0;0;0;0;2;0;0;0
"29/10/2024";"22:56:00";"322";"Com vítima";"649,427";"BR-116/MG";"Crescente";"Atropelamento de ciclista";0;1;0;0;1;0;0;0;0;0;0;1;0;0;1
"30/10/2024";"00:31:00";"28";"Com vítima";"144,000";"BR-116/RJ";"Decrescente";"Queda de moto";0;0;0;1;0;0;0;0;0;0;0;1;1;0;0
"30/10/2024";"00:54:00";"54";"Com vítima";"213,000";"BR-116/RJ";"Decrescente";"Atropelamento de ciclista";0;0;1;0;0;0;0;0;0;0;1;0;0;0;0
"30/10/2024";"05:45:00";"137";"Sem vítima";"186,000";"BR-116/RJ";"Decrescente";"Engavetamento";3;0;0;0;0;0;0;0;0;0;3;0;0;0;0
"30/10/2024";"06:13:00";"140";"Sem vítima";"21,100";"BR-493/RJ";"Decrescente";"Colisão traseira";0;0;0;0;0;2;0;0;0;0;2;0;0;0;0
"30/10/2024";"06:36:00";"143";"Com vítima";"196,000";"BR-116/RJ";"Decrescente";"Engavetamento";0;0;1;1;1;1;0;0;0;0;2;2;1;1;0
"30/10/2024";"08:56:00";"171";"Sem vítima";"174,000";"BR-116/RJ";"Decrescente";"Engavetamento";3;0;0;0;0;0;0;0;0;0;3;0;0;0;0
"30/10/2024";"09:52:00";"184";"Sem vítima";"108,000";"BR-116/RJ";"Decrescente";"Colisão lateral no mesmo sentido";0;0;2;0;0;0;0;0;0;0;2;0;0;0;0
"30/10/2024";"10:13:00";"193";"Com vítima";"177,000";"BR-116/RJ";"Decrescente";"Engavetamento";3;0;0;0;0;0;0;0;0;0;1;3;0;0;0
"30/10/2024";"16:35:00";"253";"Com vítima";"184,000";"BR-116/RJ";"Crescente";"Colisão traseira";0;0;1;1;0;0;0;0;0;0;1;0;1;0;0
"30/10/2024";"18:16:00";"271";"Sem vítima";"549,320";"BR-116/MG";"Crescente";"Colisão traseira";1;0;0;1;0;0;0;0;0;0;2;0;0;0;0
"31/10/2024";"03:10:00";"120";"Com vítima";"512,761";"BR-116/MG";"Crescente";"Queda de moto";0;0;0;1;0;0;0;0;0;0;0;1;0;0;0
"31/10/2024";"06:07:00";"130";"Com vítima";"62,800";"BR-116/RJ";"Crescente";"Queda de moto";0;0;0;1;0;0;0;0;0;0;0;1;0;0;0
"31/10/2024";"06:12:00";"129";"Com vítima";"179,000";"BR-116/RJ";"Decrescente";"Queda de moto";0;0;0;1;0;0;0;0;0;0;0;1;0;0;0
"31/10/2024";"06:14:00";"131";"Com vítima";"129,900";"BR-116/RJ";"Decrescente";"Choque";0;0;0;1;0;0;0;0;0;0;0;1;0;0;0
"31/10/2024";"07:19:00";"142";"Com vítima";"176,000";"BR-116/RJ";"Decrescente";"Queda de moto";0;0;0;1;0;0;0;0;0;0;0;2;0;0;0
"31/10/2024";"07:57:00";"151";"Sem vítima";"687,000";"BR-116/MG";"Decrescente";"Atropelamento de animal";1;0;0;0;0;0;0;0;0;0;1;0;0;0;0
"31/10/2024";"08:12:00";"153";"Sem vítima";"186,000";"BR-116/RJ";"Decrescente";"Colisão lateral no mesmo sentido";0;0;0;2;0;0;0;0;0;0;2;0;0;0;0
"31/10/2024";"09:15:00";"171";"Com vítima";"191,000";"BR-116/RJ";"Crescente";"Colisão traseira";1;0;0;0;0;0;0;0;0;0;0;1;0;0;0
"31/10/2024";"11:15:00";"193";"Sem vítima";"18,800";"BR-493/RJ";"Decrescente";"Colisão lateral no mesmo sentido";1;0;0;0;0;1;0;0;0;0;2;0;0;0;0
"31/10/2024";"11:50:00";"202";"Com vítima";"20,000";"BR-493/RJ";"Decrescente";"Colisão lateral em sentido contrário";1;0;0;1;0;0;0;0;0;0;1;1;0;0;0
"31/10/2024";"13:38:00";"219";"Com vítima";"146,000";"BR-116/RJ";"Crescente";"Queda de moto";0;0;0;1;0;0;0;0;0;0;0;1;0;0;0
"31/10/2024";"16:19:00";"243";"Com vítima";"656,420";"BR-116/MG";"Crescente";"Colisão transversal";1;0;1;0;0;0;0;0;0;0;3;1;0;0;0
"31/10/2024";"16:42:00";"248";"Com vítima";"193,000";"BR-116/RJ";"Decrescente";"Queda de moto";0;0;0;1;0;0;0;0;0;0;0;2;0;0;0
"31/10/2024";"16:46:00";"249";"Sem vítima";"657,500";"BR-116/MG";"Decrescente";"Colisão traseira";2;0;0;0;0;0;0;0;0;0;2;0;0;0;0
"31/10/2024";"17:49:00";"264";"Com vítima";"105,799";"BR-116/RJ";"Crescente";"Queda de moto";0;0;0;1;0;0;0;0;0;0;0;1;0;0;0
"31/10/2024";"18:36:00";"271";"Com vítima";"5,265";"BR-465/RJ";"Crescente";"Colisão lateral no mesmo sentido";1;0;0;1;0;0;0;0;0;0;0;2;0;0;0
"31/10/2024";"19:22:00";"284";"Sem vítima";"474,332";"BR-116/MG";"Decrescente";"Colisão transversal";2;0;0;0;0;0;0;0;0;0;3;0;0;0;0
"31/10/2024";"19:27:00";"287";"Com vítima";"13,863";"BR-465/RJ";"Decrescente";"Colisão traseira";1;0;0;1;0;0;0;0;0;0;0;2;0;0;0
"31/10/2024";"20:52:00";"308";"Sem vítima";"552,880";"BR-116/MG";"Decrescente";"Choque";1;0;0;0;0;0;0;0;0;0;2;0;0;0;0
"31/10/2024";"22:07:00";"319";"Com vítima";"20,351";"BR-493/RJ";"Decrescente";"Colisão transversal";1;0;0;0;0;0;0;0;0;1;1;0;0;1;0
"31/10/2024";"22:22:00";"321";"Com vítima";"536,468";"BR-116/MG";"Decrescente";"Colisão transversal";2;0;0;0;0;0;0;0;0;0;1;0;0;1;0
"01/11/2024";"05:45:00";"110";"Com vítima";"194,580";"BR-116/RJ";"Decrescente";"Choque";0;0;0;0;0;1;0;0;0;0;0;1;0;0;0
"01/11/2024";"06:24:00";"115";"Sem vítima";"170,000";"BR-116/RJ";"Decrescente";"Colisão lateral no mesmo sentido";1;0;0;1;0;0;0;0;0;0;2;0;0;0;0
"01/11/2024";"08:42:00";"144";"Com vítima";"15,830";"BR-465/RJ";"Decrescente";"Colisão lateral no mesmo sentido";1;0;0;1;0;0;0;0;0;0;0;3;0;0;0
"01/11/2024";"10:32:00";"157";"Com vítima";"199,000";"BR-116/RJ";"Decrescente";"Atropelamento de ciclista";1;1;0;0;0;0;0;0;0;0;0;3;0;0;0
"01/11/2024";"17:17:00";"228";"Sem vítima";"7,000";"BR-465/RJ";"Decrescente";"Colisão lateral no mesmo sentido";1;0;0;0;0;1;0;0;0;0;6;0;0;0;0
"01/11/2024";"18:48:00";"246";"Sem vítima";"171,500";"BR-116/RJ";"Crescente";"Colisão lateral no mesmo sentido";1;0;0;0;1;0;0;0;0;0;2;0;0;0;0
"01/11/2024";"19:16:00";"253";"Com vítima";"80,959";"BR-116/RJ";"Decrescente";"Colisão lateral no mesmo sentido";0;0;0;1;0;1;0;0;0;0;1;1;0;0;0
"01/11/2024";"19:23:00";"256";"Com vítima";"631,500";"BR-116/MG";"Crescente";"Colisão frontal";1;0;0;1;0;0;0;0;0;0;0;1;1;0;0
"01/11/2024";"20:34:00";"275";"Com vítima";"93,050";"BR-493/RJ";"Crescente";"Colisão lateral no mesmo sentido";0;0;0;0;0;0;0;0;0;2;0;3;0;0;0
"01/11/2024";"21:34:00";"292";"Sem vítima";"112,000";"BR-493/RJ";"Crescente";"Atropelamento de animal";1;0;0;0;0;0;0;0;0;0;1;0;0;0;0
"01/11/2024";"22:15:00";"303";"Sem vítima";"13,700";"BR-465/RJ";"Decrescente";"Colisão transversal";0;0;0;0;0;2;0;0;0;0;2;0;0;0;0
"02/11/2024";"09:52:00";"140";"Com vítima";"132,000";"BR-116/RJ";"Decrescente";"Queda de moto";0;0;0;1;0;0;0;0;0;0;0;2;0;0;0
"02/11/2024";"14:58:00";"189";"Com vítima";"77,000";"BR-116/RJ";"Crescente";"Queda de moto";0;0;0;1;0;0;0;0;0;0;0;1;0;0;0
"02/11/2024";"18:05:00";"222";"Sem vítima";"2,767";"BR-465/RJ";"Crescente";"Colisão frontal";2;0;0;0;0;0;0;0;0;0;2;0;0;0;0
"02/11/2024";"18:43:00";"232";"Com vítima";"674,000";"BR-116/MG";"Crescente";"Queda de moto";0;0;0;1;0;0;1;0;0;0;0;3;0;0;0
"02/11/2024";"19:05:00";"244";"Sem vítima";"659,000";"BR-116/MG";"Crescente";"Choque";1;0;0;0;0;0;0;0;0;0;1;0;0;0;0
"02/11/2024";"21:10:00";"268";"Com vítima";"6,631";"BR-493/RJ";"Decrescente";"Queda de moto";0;0;0;1;0;0;0;0;0;0;0;2;0;0;0
"02/11/2024";"21:54:00";"277";"Com vítima";"615,900";"BR-116/MG";"Decrescente";"Capotamento";1;0;0;0;0;0;0;0;0;0;0;1;0;0;0
"03/11/2024";"01:06:00";"51";"Com vítima";"189,956";"BR-116/RJ";"Decrescente";"Choque";1;0;0;0;0;0;0;0;0;0;0;1;0;0;0
"03/11/2024";"10:33:00";"99";"Com vítima";"105,000";"BR-116/RJ";"Crescente";"Queda de moto";0;0;0;1;0;0;0;0;0;0;0;0;1;0;0
"03/11/2024";"12:16:00";"118";"Com vítima";"14,050";"BR-465/RJ";"Crescente";"Atropelamento de ciclista";1;1;0;0;0;0;0;0;0;0;0;1;0;0;0
"03/11/2024";"14:21:00";"136";"Com vítima";"106,500";"BR-116/RJ";"Decrescente";"Colisão frontal";3;0;0;0;0;0;0;0;0;0;0;4;0;0;1
"03/11/2024";"14:38:00";"142";"Com vítima";"15,300";"BR-465/RJ";"Crescente";"Colisão traseira";0;0;0;2;0;0;0;0;0;0;0;1;1;0;0
"03/11/2024";"16:33:00";"168";"Sem vítima";"145,637";"BR-116/RJ";"Decrescente";"Choque";1;0;0;0;0;0;0;0;0;0;2;0;0;0;0
"03/11/2024";"16:42:00";"171";"Com vítima";"626,059";"BR-116/MG";"Crescente";"Choque";0;0;0;0;0;1;0;0;0;0;0;0;0;0;1
"03/11/2024";"17:23:00";"180";"Com vítima";"58,911";"BR-493/RJ";"Decrescente";"Queda de moto";0;0;0;1;0;0;0;0;0;0;0;1;0;0;1
"03/11/2024";"19:25:00";"195";"Com vítima";"14,000";"BR-465/RJ";"Crescente";"Queda de moto";0;0;0;1;0;0;0;0;0;0;0;0;1;0;0
"03/11/2024";"20:19:00";"210";"Sem vítima";"206,880";"BR-116/RJ";"Decrescente";"Saída de pista";1;0;0;0;0;0;0;0;0;0;1;0;0;0;0
"03/11/2024";"20:51:00";"214";"Com vítima";"2,000";"BR-493/RJ";"Decrescente";"Colisão lateral no mesmo sentido";1;0;0;0;0;0;0;0;0;1;0;2;0;0;0
"03/11/2024";"23:32:00";"236";"Com vítima";"138,486";"BR-116/RJ";"Decrescente";"Choque";1;0;0;0;0;0;0;0;0;0;2;7;1;0;0
"03/11/2024";"23:39:00";"239";"Com vítima";"20,000";"BR-493/RJ";"Crescente";"Colisão lateral no mesmo sentido";0;0;0;1;0;1;0;0;0;0;1;1;0;0;0
"04/11/2024";"00:50:00";"66";"Sem vítima";"533,284";"BR-116/MG";"Decrescente";"Choque";1;0;0;0;0;0;0;0;0;0;1;0;0;0;0
"04/11/2024";"05:04:00";"119";"Sem vítima";"106,865";"BR-493/RJ";"Crescente";"Tombamento";0;0;0;0;0;1;0;0;0;0;1;0;0;0;0
"04/11/2024";"05:42:00";"121";"Com vítima";"147,000";"BR-116/RJ";"Crescente";"Atropelamento de ciclista";1;1;0;0;0;0;0;0;0;0;1;0;0;0;0
"04/11/2024";"06:24:00";"123";"Com vítima";"144,000";"BR-116/RJ";"Crescente";"Queda de moto";0;0;0;1;0;0;0;0;0;0;0;2;0;0;0
"04/11/2024";"08:20:00";"149";"Com vítima";"181,000";"BR-116/RJ";"Crescente";"Colisão traseira";0;0;0;2;0;0;0;0;0;0;1;1;1;0;0
"04/11/2024";"09:26:00";"170";"Com vítima";"185,000";"BR-116/RJ";"Decrescente";"Colisão traseira";2;0;0;0;0;0;0;0;0;0;0;5;0;0;0
"04/11/2024";"11:22:00";"193";"Com vítima";"188,000";"BR-116/RJ";"Decrescente";"Colisão lateral no mesmo sentido";1;0;0;1;0;0;0;0;0;0;0;2;0;0;0
"04/11/2024";"11:24:00";"194";"Com vítima";"521,000";"BR-116/MG";"Decrescente";"Colisão lateral no mesmo sentido";1;0;0;1;0;0;0;0;0;0;1;2;0;0;0
"04/11/2024";"11:53:00";"202";"Sem vítima";"776,000";"BR-116/MG";"Decrescente";"Saída de pista";1;0;0;0;0;0;0;0;0;0;1;0;0;0;0
"04/11/2024";"12:02:00";"204";"Sem vítima";"578,000";"BR-116/MG";"Decrescente";"Colisão traseira";2;0;0;0;0;0;0;0;0;0;3;0;0;0;0
"04/11/2024";"15:37:00";"243";"Com vítima";"726,097";"BR-116/MG";"Crescente";"Colisão lateral em sentido contrário";1;0;1;0;0;0;0;0;0;0;1;1;0;0;0
"04/11/2024";"15:43:00";"244";"Sem vítima";"527,000";"BR-116/MG";"Decrescente";"Choque";1;0;0;0;0;0;0;0;0;0;1;0;0;0;0
"04/11/2024";"15:44:00";"245";"Com vítima";"178,000";"BR-116/RJ";"Crescente";"Choque";0;0;1;0;0;0;0;0;0;0;0;1;0;0;0
"04/11/2024";"16:12:00";"247";"Com vítima";"184,000";"BR-116/RJ";"Crescente";"Queda de moto";0;0;0;1;0;0;0;0;0;0;0;0;0;1;0
"04/11/2024";"17:12:00";"255";"Sem vítima";"91,400";"BR-116/RJ";"Decrescente";"Choque";1;0;0;0;0;0;0;0;0;0;1;0;0;0;0
"04/11/2024";"19:03:00";"280";"Com vítima";"1,000";"BR-465/RJ";"Crescente";"Atropelamento de pedestre";1;0;0;0;0;0;0;0;0;0;1;0;1;0;0
"04/11/2024";"19:48:00";"291";"Com vítima";"475,698";"BR-116/MG";"Crescente";"Queda de moto";0;0;0;1;0;0;0;0;0;0;0;1;0;0;0
"05/11/2024";"04:58:00";"120";"Com vítima";"176,200";"BR-116/RJ";"Crescente";"Choque";1;0;0;0;0;0;0;0;0;0;0;1;0;0;0
"05/11/2024";"07:13:00";"139";"Com vítima";"191,000";"BR-116/RJ";"Crescente";"Colisão lateral no mesmo sentido";1;0;1;0;0;0;0;0;0;0;0;2;0;0;0
"05/11/2024";"07:19:00";"140";"Sem vítima";"686,000";"BR-116/MG";"Crescente";"Choque";1;0;0;0;0;0;0;0;0;0;1;0;0;0;0
"05/11/2024";"08:25:00";"152";"Com vítima";"172,500";"BR-116/RJ";"Crescente";"Colisão lateral no mesmo sentido";1;0;0;1;0;0;0;0;0;0;0;3;0;0;0
"05/11/2024";"11:06:00";"188";"Sem vítima";"555,000";"BR-116/MG";"Crescente";"Saída de pista";1;0;0;0;0;0;0;0;0;0;1;0;0;0;0
"05/11/2024";"13:35:00";"226";"Sem vítima";"641,000";"BR-116/MG";"Decrescente";"Choque";1;0;0;0;0;0;0;0;0;0;1;0;0;0;0
"05/11/2024";"14:25:00";"232";"Com vítima";"81,834";"BR-493/RJ";"Decrescente";"Capotamento";1;0;0;0;0;0;0;0;0;0;0;1;0;0;0
"05/11/2024";"14:51:00";"236";"Com vítima";"469,000";"BR-116/MG";"Crescente";"Saída de pista";1;0;0;0;0;0;0;0;0;0;1;3;0;0;0
"05/11/2024";"16:13:00";"247";"Com vítima";"18,000";"BR-493/RJ";"Decrescente";"Colisão traseira";0;0;1;1;0;0;0;0;0;0;2;1;0;0;0
"05/11/2024";"16:31:00";"251";"Sem vítima";"764,724";"BR-116/MG";"Crescente";"Colisão transversal";2;0;0;0;0;0;0;0;0;0;3;0;0;0;0
"05/11/2024";"17:35:00";"267";"Com vítima";"172,500";"BR-116/RJ";"Crescente";"Queda de moto";0;0;0;1;0;0;0;0;0;0;0;1;0;0;0
"05/11/2024";"18:42:00";"278";"Com vítima";"41,900";"BR-116/RJ";"Crescente";"Atropelamento de pedestre";0;0;0;1;0;0;0;0;0;0;0;1;0;1;0
"05/11/2024";"18:55:00";"284";"Sem vítima";"454,218";"BR-116/MG";"Decrescente";"Atropelamento de animal";1;0;0;0;0;0;0;0;0;0;1;0;0;0;0