data;horario;n_da_ocorrencia;tipo_de_ocorrencia;km;trecho;sentido;tipo_de_acidente;automovel;bicicleta;caminhao;moto;onibus;outros;tracao_animal;transporte_de_cargas_especiais;trator_maquinas;utilitarios;ilesos;levemente_feridos;moderadamente_feridos;gravemente_feridos;mortos
"07/12/2024";"08:36:00";"147";"Com vítima";"145,100";"BR-116/RJ";"Crescente";"Atropelamento de ciclista";0;1;0;0;0;1;0;0;0;0;0;1;0;0;1
"07/12/2024";"09:51:00";"158";"Com vítima";"170,000";"BR-116/RJ";"Crescente";"Queda de moto";0;0;0;1;0;0;0;0;0;0;0;1;0;0;0
"07/12/2024";"11:41:00";"185";"Com vítima";"19,000";"BR-493/RJ";"Crescente";"Colisão traseira";1;0;0;1;0;0;0;0;0;0;1;1;0;0;0
"07/12/2024";"13:30:00";"211";"Com vítima";"5,000";"BR-465/RJ";"Decrescente";"Colisão traseira";1;0;0;1;0;0;0;0;0;0;1;2;0;0;0
"07/12/2024";"14:43:00";"228";"Com vítima";"585,000";"BR-116/MG";"Decrescente";"Colisão traseira";1;0;0;1;0;0;0;0;0;0;0;2;0;0;0
"07/12/2024";"15:52:00";"247";"Com vítima";"97,000";"BR-116/RJ";"Decrescente";"Tombamento";0;0;1;0;0;0;0;0;0;0;0;2;0;0;0
"07/12/2024";"16:26:00";"252";"Com vítima";"63,000";"BR-116/RJ";"Crescente";"Acidentes de outra natureza";1;0;0;0;0;0;0;0;0;0;0;3;0;0;0
"07/12/2024";"19:31:00";"288";"Sem vítima";"537,497";"BR-116/MG";"Decrescente";"Engavetamento";1;0;0;0;0;1;0;0;0;1;6;0;0;0;0
"07/12/2024";"19:48:00";"292";"Sem vítima";"108,188";"BR-116/RJ";"Decrescente";"Colisão transversal";2;0;0;0;0;0;0;0;0;0;5;0;0;0;0
"07/12/2024";"20:02:00";"301";"Com vítima";"181,451";"BR-116/RJ";"Decrescente";"Atropelamento de ciclista";0;1;0;0;0;1;0;0;0;0;1;0;0;0;0
"07/12/2024";"20:45:00";"305";"Sem vítima";"507,000";"BR-116/MG";"Decrescente";"Choque";1;0;0;0;0;0;0;0;0;0;1;0;0;0;0
"07/12/2024";"21:32:00";"312";"Sem vítima";"762,580";"BR-116/MG";"Crescente";"Colisão lateral no mesmo sentido";0;0;0;1;0;1;0;0;0;0;2;0;0;0;0
"08/12/2024";"00:25:00";"18";"Com vítima";"108,011";"BR-493/RJ";"Crescente";"Capotamento";1;0;0;0;0;0;0;0;0;0;0;0;1;0;0
"08/12/2024";"06:26:00";"49";"Com vítima";"210,000";"BR-116/RJ";"Decrescente";"Colisão lateral no mesmo sentido";2;0;0;0;0;0;0;0;0;0;0;2;0;0;0
"08/12/2024";"06:34:00";"52";"Com vítima";"530,000";"BR-116/MG";"Crescente";"Colisão lateral no mesmo sentido";2;0;0;0;0;0;0;0;0;0;2;2;0;0;0
"08/12/2024";"06:44:00";"53";"Sem vítima";"55,600";"BR-116/RJ";"Crescente";"Tombamento";0;0;1;0;0;0;0;0;0;0;1;0;0;0;0
"08/12/2024";"09:12:00";"81";"Com vítima";"463,000";"BR-116/MG";"Crescente";"Colisão traseira";0;0;1;1;0;0;0;0;0;0;1;0;1;0;0
"08/12/2024";"11:03:00";"105";"Com vítima";"178,000";"BR-116/RJ";"Crescente";"Choque";1;0;0;0;0;0;0;0;0;0;0;1;0;0;0
"08/12/2024";"12:14:00";"116";"Com vítima";"128,000";"BR-116/RJ";"Decrescente";"Queda de moto";0;0;0;1;0;0;0;0;0;0;0;1;0;0;0
"08/12/2024";"12:46:00";"125";"Com vítima";"184,000";"BR-116/RJ";"Decrescente";"Colisão traseira";1;0;0;1;0;0;0;0;0;0;0;3;0;0;0
"08/12/2024";"13:17:00";"126";"Com vítima";"210,000";"BR-116/RJ";"Decrescente";"Queda de moto";0;0;0;1;0;0;0;0;0;0;0;0;1;0;0
"08/12/2024";"15:06:00";"158";"Sem vítima";"134,000";"BR-116/RJ";"Decrescente";"Colisão traseira";2;0;0;0;0;0;0;0;0;0;2;0;0;0;0
"08/12/2024";"15:25:00";"164";"Sem vítima";"523,000";"BR-116/MG";"Decrescente";"Colisão traseira";2;0;0;0;0;0;0;0;0;0;2;0;0;0;0
"08/12/2024";"17:13:00";"193";"Com vítima";"14,000";"BR-465/RJ";"Crescente";"Colisão traseira";1;0;0;1;0;0;0;0;0;0;1;1;0;0;0
"08/12/2024";"17:36:00";"199";"Com vítima";"195,000";"BR-116/RJ";"Decrescente";"Queda de moto";0;0;0;1;0;0;0;0;0;0;0;1;0;0;0
"08/12/2024";"17:36:00";"200";"Com vítima";"182,000";"BR-116/RJ";"Crescente";"Queda de moto";0;0;0;1;0;0;0;0;0;0;0;1;0;0;0
"08/12/2024";"19:13:00";"229";"Com vítima";"114,600";"BR-116/RJ";"Decrescente";"Queda de moto";0;0;0;1;0;0;0;0;0;0;1;1;0;0;0
"08/12/2024";"21:31:00";"246";"Com vítima";"176,450";"BR-116/RJ";"Decrescente";"Choque";1;0;0;0;0;0;0;0;0;0;0;0;0;0;1
"08/12/2024";"21:38:00";"249";"Com vítima";"116,000";"BR-493/RJ";"Decrescente";"Capotamento";1;0;0;0;0;0;0;0;0;0;1;0;2;0;0
"08/12/2024";"22:33:00";"259";"Sem vítima";"117,819";"BR-116/RJ";"Decrescente";"Choque";1;0;0;0;0;0;0;0;0;0;4;0;0;0;0
"08/12/2024";"22:56:00";"262";"Sem vítima";"170,016";"BR-116/RJ";"Crescente";"Colisão lateral no mesmo sentido";2;0;0;0;0;0;0;0;0;0;2;0;0;0;0
"08/12/2024";"23:36:00";"272";"Sem vítima";"196,000";"BR-116/RJ";"Decrescente";"Colisão traseira";2;0;0;0;0;0;0;0;0;0;2;0;0;0;0
"09/12/2024";"00:09:00";"11";"Sem vítima";"148,000";"BR-116/RJ";"Crescente";"Choque";1;0;0;0;0;0;0;0;0;0;2;0;0;0;0
"09/12/2024";"05:32:00";"83";"Com vítima";"191,000";"BR-116/RJ";"Crescente";"Colisão lateral no mesmo sentido";2;0;0;0;0;0;0;0;0;0;0;4;0;0;0
"09/12/2024";"06:21:00";"89";"Com vítima";"144,000";"BR-116/RJ";"Crescente";"Engavetamento";4;0;0;0;0;0;0;0;0;0;0;6;0;0;0
"09/12/2024";"09:20:00";"136";"Com vítima";"195,800";"BR-116/RJ";"Decrescente";"Queda de moto";0;0;0;1;0;0;0;0;0;0;0;0;1;0;0
"09/12/2024";"09:46:00";"146";"Sem vítima";"138,000";"BR-116/RJ";"Crescente";"Colisão traseira";1;0;1;0;0;0;0;0;0;0;2;0;0;0;0
"09/12/2024";"10:12:00";"150";"Com vítima";"214,000";"BR-116/RJ";"Crescente";"Atropelamento de ciclista";1;1;0;0;0;0;0;0;0;0;1;0;0;0;0
"09/12/2024";"10:44:00";"158";"Com vítima";"214,000";"BR-116/RJ";"Crescente";"Choque";1;0;0;0;0;0;0;0;0;0;0;2;0;0;0
"09/12/2024";"11:04:00";"163";"Com vítima";"182,000";"BR-116/RJ";"Decrescente";"Queda de moto";0;0;0;1;0;0;0;0;0;0;0;1;0;0;0
"09/12/2024";"12:09:00";"174";"Com vítima";"130,000";"BR-116/RJ";"Decrescente";"Atropelamento de ciclista";0;1;1;0;0;0;0;0;0;0;1;0;1;0;0
"09/12/2024";"12:11:00";"175";"Com vítima";"186,000";"BR-116/RJ";"Decrescente";"Colisão traseira";1;0;0;1;0;0;0;0;0;0;0;3;0;0;0
"09/12/2024";"12:40:00";"187";"Com vítima";"22,000";"BR-465/RJ";"Decrescente";"Colisão transversal";1;0;0;1;0;0;0;0;0;0;0;1;1;0;0
"09/12/2024";"13:57:00";"197";"Sem vítima";"0,367";"BR-493/RJ";"Decrescente";"Colisão lateral em sentido contrário";1;0;0;0;0;1;0;0;0;0;3;0;0;0;0
"09/12/2024";"15:55:00";"220";"Com vítima";"187,000";"BR-116/RJ";"Decrescente";"Engavetamento";2;0;1;0;0;0;0;0;0;0;0;3;0;0;0
"09/12/2024";"16:33:00";"227";"Com vítima";"139,840";"BR-116/RJ";"Decrescente";"Atropelamento de pedestre";1;0;0;0;0;0;0;0;0;0;1;0;0;1;0
"09/12/2024";"19:09:00";"256";"Com vítima";"186,000";"BR-116/RJ";"Decrescente";"Engavetamento";5;0;0;0;0;0;0;0;0;0;5;1;0;0;0
"09/12/2024";"19:20:00";"261";"Sem vítima";"182,000";"BR-116/RJ";"Crescente";"Colisão traseira";1;0;0;1;0;0;0;0;0;0;2;0;0;0;0
"09/12/2024";"22:40:00";"301";"Com vítima";"96,000";"BR-493/RJ";"Crescente";"Choque";1;0;0;0;0;0;0;0;0;0;1;1;0;0;0
"09/12/2024";"23:09:00";"305";"Sem vítima";"762,000";"BR-116/MG";"Crescente";"Choque";1;0;0;0;0;0;0;0;0;0;1;0;0;0;0
"10/12/2024";"00:21:00";"24";"Sem vítima";"770,000";"BR-116/MG";"Crescente";"Choque";1;0;0;0;0;0;0;0;0;0;1;0;0;0;0
"10/12/2024";"05:05:00";"119";"Com vítima";"79,000";"BR-116/RJ";"Crescente";"Choque";0;0;1;0;0;0;0;0;0;0;0;0;1;0;0
"10/12/2024";"06:08:00";"122";"Com vítima";"147,000";"BR-116/RJ";"Decrescente";"Choque";0;0;0;0;1;0;0;0;0;0;0;0;1;0;0
"10/12/2024";"07:04:00";"124";"Com vítima";"184,000";"BR-116/RJ";"Decrescente";"Colisão lateral no mesmo sentido";1;0;0;0;0;1;0;0;0;0;1;1;0;0;0
"10/12/2024";"07:06:00";"125";"Com vítima";"92,000";"BR-116/RJ";"Crescente";"Choque";1;0;0;0;0;0;0;0;0;0;0;1;0;0;0
"10/12/2024";"07:35:00";"136";"Sem vítima";"144,000";"BR-116/RJ";"Crescente";"Colisão lateral no mesmo sentido";1;0;0;0;0;1;0;0;0;0;2;0;0;0;0
"10/12/2024";"07:35:00";"137";"Sem vítima";"171,000";"BR-116/RJ";"Decrescente";"Engavetamento";2;0;0;0;0;0;0;0;0;0;2;0;0;0;0
"10/12/2024";"08:21:00";"149";"Com vítima";"170,000";"BR-116/RJ";"Crescente";"Colisão traseira";0;0;0;1;1;0;0;0;0;0;2;1;0;0;0
"10/12/2024";"10:23:00";"175";"Com vítima";"196,000";"BR-116/RJ";"Decrescente";"Choque";0;0;1;0;0;0;0;0;0;0;0;2;0;0;0
"10/12/2024";"15:28:00";"227";"Com vítima";"621,000";"BR-116/MG";"Crescente";"Colisão traseira";1;0;0;1;0;0;0;0;0;0;1;1;0;0;0
"10/12/2024";"15:52:00";"230";"Sem vítima";"816,000";"BR-116/MG";"Decrescente";"Colisão lateral no mesmo sentido";1;0;0;0;0;1;0;0;0;0;2;0;0;0;0
"10/12/2024";"16:33:00";"242";"Sem vítima";"99,000";"BR-116/RJ";"Decrescente";"Choque";0;0;0;0;0;1;0;0;0;0;1;0;0;0;0
"10/12/2024";"16:53:00";"246";"Com vítima";"81,000";"BR-116/RJ";"Crescente";"Queda de moto";0;0;0;1;0;0;0;0;0;0;0;1;0;0;0
"10/12/2024";"20:29:00";"290";"Com vítima";"81,960";"BR-116/RJ";"Decrescente";"Atropelamento de pedestre";0;0;0;0;0;1;0;0;0;0;1;0;1;0;0
"10/12/2024";"20:32:00";"291";"Com vítima";"413,000";"BR-116/MG";"Decrescente";"Atropelamento de ciclista";0;1;0;1;0;0;0;0;0;0;0;1;0;0;0
"10/12/2024";"20:55:00";"296";"Sem vítima";"191,000";"BR-116/RJ";"Decrescente";"Choque";1;0;0;0;0;0;0;0;0;0;2;0;0;0;0
"10/12/2024";"21:14:00";"299";"Com vítima";"0,000";"BR-493/RJ";"Decrescente";"Colisão lateral em sentido contrário";1;0;0;1;0;0;0;0;0;0;0;1;1;0;0
"10/12/2024";"21:45:00";"302";"Com vítima";"7,718";"BR-493/RJ";"Crescente";"Colisão frontal";1;0;0;1;0;0;0;0;0;0;0;3;0;0;0
"11/12/2024";"01:10:00";"50";"Com vítima";"774,100";"BR-116/MG";"Decrescente";"Capotamento";1;0;0;0;0;0;0;0;0;0;0;0;1;0;2
"11/12/2024";"01:52:00";"53";"Sem vítima";"635,000";"BR-116/MG";"Decrescente";"Choque";0;0;0;0;0;1;0;0;0;0;1;0;0;0;0
"11/12/2024";"05:29:00";"101";"Sem vítima";"188,000";"BR-116/RJ";"Decrescente";"Engavetamento";2;0;1;0;0;0;0;0;0;0;3;0;0;0;0
"11/12/2024";"08:43:00";"152";"Sem vítima";"189,000";"BR-116/RJ";"Crescente";"Queda de moto";0;0;0;1;0;0;0;0;0;0;1;0;0;0;0
"11/12/2024";"11:31:00";"194";"Com vítima";"19,000";"BR-465/RJ";"Crescente";"Colisão traseira";0;0;0;1;0;1;0;0;0;0;1;1;1;0;0
"11/12/2024";"11:57:00";"202";"Sem vítima";"175,000";"BR-116/RJ";"Decrescente";"Colisão lateral no mesmo sentido";1;0;0;1;0;0;0;0;0;0;2;0;0;0;0
"11/12/2024";"11:58:00";"203";"Com vítima";"3,000";"BR-493/RJ";"Decrescente";"Tombamento";0;0;1;0;0;0;0;0;0;0;0;1;0;0;0
"11/12/2024";"14:22:00";"235";"Com vítima";"553,000";"BR-116/MG";"Decrescente";"Capotamento";1;0;0;0;0;0;0;0;0;0;0;2;1;0;0
"11/12/2024";"17:01:00";"271";"Com vítima";"592,000";"BR-116/MG";"Decrescente";"Capotamento";0;0;1;0;0;0;0;0;0;0;0;0;1;0;0
"11/12/2024";"18:00:00";"293";"Com vítima";"12,218";"BR-465/RJ";"Decrescente";"Colisão transversal";1;0;0;1;0;0;0;0;0;0;1;0;1;0;0
"11/12/2024";"18:17:00";"297";"Com vítima";"18,000";"BR-493/RJ";"Decrescente";"Colisão transversal";1;0;0;1;0;0;0;0;0;0;0;2;1;0;0
"11/12/2024";"19:06:00";"306";"Com vítima";"701,645";"BR-116/MG";"Decrescente";"Colisão transversal";1;0;0;1;0;0;0;0;0;0;0;1;0;2;0
"11/12/2024";"21:55:00";"327";"Sem vítima";"657,407";"BR-116/MG";"Decrescente";"Colisão lateral em sentido contrário";1;0;0;0;0;1;0;0;0;0;2;0;0;0;0
"11/12/2024";"22:33:00";"332";"Com vítima";"409,517";"BR-116/MG";"Crescente";"Colisão lateral no mesmo sentido";1;0;0;1;0;0;0;0;0;0;0;2;0;0;0
"11/12/2024";"23:12:00";"342";"Sem vítima";"413,188";"BR-116/MG";"Crescente";"Choque";1;0;0;0;0;0;0;0;0;0;1;0;0;0;0
"12/12/2024";"05:49:00";"135";"Sem vítima";"171,000";"BR-116/RJ";"Decrescente";"Colisão traseira";1;0;0;0;0;1;0;0;0;0;2;0;0;0;0
"12/12/2024";"06:14:00";"140";"Sem vítima";"6,000";"BR-493/RJ";"Decrescente";"Colisão transversal";2;0;0;0;0;0;0;0;0;0;3;0;0;0;0
"12/12/2024";"06:43:00";"147";"Com vítima";"176,000";"BR-116/RJ";"Decrescente";"Colisão lateral no mesmo sentido";1;0;0;1;0;0;0;0;0;0;1;1;0;0;0
"12/12/2024";"07:36:00";"159";"Com vítima";"172,000";"BR-116/RJ";"Decrescente";"Colisão lateral no mesmo sentido";0;0;1;1;1;0;0;0;0;0;3;1;0;0;0
"12/12/2024";"08:08:00";"168";"Sem vítima";"184,000";"BR-116/RJ";"Crescente";"Colisão traseira";2;0;0;0;0;0;0;0;0;0;2;0;0;0;0
"12/12/2024";"08:47:00";"182";"Sem vítima";"424,000";"BR-116/MG";"Crescente";"Colisão traseira";1;0;0;0;0;0;0;0;1;0;2;0;0;0;0
"12/12/2024";"09:35:00";"193";"Com vítima";"181,000";"BR-116/RJ";"Crescente";"Engavetamento";2;0;0;0;0;0;0;0;0;1;0;4;1;0;0
"12/12/2024";"11:07:00";"215";"Com vítima";"413,380";"BR-116/MG";"Decrescente";"Colisão lateral em sentido contrário";0;0;0;2;0;0;0;0;0;0;1;1;0;0;0
"12/12/2024";"12:11:00";"231";"Com vítima";"170,000";"BR-116/RJ";"Decrescente";"Choque";1;0;0;0;0;0;0;0;0;0;0;2;0;0;0
"12/12/2024";"12:24:00";"235";"Com vítima";"21,800";"BR-465/RJ";"Decrescente";"Colisão lateral no mesmo sentido";1;0;0;1;0;0;0;0;0;0;1;1;1;0;0
"12/12/2024";"14:43:00";"270";"Com vítima";"131,000";"BR-116/RJ";"Decrescente";"Queda de moto";0;0;0;1;0;0;0;0;0;0;0;1;0;0;0
"12/12/2024";"17:12:00";"300";"Sem vítima";"789,752";"BR-116/MG";"Decrescente";"Choque";0;0;0;0;0;1;0;0;0;0;2;0;0;0;0
"12/12/2024";"19:12:00";"324";"Com vítima";"13,000";"BR-465/RJ";"Crescente";"Atropelamento de pedestre";1;0;0;0;0;0;0;0;0;0;1;1;0;0;0
"12/12/2024";"23:44:00";"366";"Sem vítima";"175,000";"BR-116/RJ";"Crescente";"Colisão lateral no mesmo sentido";1;0;0;0;0;1;0;0;0;0;4;0;0;0;0
"13/12/2024";"03:43:00";"114";"Com vítima";"176,000";"BR-116/RJ";"Crescente";"Atropelamento de pedestre";0;0;0;0;0;1;0;0;0;0;1;0;0;0;1
"13/12/2024";"05:48:00";"121";"Com vítima";"197,000";"BR-116/RJ";"Crescente";"Queda de moto";0;0;0;1;0;0;0;0;0;0;0;1;1;0;0
"13/12/2024";"09:39:00";"162";"Sem vítima";"192,500";"BR-116/RJ";"Decrescente";"Colisão traseira";1;0;0;0;0;0;0;0;0;1;2;0;0;0;0
"13/12/2024";"10:11:00";"168";"Sem vítima";"527,000";"BR-116/MG";"Decrescente";"Colisão traseira";1;0;0;1;0;0;0;0;0;0;2;0;0;0;0
"13/12/2024";"12:07:00";"190";"Com vítima";"1,000";"BR-493/RJ";"Decrescente";"Colisão transversal";2;0;0;0;0;0;0;0;0;0;3;1;0;0;0
"13/12/2024";"12:25:00";"197";"Com vítima";"23,023";"BR-493/RJ";"Decrescente";"Choque";1;0;0;0;0;1;0;0;0;0;3;1;0;0;0
"13/12/2024";"13:42:00";"212";"Com vítima";"547,980";"BR-116/MG";"Crescente";"Choque";0;0;1;0;0;0;0;0;0;0;0;1;0;0;0
"13/12/2024";"15:38:00";"236";"Sem vítima";"5,300";"BR-465/RJ";"Decrescente";"Colisão lateral no mesmo sentido";1;0;0;0;0;0;0;0;0;0;1;0;0;0;0
"13/12/2024";"15:53:00";"238";"Sem vítima";"6,000";"BR-465/RJ";"Decrescente";"Colisão transversal";2;0;0;0;0;0;0;0;0;0;2;0;0;0;0
"13/12/2024";"16:38:00";"252";"Com vítima";"189,000";"BR-116/RJ";"Decrescente";"Colisão lateral no mesmo sentido";0;0;0;1;0;0;0;0;0;1;1;1;0;0;0
"13/12/2024";"16:58:00";"251";"Sem vítima";"212,900";"BR-116/RJ";"Crescente";"Colisão traseira";1;1;0;0;0;0;0;0;0;0;1;0;0;0;0
"13/12/2024";"17:23:00";"260";"Com vítima";"82,000";"BR-116/RJ";"Decrescente";"Choque";1;0;0;0;0;0;0;0;0;0;0;0;1;0;0
"13/12/2024";"18:10:00";"267";"Sem vítima";"765,000";"BR-116/MG";"Crescente";"Colisão transversal";2;0;0;0;0;0;0;0;0;0;2;0;0;0;0
"13/12/2024";"18:55:00";"280";"Sem vítima";"74,000";"BR-116/RJ";"Crescente";"Colisão transversal";1;0;0;0;0;1;0;0;0;0;2;0;0;0;0
"13/12/2024";"19:01:00";"281";"Com vítima";"3,900";"BR-493/RJ";"Decrescente";"Colisão transversal";1;0;0;1;0;0;0;0;0;0;2;0;1;0;0
"13/12/2024";"20:21:00";"300";"Sem vítima";"3,000";"BR-493/RJ";"Decrescente";"Colisão lateral no mesmo sentido";1;0;0;1;0;0;0;0;0;0;2;0;0;0;0
"13/12/2024";"20:23:00";"301";"Com vítima";"82,000";"BR-116/RJ";"Decrescente";"Atropelamento de pedestre";0;0;0;1;0;0;0;0;0;0;0;1;1;0;0
"13/12/2024";"21:08:00";"315";"Com vítima";"490,000";"BR-116/MG";"Crescente";"Choque";1;0;0;0;0;0;0;0;0;0;0;0;1;0;0
"13/12/2024";"22:24:00";"327";"Com vítima";"23,463";"BR-493/RJ";"Decrescente";"Colisão frontal";0;1;0;1;0;0;0;0;0;0;1;0;0;0;0
"14/12/2024";"03:20:00";"77";"Sem vítima";"546,200";"BR-116/MG";"Crescente";"Colisão lateral em sentido contrário";1;0;0;0;0;1;0;0;0;0;3;0;0;0;0
"14/12/2024";"04:35:00";"111";"Sem vítima";"7,000";"BR-465/RJ";"Decrescente";"Acidentes de outra natureza";1;0;0;0;0;0;0;0;0;0;1;0;0;0;0
"14/12/2024";"09:08:00";"151";"Com vítima";"0,500";"BR-493/RJ";"Decrescente";"Queda de moto";1;0;0;1;0;0;0;0;0;0;1;2;0;0;0
"14/12/2024";"10:26:00";"171";"Com vítima";"176,000";"BR-116/RJ";"Decrescente";"Colisão traseira";1;0;0;1;0;0;0;0;0;0;1;1;0;0;0
"14/12/2024";"11:36:00";"184";"Com vítima";"211,700";"BR-116/RJ";"Decrescente";"Tombamento";0;0;0;0;0;1;0;0;0;0;0;0;1;0;0
"14/12/2024";"13:45:00";"213";"Com vítima";"146,125";"BR-116/RJ";"Decrescente";"Colisão lateral no mesmo sentido";0;0;0;1;1;0;0;0;0;0;1;1;0;0;0
"14/12/2024";"16:00:00";"245";"Sem vítima";"147,050";"BR-116/RJ";"Crescente";"Choque";1;0;0;0;0;0;0;0;0;0;1;0;0;0;0
"14/12/2024";"16:44:00";"257";"Com vítima";"578,000";"BR-116/MG";"Crescente";"Colisão frontal";0;0;0;1;0;1;0;0;0;0;1;0;1;0;0
"14/12/2024";"17:21:00";"264";"Com vítima";"3,020";"BR-116/RJ";"Crescente";"Queda de moto";0;0;0;1;0;0;0;0;0;0;0;0;1;0;0
"14/12/2024";"17:54:00";"269";"Com vítima";"809,983";"BR-116/MG";"Decrescente";"Capotamento";1;0;0;0;0;0;0;0;0;0;0;0;0;0;1
"14/12/2024";"18:52:00";"282";"Com vítima";"27,000";"BR-116/RJ";"Crescente";"Choque";1;0;0;0;0;0;0;0;0;0;0;2;0;0;0
"14/12/2024";"19:35:00";"313";"Sem vítima";"477,130";"BR-116/MG";"Decrescente";"Colisão traseira";1;0;0;0;1;0;0;0;0;0;2;0;0;0;0
"14/12/2024";"19:49:00";"295";"Com vítima";"202,000";"BR-116/RJ";"Decrescente";"Queda de moto";0;0;0;1;0;0;0;0;0;0;0;2;0;0;0
"15/12/2024";"00:27:00";"13";"Sem vítima";"605,000";"BR-116/MG";"Crescente";"Acidentes de outra natureza";1;0;0;0;0;0;0;0;0;0;1;0;0;0;0
"15/12/2024";"01:05:00";"19";"Com vítima";"195,800";"BR-116/RJ";"Decrescente";"Choque";1;0;0;0;0;0;0;0;0;0;0;1;0;0;0
"15/12/2024";"04:52:00";"43";"Sem vítima";"96,800";"BR-493/RJ";"Decrescente";"Choque";1;0;0;0;0;1;0;0;0;0;2;0;0;0;0
"15/12/2024";"06:19:00";"50";"Sem vítima";"95,000";"BR-116/RJ";"Decrescente";"Choque";1;0;0;0;0;0;0;0;0;0;1;0;0;0;0
"15/12/2024";"06:50:00";"58";"Com vítima";"80,000";"BR-116/RJ";"Crescente";"Queda de moto";0;0;0;1;0;0;0;0;0;0;0;1;0;0;0
"15/12/2024";"06:58:00";"59";"Sem vítima";"0,000";"BR-493/RJ";"Crescente";"Colisão lateral no mesmo sentido";0;0;0;0;0;1;0;0;0;1;2;0;0;0;0
"15/12/2024";"07:55:00";"66";"Sem vítima";"29,800";"BR-116/RJ";"Crescente";"Choque";1;0;0;0;0;0;0;0;0;0;2;0;0;0;0
"15/12/2024";"08:05:00";"67";"Com vítima";"99,000";"BR-116/RJ";"Crescente";"Queda de moto";0;0;0;1;0;0;0;0;0;0;0;2;0;0;0
"15/12/2024";"09:05:00";"77";"Sem vítima";"148,000";"BR-116/RJ";"Decrescente";"Choque";1;0;0;0;0;0;0;0;0;0;1;0;0;0;0
"15/12/2024";"10:09:00";"94";"Sem vítima";"125,000";"BR-116/RJ";"Crescente";"Colisão lateral no mesmo sentido";2;0;1;0;0;0;0;0;0;0;4;0;0;0;0
"15/12/2024";"10:21:00";"99";"Com vítima";"1,500";"BR-465/RJ";"Decrescente";"Colisão frontal";2;0;0;0;0;0;0;0;0;0;3;1;0;0;0
"15/12/2024";"10:26:00";"101";"Com vítima";"525,000";"BR-116/MG";"Decrescente";"Atropelamento de pedestre";1;0;0;0;0;0;0;0;0;0;0;2;1;0;0
"15/12/2024";"11:12:00";"111";"Com vítima";"1,000";"BR-493/RJ";"Crescente";"Colisão lateral no mesmo sentido";1;0;0;1;0;0;0;0;0;0;1;2;0;0;0
"15/12/2024";"11:30:00";"115";"Com vítima";"169,850";"BR-116/RJ";"Crescente";"Choque";0;0;0;0;0;1;0;0;0;0;0;1;0;0;0
"15/12/2024";"15:33:00";"170";"Com vítima";"569,000";"BR-116/MG";"Decrescente";"Queda de moto";0;0;0;1;0;0;0;0;0;0;0;2;0;0;0
"15/12/2024";"16:06:00";"178";"Com vítima";"172,000";"BR-116/RJ";"Decrescente";"Colisão traseira";1;0;0;1;0;0;0;0;0;0;1;1;0;0;0
"15/12/2024";"16:38:00";"189";"Com vítima";"19,000";"BR-493/RJ";"Decrescente";"Colisão frontal";1;0;0;1;0;0;0;0;0;0;2;1;0;0;0
"15/12/2024";"17:41:00";"203";"Com vítima";"17,665";"BR-465/RJ";"Crescente";"Colisão transversal";1;0;0;1;0;0;0;0;0;0;3;0;1;0;0
"15/12/2024";"18:14:00";"208";"Sem vítima";"559,000";"BR-116/MG";"Crescente";"Choque";1;0;0;0;0;0;0;0;0;0;2;0;0;0;0
"15/12/2024";"18:16:00";"209";"Com vítima";"139,000";"BR-116/RJ";"Decrescente";"Colisão traseira";1;0;0;0;0;1;0;0;0;0;4;0;0;1;0
"15/12/2024";"19:45:00";"235";"Sem vítima";"486,660";"BR-116/MG";"Decrescente";"Choque";1;0;0;0;0;0;0;0;0;0;1;0;0;0;0
"15/12/2024";"21:15:00";"250";"Com vítima";"188,000";"BR-116/RJ";"Crescente";"Colisão lateral no mesmo sentido";2;0;0;0;0;0;0;0;0;0;1;4;0;0;0
"15/12/2024";"21:37:00";"254";"Com vítima";"2,000";"BR-493/RJ";"Crescente";"Colisão lateral no mesmo sentido";0;0;0;1;0;1;0;0;0;0;1;1;0;0;0
"15/12/2024";"21:45:00";"256";"Com vítima";"82,000";"BR-116/RJ";"Decrescente";"Atropelamento de pedestre";0;0;0;1;0;0;0;0;0;0;0;3;0;0;0
"15/12/2024";"21:49:00";"258";"Sem vítima";"147,000";"BR-116/RJ";"Decrescente";"Colisão lateral no mesmo sentido";1;0;0;0;0;1;0;0;0;0;2;0;0;0;0
"15/12/2024";"22:16:00";"263";"Com vítima";"617,903";"BR-116/MG";"Crescente";"Atropelamento de animal";1;0;0;0;0;0;0;0;0;0;0;0;0;1;0
"15/12/2024";"22:56:00";"269";"Sem vítima";"471,720";"BR-116/MG";"Decrescente";"Colisão lateral em sentido contrário";2;0;0;0;0;0;0;0;0;0;3;0;0;0;0