data;horario;n_da_ocorrencia;tipo_de_ocorrencia;km;trecho;sentido;tipo_de_acidente;automovel;bicicleta;caminhao;moto;onibus;outros;tracao_animal;transporte_de_cargas_especiais;trator_maquinas;utilitarios;ilesos;levemente_feridos;moderadamente_feridos;gravemente_feridos;mortos
"04/01/2025";"21:11:00";"246";"Sem vítima";"667,000";"BR-116/MG";"Decrescente";"Capotamento";1;0;0;0;0;0;0;0;0;0;1;0;0;0;0
"04/01/2025";"23:20:00";"262";"Com vítima";"66,400";"BR-493/RJ";"Crescente";"Atropelamento de pedestre";0;0;0;0;1;0;0;0;0;0;0;47;0;0;1
"05/01/2025";"07:38:00";"88";"Com vítima";"30,290";"BR-116/RJ";"Decrescente";"Choque";1;0;0;0;0;0;0;0;0;0;0;1;0;0;0
"05/01/2025";"09:23:00";"110";"Com vítima";"101,923";"BR-116/RJ";"Decrescente";"Choque";0;0;0;1;0;0;0;0;0;0;0;1;0;0;0
"05/01/2025";"10:37:00";"127";"Sem vítima";"55,498";"BR-493/RJ";"Crescente";"Choque";1;0;0;0;0;0;0;0;0;0;1;0;0;0;0
"05/01/2025";"11:25:00";"138";"Com vítima";"103,348";"BR-116/RJ";"Crescente";"Queda de moto";0;0;0;1;0;0;0;0;0;0;0;1;0;0;0
"05/01/2025";"14:33:00";"176";"Sem vítima";"774,000";"BR-116/MG";"Crescente";"Colisão frontal";2;0;0;0;0;0;0;0;0;0;7;0;0;0;0
"05/01/2025";"18:16:00";"208";"Com vítima";"196,000";"BR-116/RJ";"Decrescente";"Colisão lateral no mesmo sentido";1;0;0;1;0;0;0;0;0;0;1;1;0;0;0
"05/01/2025";"19:11:00";"215";"Com vítima";"6,000";"BR-465/RJ";"Crescente";"Atropelamento de pedestre";0;0;0;1;0;0;0;0;0;0;1;1;0;0;0
"05/01/2025";"20:04:00";"219";"Com vítima";"498,000";"BR-116/MG";"Decrescente";"Colisão frontal";2;0;0;0;0;0;0;0;0;0;0;3;0;1;0
"05/01/2025";"20:11:00";"221";"Com vítima";"777,000";"BR-116/MG";"Decrescente";"Choque";1;0;0;0;0;0;0;0;0;0;0;4;0;0;0
"05/01/2025";"20:12:00";"222";"Com vítima";"445,000";"BR-116/MG";"Decrescente";"Atropelamento de pedestre";1;0;0;0;0;0;0;0;0;0;0;1;0;0;1
"06/01/2025";"00:19:00";"5";"Com vítima";"178,000";"BR-116/RJ";"Crescente";"Queda de moto";0;0;0;1;0;0;0;0;0;0;0;1;0;0;0
"06/01/2025";"01:16:00";"76";"Com vítima";"171,000";"BR-116/RJ";"Crescente";"Colisão lateral no mesmo sentido";2;0;0;0;0;0;0;0;0;0;1;3;0;0;0
"06/01/2025";"06:50:00";"101";"Sem vítima";"146,753";"BR-116/RJ";"Crescente";"Engavetamento";4;0;0;0;0;1;0;0;0;0;11;0;0;0;0
"06/01/2025";"06:59:00";"102";"Sem vítima";"146,701";"BR-116/RJ";"Crescente";"Colisão lateral no mesmo sentido";1;0;0;0;0;1;0;0;0;0;2;0;0;0;0
"06/01/2025";"07:27:00";"110";"Com vítima";"411,000";"BR-116/MG";"Decrescente";"Atropelamento de ciclista";1;1;0;0;0;0;0;0;0;0;0;1;1;0;0
"06/01/2025";"12:09:00";"188";"Sem vítima";"764,846";"BR-116/MG";"Crescente";"Colisão lateral no mesmo sentido";2;0;0;0;0;0;0;0;0;0;6;0;0;0;0
"06/01/2025";"12:15:00";"191";"Sem vítima";"497,952";"BR-116/MG";"Crescente";"Colisão transversal";2;0;0;0;0;0;0;0;0;0;5;0;0;0;0
"06/01/2025";"13:04:00";"203";"Com vítima";"117,800";"BR-493/RJ";"Decrescente";"Colisão traseira";1;0;0;1;0;0;0;0;0;0;1;0;1;0;0
"06/01/2025";"13:42:00";"210";"Com vítima";"519,000";"BR-116/MG";"Decrescente";"Queda de moto";0;0;0;1;0;0;0;0;0;0;0;1;1;0;0
"06/01/2025";"14:27:00";"224";"Com vítima";"480,597";"BR-116/MG";"Crescente";"Colisão traseira";0;0;1;0;0;1;0;0;0;0;2;0;1;0;0
"06/01/2025";"16:04:00";"243";"Sem vítima";"146,175";"BR-116/RJ";"Crescente";"Colisão lateral no mesmo sentido";1;0;0;0;1;0;0;0;0;0;3;0;0;0;0
"06/01/2025";"16:29:00";"254";"Com vítima";"192,609";"BR-116/RJ";"Decrescente";"Engavetamento";3;0;0;0;0;0;0;0;0;0;1;4;0;0;0
"06/01/2025";"16:49:00";"257";"Sem vítima";"554,000";"BR-116/MG";"Decrescente";"Choque";1;0;0;0;0;0;0;0;0;0;1;0;0;0;0
"06/01/2025";"16:57:00";"261";"Com vítima";"178,988";"BR-116/RJ";"Crescente";"Colisão traseira";0;0;0;2;0;1;0;0;0;0;0;2;0;1;0
"06/01/2025";"17:56:00";"273";"Com vítima";"703,000";"BR-116/MG";"Crescente";"Colisão frontal";1;0;0;1;0;0;0;0;0;0;0;1;1;0;0
"07/01/2025";"04:57:00";"114";"Com vítima";"12,000";"BR-465/RJ";"Crescente";"Queda de moto";0;0;0;1;0;0;0;0;0;0;0;1;0;0;0
"07/01/2025";"07:52:00";"140";"Sem vítima";"8,000";"BR-465/RJ";"Crescente";"Engavetamento";3;0;0;0;0;0;0;0;0;0;3;0;0;0;0
"07/01/2025";"10:29:00";"186";"Sem vítima";"506,477";"BR-116/MG";"Crescente";"Colisão transversal";2;0;0;0;0;0;0;0;0;0;2;0;0;0;0
"07/01/2025";"10:56:00";"188";"Com vítima";"192,700";"BR-116/RJ";"Crescente";"Colisão traseira";1;0;1;0;0;0;0;0;0;0;0;2;0;0;0
"07/01/2025";"13:10:00";"212";"Com vítima";"20,000";"BR-493/RJ";"Crescente";"Colisão lateral no mesmo sentido";1;0;0;1;0;0;0;0;0;0;1;1;0;0;0
"07/01/2025";"18:26:00";"277";"Com vítima";"689,000";"BR-116/MG";"Crescente";"Queda de moto";0;0;0;1;0;0;0;0;0;0;0;1;0;0;0
"07/01/2025";"19:07:00";"286";"Com vítima";"98,000";"BR-116/RJ";"Decrescente";"Queda de moto";0;0;0;1;0;0;0;0;0;0;0;1;0;0;0
"07/01/2025";"20:34:00";"307";"Sem vítima";"173,000";"BR-116/RJ";"Crescente";"Choque";1;0;0;0;0;0;0;0;0;0;2;0;0;0;0
"07/01/2025";"21:01:00";"311";"Sem vítima";"97,000";"BR-493/RJ";"Decrescente";"Choque";1;0;0;0;0;0;0;0;0;0;1;0;0;0;0
"07/01/2025";"21:27:00";"318";"Sem vítima";"182,000";"BR-116/RJ";"Crescente";"Choque";1;0;0;0;0;1;0;0;0;0;2;0;0;0;0
"07/01/2025";"22:35:00";"328";"Com vítima";"794,000";"BR-116/MG";"Decrescente";"Choque";0;0;1;0;0;0;0;0;0;0;0;0;1;0;0
"08/01/2025";"00:39:00";"47";"Com vítima";"124,000";"BR-116/RJ";"Decrescente";"Saída de pista";1;0;0;0;0;0;0;0;0;0;0;1;0;0;0
"08/01/2025";"05:39:00";"128";"Com vítima";"453,490";"BR-116/MG";"Decrescente";"Tombamento";0;0;1;0;0;0;0;0;0;0;0;0;1;0;0
"08/01/2025";"05:45:00";"130";"Sem vítima";"145,788";"BR-116/RJ";"Crescente";"Choque";1;0;0;0;0;0;0;0;0;0;3;0;0;0;0
"08/01/2025";"08:22:00";"153";"Com vítima";"494,138";"BR-116/MG";"Crescente";"Colisão lateral em sentido contrário";0;0;0;0;0;2;0;0;0;0;1;0;1;0;0
"08/01/2025";"10:02:00";"181";"Com vítima";"129,000";"BR-116/RJ";"Crescente";"Queda de moto";0;0;0;1;0;0;0;0;0;0;0;2;0;0;0
"08/01/2025";"10:28:00";"190";"Sem vítima";"469,000";"BR-116/MG";"Decrescente";"Colisão traseira";2;0;0;0;0;0;0;0;0;0;2;0;0;0;0
"08/01/2025";"11:37:00";"199";"Com vítima";"174,310";"BR-116/RJ";"Decrescente";"Queda de moto";0;0;0;1;0;0;0;0;0;0;0;2;0;0;0
"08/01/2025";"14:28:00";"235";"Sem vítima";"6,000";"BR-493/RJ";"Decrescente";"Colisão transversal";0;0;0;0;0;2;0;0;0;0;2;0;0;0;0
"08/01/2025";"15:09:00";"244";"Com vítima";"702,775";"BR-116/MG";"Decrescente";"Atropelamento de pedestre";1;0;0;0;0;0;0;0;0;0;1;0;1;1;0
"08/01/2025";"15:11:00";"245";"Com vítima";"195,641";"BR-116/RJ";"Crescente";"Colisão traseira";1;0;1;0;0;0;0;0;0;0;1;3;0;0;0
"08/01/2025";"15:29:00";"251";"Sem vítima";"185,000";"BR-116/RJ";"Crescente";"Colisão traseira";1;0;1;0;0;0;0;0;0;0;4;0;0;0;0
"08/01/2025";"16:27:00";"263";"Com vítima";"98,000";"BR-116/RJ";"Decrescente";"Colisão lateral em sentido contrário";2;0;1;0;0;0;0;0;0;0;1;2;1;0;0
"08/01/2025";"16:29:00";"264";"Sem vítima";"506,000";"BR-116/MG";"Decrescente";"Saída de pista";1;0;0;0;0;0;0;0;0;0;2;0;0;0;0
"08/01/2025";"16:36:00";"267";"Sem vítima";"193,900";"BR-116/RJ";"Crescente";"Colisão traseira";2;0;0;0;0;0;0;0;0;0;2;0;0;0;0
"08/01/2025";"17:10:00";"274";"Sem vítima";"14,500";"BR-465/RJ";"Decrescente";"Colisão traseira";1;0;0;0;0;0;0;0;0;1;2;0;0;0;0
"08/01/2025";"21:44:00";"312";"Sem vítima";"675,000";"BR-116/MG";"Decrescente";"Saída de pista";1;0;0;0;0;0;0;0;0;0;1;0;0;0;0
"08/01/2025";"21:58:00";"315";"Com vítima";"203,000";"BR-116/RJ";"Crescente";"Atropelamento de animal";2;0;0;0;0;0;0;0;0;0;1;2;0;0;0
"08/01/2025";"22:25:00";"319";"Com vítima";"169,000";"BR-116/RJ";"Decrescente";"Queda de moto";0;0;0;1;0;0;0;0;0;0;0;1;0;0;0
"08/01/2025";"23:08:00";"321";"Com vítima";"0,500";"BR-493/RJ";"Crescente";"Colisão lateral em sentido contrário";0;0;0;1;0;1;0;0;0;0;1;0;0;0;1
"08/01/2025";"23:08:00";"322";"Sem vítima";"736,780";"BR-116/MG";"Decrescente";"Saída de pista";1;0;0;0;0;0;0;0;0;0;3;0;0;0;0
"09/01/2025";"03:30:00";"107";"Com vítima";"58,000";"BR-493/RJ";"Decrescente";"Tombamento";0;0;0;0;0;1;0;0;0;0;0;1;0;0;0
"09/01/2025";"04:38:00";"109";"Com vítima";"173,114";"BR-116/RJ";"Decrescente";"Atropelamento de animal";0;0;0;0;0;1;0;0;0;0;1;0;0;0;1
"09/01/2025";"07:31:00";"134";"Com vítima";"674,522";"BR-116/MG";"Decrescente";"Queda de moto";0;0;0;1;0;0;0;0;0;0;0;1;0;0;0
"09/01/2025";"08:32:00";"145";"Com vítima";"204,527";"BR-116/RJ";"Decrescente";"Choque";0;0;1;0;1;0;0;0;0;0;43;1;0;0;0
"09/01/2025";"08:58:00";"150";"Sem vítima";"533,602";"BR-116/MG";"Decrescente";"Colisão frontal";2;0;0;0;0;0;0;0;0;0;2;0;0;0;0
"09/01/2025";"09:32:00";"159";"Sem vítima";"206,600";"BR-116/RJ";"Crescente";"Saída de pista";1;0;0;0;0;0;0;0;0;0;1;0;0;0;0
"09/01/2025";"09:51:00";"167";"Com vítima";"177,807";"BR-116/RJ";"Decrescente";"Colisão traseira";0;0;0;2;0;0;0;0;0;0;0;2;0;0;0
"09/01/2025";"11:15:00";"187";"Com vítima";"172,019";"BR-116/RJ";"Crescente";"Choque";0;0;0;0;0;2;0;0;0;0;2;1;0;0;0
"09/01/2025";"16:05:00";"228";"Sem vítima";"105,000";"BR-116/RJ";"Decrescente";"Choque";0;0;0;0;0;0;0;0;0;1;2;0;0;0;0
"09/01/2025";"16:34:00";"230";"Com vítima";"171,917";"BR-116/RJ";"Crescente";"Colisão lateral no mesmo sentido";1;0;0;1;0;0;0;0;0;0;2;0;1;0;0
"09/01/2025";"17:02:00";"234";"Sem vítima";"39,000";"BR-116/RJ";"Decrescente";"Tombamento";0;0;1;0;0;0;0;0;0;0;2;0;0;0;0
"09/01/2025";"17:33:00";"241";"Com vítima";"89,000";"BR-493/RJ";"Decrescente";"Colisão traseira";1;0;0;0;0;1;0;0;0;0;1;1;0;0;0
"10/01/2025";"01:35:00";"120";"Sem vítima";"507,000";"BR-116/MG";"Decrescente";"Choque";1;0;0;0;0;0;0;0;0;0;1;0;0;0;0
"10/01/2025";"07:28:00";"137";"Com vítima";"22,162";"BR-465/RJ";"Decrescente";"Colisão traseira";0;0;0;1;1;0;0;0;0;0;1;1;0;0;0
"10/01/2025";"08:20:00";"143";"Sem vítima";"22,432";"BR-465/RJ";"Decrescente";"Engavetamento";2;0;0;0;0;1;0;0;0;0;3;0;0;0;0
"10/01/2025";"10:15:00";"166";"Com vítima";"58,000";"BR-493/RJ";"Decrescente";"Colisão traseira";1;0;0;0;0;0;0;0;0;1;1;2;0;0;0
"10/01/2025";"14:40:00";"216";"Sem vítima";"187,000";"BR-116/RJ";"Decrescente";"Colisão traseira";1;0;0;1;0;0;0;0;0;0;2;0;0;0;0
"10/01/2025";"16:24:00";"243";"Com vítima";"511,130";"BR-116/MG";"Decrescente";"Choque";1;0;0;0;0;0;0;0;0;0;0;2;1;0;0
"10/01/2025";"17:47:00";"255";"Com vítima";"508,000";"BR-116/MG";"Crescente";"Colisão transversal";0;0;0;2;0;0;0;0;0;0;0;3;0;0;0
"10/01/2025";"21:24:00";"293";"Com vítima";"69,000";"BR-493/RJ";"Decrescente";"Capotamento";1;0;0;0;0;0;0;0;0;0;0;1;0;0;0
"10/01/2025";"22:58:00";"313";"Com vítima";"61,000";"BR-493/RJ";"Crescente";"Atropelamento de animal";1;0;0;0;0;0;0;0;0;0;0;2;0;0;0
"10/01/2025";"22:58:00";"314";"Com vítima";"658,517";"BR-116/MG";"Crescente";"Choque";0;0;1;0;0;0;0;0;0;0;0;2;0;0;0
"11/01/2025";"00:42:00";"25";"Com vítima";"108,000";"BR-116/RJ";"Decrescente";"Colisão transversal";2;0;0;0;0;0;0;0;0;0;1;3;0;0;0
"11/01/2025";"04:41:00";"111";"Com vítima";"193,970";"BR-116/RJ";"Crescente";"Choque";1;0;0;0;0;0;0;0;0;0;0;1;0;0;0
"11/01/2025";"06:29:00";"118";"Sem vítima";"610,940";"BR-116/MG";"Decrescente";"Saída de pista";1;0;0;0;0;0;0;0;0;0;2;0;0;0;0
"11/01/2025";"06:58:00";"125";"Com vítima";"0,680";"BR-493/RJ";"Decrescente";"Atropelamento de pedestre";0;0;0;1;0;0;0;0;0;0;1;1;0;0;0
"11/01/2025";"07:41:00";"127";"Com vítima";"528,000";"BR-116/MG";"Decrescente";"Colisão lateral no mesmo sentido";1;0;0;1;0;0;0;0;0;0;3;1;0;0;0
"11/01/2025";"09:00:00";"138";"Sem vítima";"183,500";"BR-116/RJ";"Crescente";"Engavetamento";3;0;0;0;0;0;0;0;0;0;9;0;0;0;0
"11/01/2025";"12:23:00";"180";"Com vítima";"72,211";"BR-493/RJ";"Crescente";"Capotamento";1;0;0;0;0;0;0;0;0;0;0;0;1;0;0
"11/01/2025";"14:07:00";"204";"Com vítima";"524,000";"BR-116/MG";"Crescente";"Colisão traseira";0;0;0;1;0;1;0;0;0;0;1;1;0;0;0
"11/01/2025";"16:25:00";"231";"Sem vítima";"465,000";"BR-116/MG";"Decrescente";"Choque";0;0;1;0;0;0;0;0;0;0;2;0;0;0;0
"11/01/2025";"20:28:00";"264";"Com vítima";"614,500";"BR-116/MG";"Crescente";"Saída de pista";1;0;0;0;0;0;0;0;0;0;0;1;0;0;0
"11/01/2025";"21:07:00";"271";"Com vítima";"147,000";"BR-116/RJ";"Decrescente";"Colisão frontal";1;0;0;1;0;0;0;0;0;0;3;0;1;0;0
"12/01/2025";"00:10:00";"6";"Com vítima";"17,000";"BR-465/RJ";"Crescente";"Colisão transversal";1;0;0;0;0;1;0;0;0;0;0;2;0;0;0
"12/01/2025";"01:03:00";"30";"Sem vítima";"12,300";"BR-493/RJ";"Decrescente";"Atropelamento de animal";1;0;0;0;0;0;0;0;0;0;1;0;0;0;0
"12/01/2025";"01:54:00";"40";"Com vítima";"146,000";"BR-116/RJ";"Decrescente";"Capotamento";1;0;0;0;0;0;0;0;0;0;0;3;0;0;0
"12/01/2025";"03:21:00";"54";"Com vítima";"52,000";"BR-493/RJ";"Crescente";"Choque";1;0;0;0;0;0;0;0;0;0;2;1;0;0;0
"12/01/2025";"04:48:00";"62";"Com vítima";"40,115";"BR-116/RJ";"Crescente";"Choque";1;0;0;0;0;0;0;0;0;0;1;1;0;0;0
"12/01/2025";"06:17:00";"69";"Com vítima";"414,000";"BR-116/MG";"Decrescente";"Colisão transversal";0;0;0;1;0;1;0;0;0;0;1;0;2;0;0
"12/01/2025";"12:21:00";"124";"Com vítima";"62,389";"BR-116/RJ";"Crescente";"Capotamento";1;0;0;0;0;0;0;0;0;0;0;0;1;0;0
"12/01/2025";"14:14:00";"136";"Sem vítima";"99,000";"BR-116/RJ";"Crescente";"Choque";1;0;0;0;0;0;0;0;0;0;2;0;0;0;0
"12/01/2025";"15:34:00";"151";"Com vítima";"118,000";"BR-116/RJ";"Crescente";"Saída de pista";1;0;0;0;0;0;0;0;0;0;0;3;0;0;0
"12/01/2025";"16:49:00";"166";"Com vítima";"423,000";"BR-116/MG";"Decrescente";"Queda de moto";0;0;0;1;0;0;0;0;0;0;0;0;1;0;0
"12/01/2025";"19:00:00";"188";"Sem vítima";"186,500";"BR-116/RJ";"Decrescente";"Engavetamento";3;0;0;0;0;0;0;0;0;0;7;0;0;0;0
"12/01/2025";"19:02:00";"189";"Sem vítima";"98,000";"BR-116/RJ";"Decrescente";"Choque";1;0;0;0;0;0;0;0;0;0;1;0;0;0;0
"12/01/2025";"19:19:00";"196";"Sem vítima";"665,000";"BR-116/MG";"Crescente";"Atropelamento de animal";0;0;0;0;0;0;0;0;0;1;2;0;0;0;0
"12/01/2025";"19:38:00";"198";"Com vítima";"761,000";"BR-116/MG";"Crescente";"Queda de moto";0;0;0;1;0;0;0;0;0;0;0;0;0;1;0
"12/01/2025";"19:51:00";"200";"Sem vítima";"102,000";"BR-116/RJ";"Decrescente";"Choque";1;0;0;0;0;0;0;0;0;0;6;0;0;0;0
"12/01/2025";"20:44:00";"206";"Sem vítima";"137,000";"BR-116/RJ";"Decrescente";"Atropelamento de animal";1;0;0;0;0;0;0;0;0;0;1;0;0;0;0
"13/01/2025";"03:37:00";"105";"Com vítima";"63,000";"BR-493/RJ";"Crescente";"Choque";1;0;0;0;0;0;0;0;0;0;0;3;0;0;0
"13/01/2025";"04:18:00";"108";"Com vítima";"141,800";"BR-116/RJ";"Crescente";"Choque";1;0;0;0;0;0;0;0;0;0;0;1;0;0;0
"13/01/2025";"08:45:00";"158";"Com vítima";"412,640";"BR-116/MG";"Crescente";"Queda de moto";0;0;0;1;0;0;0;0;0;0;0;1;0;0;0
"13/01/2025";"09:56:00";"177";"Com vítima";"21,959";"BR-493/RJ";"Decrescente";"Colisão lateral em sentido contrário";1;0;0;1;0;0;0;0;0;0;1;1;0;0;0
"13/01/2025";"12:17:00";"202";"Sem vítima";"169,500";"BR-116/RJ";"Decrescente";"Colisão traseira";2;0;0;0;0;0;0;0;0;0;2;0;0;0;0
"13/01/2025";"14:47:00";"228";"Sem vítima";"188,468";"BR-116/RJ";"Decrescente";"Colisão traseira";1;0;0;0;0;0;0;0;0;0;2;0;0;0;0
"14/01/2025";"00:52:00";"95";"Com vítima";"212,900";"BR-116/RJ";"Decrescente";"Atropelamento de animal";1;0;0;0;0;0;0;0;0;0;2;0;0;0;0
"14/01/2025";"06:49:00";"128";"Com vítima";"12,759";"BR-465/RJ";"Crescente";"Queda de moto";1;0;0;1;0;0;0;0;0;0;1;1;0;0;0
"14/01/2025";"07:14:00";"132";"Sem vítima";"188,800";"BR-116/RJ";"Crescente";"Colisão traseira";1;0;0;0;0;1;0;0;0;0;2;0;0;0;0
"14/01/2025";"07:30:00";"137";"Sem vítima";"174,000";"BR-116/RJ";"Decrescente";"Queda de moto";0;0;0;1;0;0;0;0;0;0;1;0;0;0;0
"14/01/2025";"08:42:00";"157";"Com vítima";"781,000";"BR-116/MG";"Decrescente";"Capotamento";1;0;0;0;0;0;0;0;0;0;0;1;2;0;0
"14/01/2025";"09:56:00";"177";"Com vítima";"637,829";"BR-116/MG";"Crescente";"Colisão frontal";1;0;0;1;0;0;0;0;0;0;0;3;1;0;0
"14/01/2025";"10:04:00";"180";"Com vítima";"170,640";"BR-116/RJ";"Crescente";"Colisão lateral no mesmo sentido";0;0;0;1;1;0;0;0;0;0;1;1;0;0;0
"14/01/2025";"12:27:00";"208";"Com vítima";"200,514";"BR-116/RJ";"Crescente";"Engavetamento";2;0;0;1;0;0;0;0;0;0;2;0;1;0;0
"14/01/2025";"12:38:00";"210";"Com vítima";"187,358";"BR-116/RJ";"Crescente";"Queda de moto";0;0;0;1;0;0;0;0;0;0;0;2;0;0;0
"14/01/2025";"13:34:00";"222";"Sem vítima";"477,370";"BR-116/MG";"Crescente";"Colisão lateral em sentido contrário";0;0;0;2;0;0;0;0;0;0;2;0;0;0;0
"14/01/2025";"17:11:00";"258";"Sem vítima";"9,000";"BR-493/RJ";"Crescente";"Colisão lateral em sentido contrário";0;0;1;0;0;0;0;0;0;1;4;0;0;0;0
"14/01/2025";"19:19:00";"280";"Sem vítima";"5,700";"BR-465/RJ";"Crescente";"Colisão traseira";0;0;1;0;0;0;0;0;0;1;4;0;0;0;0
"14/01/2025";"21:00:00";"288";"Com vítima";"141,000";"BR-116/RJ";"Crescente";"Colisão frontal";1;0;0;1;0;0;0;0;0;0;3;1;0;0;0
"14/01/2025";"21:11:00";"290";"Com vítima";"146,000";"BR-116/RJ";"Decrescente";"Atropelamento de pedestre";1;0;0;0;0;0;0;0;0;0;1;0;1;0;0
"14/01/2025";"23:18:00";"299";"Sem vítima";"177,500";"BR-116/RJ";"Crescente";"Engavetamento";4;0;0;0;0;0;0;0;0;0;5;0;0;0;0
"15/01/2025";"03:11:00";"129";"Com vítima";"184,000";"BR-116/RJ";"Crescente";"Colisão traseira";0;0;0;1;0;1;0;0;0;0;1;0;0;1;0
"15/01/2025";"05:15:00";"133";"Sem vítima";"173,000";"BR-116/RJ";"Decrescente";"Colisão transversal";1;0;0;0;0;1;0;0;0;0;2;0;0;0;0
"15/01/2025";"08:44:00";"161";"Com vítima";"21,500";"BR-493/RJ";"Decrescente";"Colisão lateral no mesmo sentido";1;0;0;0;0;0;0;0;0;1;3;2;0;0;0
"15/01/2025";"09:30:00";"169";"Com vítima";"177,500";"BR-116/RJ";"Decrescente";"Colisão lateral no mesmo sentido";0;0;1;0;1;0;0;0;0;0;2;1;0;0;0
"15/01/2025";"17:02:00";"245";"Com vítima";"25,000";"BR-493/RJ";"Decrescente";"Colisão traseira";1;0;0;1;0;0;0;0;0;0;1;1;0;0;0
"15/01/2025";"17:47:00";"251";"Com vítima";"700,000";"BR-116/MG";"Decrescente";"Colisão transversal";1;0;0;1;0;0;0;0;0;0;1;0;1;0;0
"15/01/2025";"19:35:00";"270";"Sem vítima";"67,800";"BR-493/RJ";"Crescente";"Saída de pista";1;0;0;0;0;0;0;0;0;0;1;0;0;0;0
"15/01/2025";"19:40:00";"271";"Com vítima";"702,000";"BR-116/MG";"Crescente";"Colisão transversal";0;0;1;1;0;0;0;0;0;0;1;1;0;0;0
"15/01/2025";"19:42:00";"272";"Sem vítima";"664,000";"BR-116/MG";"Decrescente";"Atropelamento de animal";1;0;0;0;0;0;0;0;0;0;1;0;0;0;0
"15/01/2025";"20:44:00";"279";"Com vítima";"182,000";"BR-116/RJ";"Crescente";"Colisão lateral no mesmo sentido";2;0;0;1;0;0;0;0;0;0;6;1;0;0;0
"15/01/2025";"22:06:00";"287";"Com vítima";"113,000";"BR-493/RJ";"Crescente";"Saída de pista";1;0;0;0;0;0;0;0;0;0;0;4;0;0;0
"16/01/2025";"09:47:00";"149";"Com vítima";"84,000";"BR-116/RJ";"Decrescente";"Colisão lateral em sentido contrário";2;0;0;0;0;0;0;0;0;0;5;1;0;0;0
"16/01/2025";"12:29:00";"186";"Sem vítima";"173,000";"BR-116/RJ";"Decrescente";"Colisão lateral no mesmo sentido";1;0;0;0;0;1;0;0;0;0;2;0;0;0;0
"16/01/2025";"13:25:00";"202";"Sem vítima";"71,255";"BR-493/RJ";"Crescente";"Choque";1;0;0;0;0;0;0;0;0;0;2;0;0;0;0
"16/01/2025";"13:59:00";"209";"Com vítima";"173,800";"BR-116/RJ";"Crescente";"Queda de moto";0;0;0;1;0;0;0;0;0;0;0;1;0;0;0
"16/01/2025";"16:13:00";"228";"Com vítima";"185,000";"BR-116/RJ";"Decrescente";"Colisão traseira";1;0;0;1;0;0;0;0;0;0;3;1;0;0;0
"16/01/2025";"17:54:00";"249";"Com vítima";"137,000";"BR-116/RJ";"Crescente";"Colisão lateral no mesmo sentido";0;0;0;2;0;0;0;0;0;0;1;0;1;0;0
"16/01/2025";"20:40:00";"279";"Sem vítima";"182,300";"BR-116/RJ";"Crescente";"Colisão traseira";2;0;0;0;0;0;0;0;0;0;2;0;0;0;0
"16/01/2025";"22:44:00";"298";"Com vítima";"14,000";"BR-465/RJ";"Decrescente";"Colisão frontal";1;0;0;1;0;0;0;0;0;0;1;2;0;0;0
"16/01/2025";"23:00:00";"300";"Com vítima";"700,000";"BR-116/MG";"Decrescente";"Colisão transversal";1;0;0;1;0;0;0;0;0;0;1;1;0;0;0
"17/01/2025";"00:53:00";"61";"Com vítima";"12,900";"BR-465/RJ";"Decrescente";"Atropelamento de ciclista";1;1;0;0;0;0;0;0;0;0;1;0;0;0;0
"17/01/2025";"02:09:00";"126";"Sem vítima";"183,000";"BR-116/RJ";"Decrescente";"Colisão traseira";2;0;0;0;0;0;0;0;0;0;2;0;0;0;0
"17/01/2025";"07:52:00";"172";"Com vítima";"3,000";"BR-465/RJ";"Crescente";"Atropelamento de ciclista";1;1;0;0;0;0;0;0;0;0;1;0;0;0;0
"17/01/2025";"08:27:00";"180";"Com vítima";"174,289";"BR-116/RJ";"Decrescente";"Colisão lateral no mesmo sentido";1;0;0;1;0;0;0;0;0;0;2;1;0;0;0
"17/01/2025";"09:48:00";"207";"Sem vítima";"58,899";"BR-493/RJ";"Crescente";"Tombamento";0;0;0;0;0;1;0;0;0;0;1;0;0;0;0
"17/01/2025";"10:07:00";"212";"Com vítima";"513,466";"BR-116/MG";"Crescente";"Queda de moto";0;0;0;1;0;0;0;0;0;0;0;1;0;1;0
"17/01/2025";"12:27:00";"247";"Com vítima";"533,384";"BR-116/MG";"Decrescente";"Choque";1;0;0;0;0;0;0;0;0;0;1;1;0;0;0
"17/01/2025";"13:59:00";"273";"Com vítima";"186,304";"BR-116/RJ";"Decrescente";"Colisão traseira";1;0;0;1;0;0;0;0;0;0;2;0;1;0;0
"17/01/2025";"14:24:00";"285";"Com vítima";"721,597";"BR-116/MG";"Decrescente";"Colisão traseira";1;0;0;0;0;1;0;0;0;0;2;0;2;0;0