data;horario;n_da_ocorrencia;tipo_de_ocorrencia;km;trecho;sentido;tipo_de_acidente;automovel;bicicleta;caminhao;moto;onibus;outros;tracao_animal;transporte_de_cargas_especiais;trator_maquinas;utilitarios;ilesos;levemente_feridos;moderadamente_feridos;gravemente_feridos;mortos
"28/01/2025";"21:55:00";"296";"Com vítima";"187,300";"BR-116/RJ";"Crescente";"Atropelamento de pedestre";0;0;0;0;0;1;0;0;0;0;1;0;0;0;1
"29/01/2025";"02:43:00";"99";"Com vítima";"547,000";"BR-116/MG";"Crescente";"Capotamento";1;0;0;0;0;0;0;0;0;0;0;0;1;0;0
"29/01/2025";"06:21:00";"107";"Sem vítima";"135,000";"BR-116/RJ";"Crescente";"Colisão lateral no mesmo sentido";1;0;0;0;1;0;0;0;0;0;2;0;0;0;0
"29/01/2025";"08:10:00";"128";"Com vítima";"170,622";"BR-116/RJ";"Decrescente";"Engavetamento";0;0;1;2;0;1;0;0;0;0;3;0;0;0;1
"29/01/2025";"11:09:00";"179";"Com vítima";"181,000";"BR-116/RJ";"Crescente";"Colisão lateral no mesmo sentido";1;0;0;1;0;0;0;0;0;0;1;2;0;0;0
"29/01/2025";"11:12:00";"180";"Com vítima";"199,000";"BR-116/RJ";"Crescente";"Queda de moto";0;0;0;1;0;0;0;0;0;0;0;0;2;0;0
"29/01/2025";"11:55:00";"194";"Com vítima";"187,716";"BR-116/RJ";"Decrescente";"Engavetamento";3;0;0;0;0;3;0;0;0;0;6;0;2;0;1
"29/01/2025";"13:23:00";"208";"Sem vítima";"58,000";"BR-493/RJ";"Decrescente";"Saída de pista";0;0;0;0;0;0;0;0;0;1;1;0;0;0;0
"29/01/2025";"13:48:00";"211";"Com vítima";"585,414";"BR-116/MG";"Crescente";"Acidentes de outra natureza";1;0;0;0;0;0;0;0;0;0;0;0;1;0;0
"29/01/2025";"17:28:00";"259";"Com vítima";"94,000";"BR-116/RJ";"Decrescente";"Queda de moto";0;0;0;1;0;0;0;0;0;0;0;0;1;0;0
"29/01/2025";"19:31:00";"284";"Sem vítima";"169,000";"BR-116/RJ";"Decrescente";"Colisão transversal";1;0;1;0;0;0;0;0;0;0;2;0;0;0;0
"29/01/2025";"23:20:00";"321";"Com vítima";"191,000";"BR-116/RJ";"Decrescente";"Queda de moto";0;0;0;1;0;0;0;0;0;0;0;0;1;0;0
"30/01/2025";"00:23:00";"64";"Com vítima";"89,830";"BR-493/RJ";"Crescente";"Capotamento";0;0;0;0;0;1;0;0;0;0;0;0;1;0;0
"30/01/2025";"04:08:00";"107";"Sem vítima";"539,705";"BR-116/MG";"Crescente";"Choque";1;0;0;0;0;0;0;0;0;0;1;0;0;0;0
"30/01/2025";"08:20:00";"137";"Com vítima";"556,000";"BR-116/MG";"Decrescente";"Choque";1;0;0;0;0;0;0;0;0;0;0;1;0;0;0
"30/01/2025";"12:15:00";"183";"Sem vítima";"183,800";"BR-116/RJ";"Crescente";"Engavetamento";2;0;0;0;1;0;0;0;0;0;3;0;0;0;0
"30/01/2025";"14:37:00";"211";"Com vítima";"179,700";"BR-116/RJ";"Crescente";"Colisão lateral no mesmo sentido";1;0;0;1;0;0;0;0;0;0;2;1;0;0;0
"30/01/2025";"14:50:00";"213";"Sem vítima";"527,610";"BR-116/MG";"Crescente";"Colisão lateral no mesmo sentido";1;0;0;1;0;0;0;0;0;0;2;0;0;0;0
"30/01/2025";"15:42:00";"222";"Com vítima";"634,586";"BR-116/MG";"Decrescente";"Colisão frontal";1;0;0;1;0;0;0;0;0;0;1;0;0;0;1
"30/01/2025";"16:37:00";"236";"Com vítima";"698,216";"BR-116/MG";"Decrescente";"Colisão lateral em sentido contrário";0;0;0;0;0;2;0;0;0;0;0;1;1;0;0
"30/01/2025";"16:43:00";"237";"Com vítima";"606,304";"BR-116/MG";"Crescente";"Queda de moto";0;0;0;1;0;0;0;0;0;0;0;0;0;1;0
"30/01/2025";"17:08:00";"241";"Com vítima";"555,173";"BR-116/MG";"Crescente";"Tombamento";0;0;0;0;0;1;0;0;0;0;0;0;0;1;0
"30/01/2025";"17:48:00";"248";"Com vítima";"0,800";"BR-493/RJ";"Crescente";"Colisão lateral em sentido contrário";2;0;0;1;0;0;0;0;0;0;3;0;1;0;0
"30/01/2025";"19:03:00";"262";"Sem vítima";"0,800";"BR-493/RJ";"Decrescente";"Colisão lateral no mesmo sentido";1;0;1;0;0;0;0;0;0;0;2;0;0;0;0
"30/01/2025";"19:22:00";"265";"Sem vítima";"755,000";"BR-116/MG";"Crescente";"Colisão traseira";1;0;0;0;0;1;0;0;0;0;2;0;0;0;0
"30/01/2025";"19:48:00";"267";"Sem vítima";"759,000";"BR-116/MG";"Decrescente";"Queda de moto";0;0;0;1;0;0;0;0;0;0;1;0;0;0;0
"31/01/2025";"01:08:00";"50";"Sem vítima";"741,000";"BR-116/MG";"Crescente";"Saída de pista";1;0;0;0;0;0;0;0;0;0;1;0;0;0;0
"31/01/2025";"07:04:00";"128";"Sem vítima";"705,614";"BR-116/MG";"Crescente";"Colisão transversal";2;0;0;0;0;0;0;0;0;0;2;0;0;0;0
"31/01/2025";"07:07:00";"129";"Sem vítima";"170,562";"BR-116/RJ";"Decrescente";"Colisão traseira";2;0;0;0;0;0;0;0;0;0;2;0;0;0;0
"31/01/2025";"08:01:00";"146";"Com vítima";"146,210";"BR-116/RJ";"Decrescente";"Colisão frontal";1;0;0;1;0;0;0;0;0;0;1;0;0;1;0
"31/01/2025";"09:34:00";"167";"Sem vítima";"738,000";"BR-116/MG";"Crescente";"Choque";1;0;0;0;0;0;0;0;0;0;1;0;0;0;0
"31/01/2025";"10:44:00";"181";"Com vítima";"60,946";"BR-493/RJ";"Crescente";"Acidentes de outra natureza";1;0;0;0;0;0;0;0;0;0;1;0;1;0;0
"31/01/2025";"11:00:00";"185";"Com vítima";"21,800";"BR-465/RJ";"Decrescente";"Colisão transversal";1;0;0;1;0;0;0;0;0;0;1;1;0;0;0
"31/01/2025";"11:14:00";"190";"Sem vítima";"505,488";"BR-116/MG";"Decrescente";"Colisão traseira";1;0;0;0;0;1;0;0;0;0;2;0;0;0;0
"31/01/2025";"11:23:00";"192";"Sem vítima";"54,589";"BR-493/RJ";"Decrescente";"Choque";0;0;1;0;0;0;0;0;0;0;4;0;0;0;0
"31/01/2025";"11:42:00";"195";"Com vítima";"6,000";"BR-465/RJ";"Crescente";"Colisão lateral no mesmo sentido";0;0;1;1;0;0;0;0;0;0;1;1;0;0;0
"31/01/2025";"12:46:00";"202";"Com vítima";"184,575";"BR-116/RJ";"Crescente";"Engavetamento";0;0;0;3;0;0;0;0;0;0;2;1;0;0;0
"31/01/2025";"13:37:00";"212";"Com vítima";"186,965";"BR-116/RJ";"Decrescente";"Colisão lateral no mesmo sentido";1;0;0;1;0;0;0;0;0;0;2;1;0;0;0
"31/01/2025";"16:36:00";"246";"Sem vítima";"129,500";"BR-116/RJ";"Decrescente";"Choque";1;0;0;0;0;0;0;0;0;0;1;0;0;0;0
"31/01/2025";"17:16:00";"254";"Sem vítima";"203,000";"BR-116/RJ";"Crescente";"Capotamento";0;0;0;0;0;0;0;0;0;1;3;0;0;0;0
"31/01/2025";"20:14:00";"288";"Sem vítima";"148,000";"BR-116/RJ";"Crescente";"Engavetamento";3;0;0;0;0;0;0;0;0;0;3;0;0;0;0
"31/01/2025";"23:50:00";"319";"Sem vítima";"794,000";"BR-116/MG";"Decrescente";"Saída de pista";1;0;0;0;0;0;0;0;0;0;5;0;0;0;0
"01/02/2025";"04:08:00";"91";"Sem vítima";"19,000";"BR-493/RJ";"Crescente";"Choque";1;0;0;0;0;0;0;0;0;0;1;0;0;0;0
"01/02/2025";"04:35:00";"93";"Sem vítima";"38,000";"BR-116/RJ";"Decrescente";"Choque";0;0;0;0;0;1;0;0;0;0;1;0;0;0;0
"01/02/2025";"05:39:00";"100";"Com vítima";"198,600";"BR-116/RJ";"Crescente";"Atropelamento de animal";0;0;0;1;0;0;0;0;0;0;0;0;1;0;0
"01/02/2025";"07:01:00";"112";"Com vítima";"130,144";"BR-116/RJ";"Decrescente";"Capotamento";0;0;0;0;0;0;0;0;0;1;0;3;0;0;0
"01/02/2025";"13:07:00";"185";"Sem vítima";"48,419";"BR-116/RJ";"Crescente";"Engavetamento";2;0;0;0;0;0;0;0;0;1;4;0;0;0;0
"01/02/2025";"13:36:00";"187";"Sem vítima";"647,118";"BR-116/MG";"Decrescente";"Capotamento";0;0;0;0;0;0;0;0;0;1;1;0;0;0;0
"01/02/2025";"16:55:00";"219";"Sem vítima";"681,939";"BR-116/MG";"Decrescente";"Acidentes de outra natureza";0;0;2;0;0;0;0;0;0;0;2;0;0;0;0
"01/02/2025";"19:54:00";"244";"Com vítima";"182,100";"BR-116/RJ";"Crescente";"Choque";1;0;0;0;0;0;0;0;0;0;0;1;0;0;0
"01/02/2025";"20:18:00";"247";"Com vítima";"14,000";"BR-465/RJ";"Decrescente";"Atropelamento de pedestre";0;0;0;1;0;0;0;0;0;0;0;1;0;1;0
"01/02/2025";"20:31:00";"248";"Sem vítima";"487,000";"BR-116/MG";"Crescente";"Atropelamento de animal";1;0;0;0;0;0;0;0;0;0;1;0;0;0;0
"02/02/2025";"00:24:00";"25";"Com vítima";"111,000";"BR-116/RJ";"Decrescente";"Colisão lateral em sentido contrário";1;0;0;1;0;0;0;0;0;0;1;1;0;0;0
"02/02/2025";"00:30:00";"26";"Sem vítima";"632,000";"BR-116/MG";"Decrescente";"Capotamento";1;0;0;0;0;0;0;0;0;0;3;0;0;0;0
"02/02/2025";"01:00:00";"28";"Sem vítima";"133,000";"BR-116/RJ";"Decrescente";"Colisão lateral no mesmo sentido";2;0;0;0;0;0;0;0;0;0;4;0;0;0;0
"02/02/2025";"03:27:00";"43";"Sem vítima";"119,000";"BR-116/RJ";"Crescente";"Choque";1;0;0;0;0;0;0;0;0;0;1;0;0;0;0
"02/02/2025";"04:02:00";"44";"Com vítima";"189,000";"BR-116/RJ";"Crescente";"Atropelamento de animal";2;0;0;0;0;0;0;0;0;0;2;0;0;0;0
"02/02/2025";"05:42:00";"48";"Sem vítima";"744,000";"BR-116/MG";"Crescente";"Choque";1;0;0;0;0;0;0;0;0;0;1;0;0;0;0
"02/02/2025";"06:24:00";"52";"Com vítima";"147,269";"BR-116/RJ";"Decrescente";"Atropelamento de pedestre";0;0;0;0;0;1;0;0;0;0;1;0;0;0;1
"02/02/2025";"09:46:00";"86";"Sem vítima";"31,637";"BR-116/RJ";"Crescente";"Acidentes de outra natureza";1;0;1;0;0;0;0;0;0;0;4;0;0;0;0
"02/02/2025";"11:09:00";"100";"Com vítima";"115,671";"BR-116/RJ";"Decrescente";"Colisão transversal";1;0;0;1;0;0;0;0;0;0;2;1;0;0;1
"02/02/2025";"11:34:00";"104";"Com vítima";"574,899";"BR-116/MG";"Decrescente";"Colisão traseira";0;0;0;2;0;0;0;0;0;0;1;1;0;0;0
"02/02/2025";"12:17:00";"111";"Com vítima";"169,200";"BR-116/RJ";"Crescente";"Engavetamento";3;0;0;1;0;0;0;0;0;0;3;2;0;0;0
"02/02/2025";"13:09:00";"125";"Com vítima";"107,900";"BR-116/RJ";"Decrescente";"Queda de moto";0;0;0;1;0;0;0;0;0;0;0;1;0;0;0
"02/02/2025";"13:37:00";"130";"Com vítima";"533,369";"BR-116/MG";"Crescente";"Choque";1;0;0;0;0;0;0;0;0;0;2;2;0;0;0
"02/02/2025";"14:02:00";"135";"Com vítima";"0,783";"BR-493/RJ";"Decrescente";"Colisão transversal";2;0;0;0;0;0;0;0;0;0;1;4;0;0;0
"02/02/2025";"14:42:00";"142";"Com vítima";"489,323";"BR-116/MG";"Decrescente";"Acidentes de outra natureza";1;0;0;0;0;0;0;0;0;0;0;1;0;0;0
"02/02/2025";"14:58:00";"145";"Sem vítima";"427,000";"BR-116/MG";"Decrescente";"Colisão lateral no mesmo sentido";2;0;0;0;0;0;0;0;0;0;2;0;0;0;0
"02/02/2025";"20:19:00";"213";"Sem vítima";"12,000";"BR-465/RJ";"Decrescente";"Colisão traseira";2;0;0;0;0;0;0;0;0;0;3;0;0;0;0
"02/02/2025";"21:16:00";"223";"Sem vítima";"764,000";"BR-116/MG";"Crescente";"Saída de pista";1;0;0;0;0;0;0;0;0;0;1;0;0;0;0
"02/02/2025";"21:29:00";"224";"Sem vítima";"170,000";"BR-116/RJ";"Decrescente";"Choque";1;0;0;0;0;0;0;0;0;0;1;0;0;0;0
"02/02/2025";"22:09:00";"227";"Com vítima";"1,000";"BR-493/RJ";"Decrescente";"Choque";1;0;0;0;0;0;0;0;0;0;0;1;0;0;0
"02/02/2025";"22:33:00";"230";"Sem vítima";"2,500";"BR-116/RJ";"Crescente";"Colisão frontal";2;0;0;0;0;0;0;0;0;0;2;0;0;0;0
"03/02/2025";"02:00:00";"93";"Com vítima";"443,700";"BR-116/MG";"Crescente";"Tombamento";0;0;1;0;0;0;0;0;0;0;0;1;0;0;0
"03/02/2025";"02:05:00";"94";"Com vítima";"148,000";"BR-116/RJ";"Decrescente";"Queda de moto";0;0;0;1;0;0;0;0;0;0;0;0;1;0;0
"03/02/2025";"03:39:00";"99";"Com vítima";"184,000";"BR-116/RJ";"Decrescente";"Choque";1;0;0;0;0;0;0;0;0;0;0;1;0;0;0
"03/02/2025";"03:53:00";"101";"Com vítima";"191,000";"BR-116/RJ";"Crescente";"Colisão traseira";2;0;0;0;0;0;0;0;0;0;0;3;1;0;0
"03/02/2025";"07:57:00";"125";"Com vítima";"417,447";"BR-116/MG";"Decrescente";"Colisão lateral no mesmo sentido";0;0;0;2;0;0;0;0;0;0;0;0;2;0;0
"03/02/2025";"08:13:00";"127";"Com vítima";"143,000";"BR-116/RJ";"Crescente";"Colisão traseira";2;0;0;0;0;0;0;0;0;0;1;1;0;0;0
"03/02/2025";"09:29:00";"148";"Sem vítima";"432,872";"BR-116/MG";"Decrescente";"Colisão traseira";2;0;0;0;0;0;0;0;0;0;2;0;0;0;0
"03/02/2025";"09:33:00";"149";"Sem vítima";"144,000";"BR-116/RJ";"Decrescente";"Engavetamento";1;0;2;0;0;0;0;0;0;0;4;0;0;0;0
"03/02/2025";"09:42:00";"151";"Sem vítima";"191,000";"BR-116/RJ";"Decrescente";"Colisão traseira";0;0;1;0;0;1;0;0;0;0;2;0;0;0;0
"03/02/2025";"10:12:00";"166";"Sem vítima";"144,502";"BR-116/RJ";"Decrescente";"Colisão lateral no mesmo sentido";1;0;1;0;0;0;0;0;0;0;2;0;0;0;0
"03/02/2025";"10:33:00";"172";"Sem vítima";"21,000";"BR-465/RJ";"Decrescente";"Colisão lateral no mesmo sentido";2;0;0;0;0;0;0;0;0;0;3;0;0;0;0
"03/02/2025";"10:50:00";"179";"Sem vítima";"134,380";"BR-116/RJ";"Crescente";"Atropelamento de animal";1;0;0;0;0;0;0;0;0;0;1;0;0;0;0
"03/02/2025";"11:15:00";"188";"Com vítima";"20,000";"BR-465/RJ";"Crescente";"Queda de moto";0;0;0;1;0;0;0;0;0;0;0;0;1;0;0
"03/02/2025";"12:05:00";"195";"Com vítima";"5,000";"BR-465/RJ";"Crescente";"Colisão traseira";1;0;0;1;0;0;0;0;0;0;1;1;0;0;0
"03/02/2025";"12:12:00";"197";"Com vítima";"54,754";"BR-493/RJ";"Crescente";"Capotamento";1;0;0;0;0;0;0;0;0;0;0;1;0;0;0
"03/02/2025";"14:00:00";"218";"Com vítima";"174,000";"BR-116/RJ";"Decrescente";"Colisão traseira";2;0;0;0;0;0;0;0;0;0;3;1;0;0;0
"03/02/2025";"15:16:00";"226";"Com vítima";"83,571";"BR-493/RJ";"Crescente";"Tombamento";0;0;1;0;0;0;0;0;0;0;0;0;0;0;1
"03/02/2025";"19:32:00";"278";"Sem vítima";"17,000";"BR-465/RJ";"Decrescente";"Colisão lateral no mesmo sentido";1;0;0;0;0;1;0;0;0;0;2;0;0;0;0
"03/02/2025";"19:50:00";"279";"Com vítima";"50,938";"BR-493/RJ";"Crescente";"Choque";1;0;0;0;0;0;0;0;0;0;0;1;0;0;0
"03/02/2025";"20:36:00";"286";"Com vítima";"3,000";"BR-465/RJ";"Decrescente";"Colisão traseira";2;0;0;0;0;0;0;0;0;0;1;1;0;0;0
"03/02/2025";"23:47:00";"302";"Com vítima";"188,500";"BR-116/RJ";"Crescente";"Atropelamento de animal";1;0;0;0;0;0;0;0;0;0;1;0;0;0;0
"04/02/2025";"05:49:00";"128";"Com vítima";"660,500";"BR-116/MG";"Crescente";"Atropelamento de animal";0;0;0;1;0;0;0;0;0;0;0;1;0;0;0
"04/02/2025";"09:21:00";"166";"Com vítima";"20,000";"BR-465/RJ";"Decrescente";"Colisão lateral no mesmo sentido";1;0;0;1;0;0;0;0;0;0;2;0;1;0;0
"04/02/2025";"11:26:00";"180";"Sem vítima";"141,768";"BR-116/RJ";"Decrescente";"Colisão traseira";2;0;0;0;0;0;0;0;0;0;5;0;0;0;0
"04/02/2025";"11:39:00";"183";"Com vítima";"6,719";"BR-493/RJ";"Decrescente";"Colisão lateral no mesmo sentido";1;0;0;1;0;0;0;0;0;0;4;1;0;0;0
"04/02/2025";"18:33:00";"272";"Sem vítima";"0,800";"BR-493/RJ";"Crescente";"Colisão frontal";2;0;0;0;0;0;0;0;0;0;2;0;0;0;0
"05/02/2025";"05:23:00";"127";"Com vítima";"776,689";"BR-116/MG";"Decrescente";"Tombamento";0;0;0;0;0;1;0;0;0;0;0;1;0;0;1
"05/02/2025";"06:31:00";"134";"Com vítima";"198,421";"BR-116/RJ";"Crescente";"Atropelamento de pedestre";1;0;0;0;0;0;0;0;0;0;0;3;0;0;1
"05/02/2025";"06:49:00";"139";"Com vítima";"146,910";"BR-116/RJ";"Decrescente";"Atropelamento de ciclista";0;1;0;1;0;0;0;0;0;0;0;1;0;0;0
"05/02/2025";"07:03:00";"141";"Com vítima";"522,895";"BR-116/MG";"Crescente";"Colisão lateral no mesmo sentido";1;0;0;1;0;0;0;0;0;0;1;2;0;0;0
"05/02/2025";"10:00:00";"175";"Sem vítima";"186,000";"BR-116/RJ";"Decrescente";"Colisão lateral no mesmo sentido";1;0;0;0;0;1;0;0;0;0;2;0;0;0;0
"05/02/2025";"13:43:00";"228";"Sem vítima";"174,000";"BR-116/RJ";"Decrescente";"Colisão traseira";2;0;0;0;0;0;0;0;0;0;2;0;0;0;0
"05/02/2025";"15:15:00";"248";"Sem vítima";"176,231";"BR-116/RJ";"Decrescente";"Choque";1;0;0;0;0;1;0;0;0;0;2;0;0;0;0
"05/02/2025";"16:31:00";"267";"Sem vítima";"126,721";"BR-116/RJ";"Crescente";"Tombamento";0;0;0;0;0;1;0;0;0;0;1;0;0;0;0
"05/02/2025";"16:48:00";"270";"Com vítima";"185,000";"BR-116/RJ";"Decrescente";"Colisão traseira";1;0;0;1;0;0;0;0;0;0;1;1;0;0;0
"05/02/2025";"17:04:00";"276";"Com vítima";"508,665";"BR-116/MG";"Crescente";"Colisão traseira";1;0;0;1;0;0;0;0;0;0;4;2;0;0;0
"06/02/2025";"05:05:00";"122";"Sem vítima";"177,000";"BR-116/RJ";"Decrescente";"Choque";1;0;0;0;0;0;0;0;0;0;1;0;0;0;0
"06/02/2025";"07:45:00";"142";"Com vítima";"187,284";"BR-116/RJ";"Decrescente";"Engavetamento";1;0;1;0;0;3;0;0;0;0;3;2;0;0;0
"06/02/2025";"08:34:00";"155";"Sem vítima";"617,659";"BR-116/MG";"Decrescente";"Saída de pista";1;0;0;0;0;0;0;0;0;0;2;0;0;0;0
"06/02/2025";"08:47:00";"158";"Com vítima";"764,500";"BR-116/MG";"Crescente";"Colisão lateral no mesmo sentido";0;0;0;1;0;1;0;0;0;0;1;1;0;0;0
"06/02/2025";"10:26:00";"176";"Sem vítima";"14,188";"BR-493/RJ";"Crescente";"Colisão traseira";0;0;0;0;0;2;0;0;0;0;2;0;0;0;0
"06/02/2025";"14:18:00";"222";"Sem vítima";"21,515";"BR-465/RJ";"Decrescente";"Colisão traseira";1;0;0;0;0;1;0;0;0;0;2;0;0;0;0
"06/02/2025";"18:19:00";"272";"Sem vítima";"173,000";"BR-116/RJ";"Decrescente";"Colisão lateral no mesmo sentido";1;0;0;1;0;0;0;0;0;0;2;0;0;0;0
"06/02/2025";"18:25:00";"273";"Sem vítima";"199,000";"BR-116/RJ";"Crescente";"Queda de moto";1;0;0;0;0;0;0;0;0;0;1;0;0;0;0
"06/02/2025";"19:51:00";"291";"Sem vítima";"86,000";"BR-116/RJ";"Decrescente";"Colisão lateral no mesmo sentido";1;0;0;1;0;0;0;0;0;0;3;0;0;0;0
"07/02/2025";"00:10:00";"11";"Sem vítima";"550,000";"BR-116/MG";"Decrescente";"Choque";1;0;0;0;0;0;0;0;0;0;1;0;0;0;0
"07/02/2025";"03:28:00";"116";"Com vítima";"210,813";"BR-116/RJ";"Decrescente";"Atropelamento de animal";1;0;1;0;0;0;0;0;0;0;2;0;0;0;0
"07/02/2025";"09:06:00";"154";"Sem vítima";"10,310";"BR-493/RJ";"Decrescente";"Colisão traseira";2;0;0;0;0;0;0;0;0;0;2;0;0;0;0
"07/02/2025";"09:13:00";"155";"Com vítima";"183,300";"BR-116/RJ";"Decrescente";"Queda de moto";0;0;0;1;0;0;0;0;0;0;0;1;0;0;0
"07/02/2025";"11:30:00";"189";"Sem vítima";"13,000";"BR-493/RJ";"Decrescente";"Colisão lateral no mesmo sentido";1;0;0;0;0;1;0;0;0;0;3;0;0;0;0
"07/02/2025";"12:56:00";"204";"Com vítima";"20,437";"BR-465/RJ";"Decrescente";"Colisão lateral no mesmo sentido";1;0;0;1;0;0;0;0;0;0;1;1;0;0;0
"07/02/2025";"13:54:00";"212";"Sem vítima";"105,271";"BR-493/RJ";"Crescente";"Tombamento";0;0;0;0;0;1;0;0;0;0;1;0;0;0;0
"07/02/2025";"15:47:00";"226";"Com vítima";"132,000";"BR-116/RJ";"Crescente";"Queda de moto";0;0;0;1;0;0;0;0;0;0;0;1;0;0;0
"07/02/2025";"16:37:00";"235";"Com vítima";"76,744";"BR-493/RJ";"Crescente";"Tombamento";0;0;1;0;0;0;0;0;0;0;0;2;0;0;0
"07/02/2025";"20:37:00";"295";"Com vítima";"515,000";"BR-116/MG";"Decrescente";"Atropelamento de pedestre";0;0;0;1;0;0;0;0;0;0;0;0;1;1;0
"07/02/2025";"22:06:00";"313";"Sem vítima";"172,000";"BR-116/RJ";"Decrescente";"Colisão traseira";2;0;0;0;0;0;0;0;0;0;2;0;0;0;0
"07/02/2025";"22:07:00";"314";"Com vítima";"172,000";"BR-116/RJ";"Crescente";"Queda de moto";0;0;0;1;0;0;0;0;0;0;0;2;0;0;0
"08/02/2025";"02:38:00";"126";"Sem vítima";"702,000";"BR-116/MG";"Crescente";"Choque";1;0;0;0;0;0;0;0;0;0;1;0;0;0;0
"08/02/2025";"03:01:00";"128";"Sem vítima";"812,000";"BR-116/MG";"Crescente";"Choque";1;0;0;0;0;0;0;0;0;0;2;0;0;0;0
"08/02/2025";"03:44:00";"133";"Sem vítima";"13,670";"BR-493/RJ";"Crescente";"Choque";0;0;0;1;0;0;0;0;0;0;1;0;0;0;0
"08/02/2025";"03:59:00";"134";"Com vítima";"536,500";"BR-116/MG";"Decrescente";"Colisão frontal";0;0;0;1;0;1;0;0;0;0;1;0;0;1;0
"08/02/2025";"06:28:00";"149";"Sem vítima";"34,053";"BR-116/RJ";"Decrescente";"Choque";0;0;1;0;0;0;0;0;0;0;1;0;0;0;0
"08/02/2025";"08:08:00";"163";"Com vítima";"182,000";"BR-116/RJ";"Crescente";"Colisão lateral no mesmo sentido";0;0;0;0;0;1;0;0;0;0;1;1;0;0;0
"08/02/2025";"09:03:00";"174";"Com vítima";"513,000";"BR-116/MG";"Crescente";"Colisão lateral no mesmo sentido";1;0;0;1;0;0;0;0;0;0;1;0;1;0;0
"08/02/2025";"11:07:00";"199";"Com vítima";"20,642";"BR-465/RJ";"Crescente";"Colisão frontal";1;0;0;1;0;0;0;0;0;0;0;3;0;0;0
"08/02/2025";"12:44:00";"213";"Com vítima";"87,000";"BR-493/RJ";"Crescente";"Colisão lateral no mesmo sentido";0;0;0;0;0;1;0;0;0;1;2;0;1;0;0
"08/02/2025";"12:46:00";"215";"Com vítima";"186,000";"BR-116/RJ";"Crescente";"Colisão lateral no mesmo sentido";2;0;0;1;0;0;0;0;0;0;2;2;0;0;0
"08/02/2025";"12:52:00";"217";"Com vítima";"92,000";"BR-493/RJ";"Decrescente";"Queda de moto";0;0;0;1;0;0;0;0;0;0;0;2;0;0;0
"08/02/2025";"13:23:00";"225";"Com vítima";"89,087";"BR-116/RJ";"Decrescente";"Colisão lateral em sentido contrário";1;0;0;1;0;0;0;0;0;0;3;0;0;1;0
"08/02/2025";"15:26:00";"242";"Com vítima";"18,654";"BR-493/RJ";"Decrescente";"Colisão traseira";1;0;0;1;0;0;0;0;0;0;2;1;0;0;0
"08/02/2025";"18:12:00";"288";"Sem vítima";"185,000";"BR-116/RJ";"Decrescente";"Engavetamento";3;0;0;0;0;0;0;0;0;0;6;0;0;0;0
"08/02/2025";"22:19:00";"331";"Com vítima";"16,000";"BR-465/RJ";"Decrescente";"Queda de moto";0;0;0;1;0;0;0;0;0;0;0;0;1;0;0
"08/02/2025";"23:22:00";"341";"Com vítima";"539,000";"BR-116/MG";"Decrescente";"Queda de moto";0;0;0;1;0;0;0;0;0;0;0;0;2;1;0
"08/02/2025";"23:49:00";"343";"Sem vítima";"706,000";"BR-116/MG";"Decrescente";"Atropelamento de animal";1;0;0;0;0;0;0;0;0;0;1;0;0;0;0
"09/02/2025";"06:26:00";"59";"Com vítima";"195,000";"BR-116/RJ";"Crescente";"Colisão traseira";1;0;0;0;0;1;0;0;0;0;1;0;0;1;0
"09/02/2025";"09:25:00";"96";"Com vítima";"13,767";"BR-465/RJ";"Decrescente";"Queda de moto";0;0;0;1;0;0;0;0;0;0;0;0;1;0;0
"09/02/2025";"12:02:00";"120";"Com vítima";"184,816";"BR-116/RJ";"Crescente";"Engavetamento";4;0;0;0;0;0;0;0;0;0;6;1;0;0;0
"09/02/2025";"14:35:00";"143";"Sem vítima";"469,400";"BR-116/MG";"Crescente";"Tombamento";1;0;0;0;0;0;0;0;0;0;1;0;0;0;0
"09/02/2025";"15:31:00";"155";"Sem vítima";"56,584";"BR-493/RJ";"Decrescente";"Saída de pista";1;0;0;0;0;0;0;0;0;0;4;0;0;0;0
"09/02/2025";"18:15:00";"191";"Com vítima";"187,000";"BR-116/RJ";"Decrescente";"Colisão traseira";1;0;0;1;0;0;0;0;0;0;1;1;1;0;0
"09/02/2025";"18:31:00";"195";"Com vítima";"189,000";"BR-116/RJ";"Decrescente";"Queda de moto";0;0;0;1;0;0;0;0;0;0;0;2;0;0;0
"09/02/2025";"18:42:00";"196";"Com vítima";"131,050";"BR-116/RJ";"Crescente";"Colisão lateral em sentido contrário";1;0;0;1;0;0;0;0;0;0;5;1;1;0;0