data;horario;n_da_ocorrencia;tipo_de_ocorrencia;km;trecho;sentido;tipo_de_acidente;automovel;bicicleta;caminhao;moto;onibus;outros;tracao_animal;transporte_de_cargas_especiais;trator_maquinas;utilitarios;ilesos;levemente_feridos;moderadamente_feridos;gravemente_feridos;mortos
"23/02/2025";"01:51:00";"34";"Com vítima";"186,000";"BR-116/RJ";"Crescente";"Engavetamento";2;0;0;1;0;0;0;0;0;0;3;3;0;0;0
"23/02/2025";"02:59:00";"38";"Com vítima";"528,000";"BR-116/MG";"Decrescente";"Choque";1;0;0;0;0;0;0;0;0;0;2;1;0;0;0
"23/02/2025";"03:38:00";"44";"Sem vítima";"3,000";"BR-493/RJ";"Decrescente";"Atropelamento de animal";1;0;0;0;0;0;0;0;0;0;1;0;0;0;0
"23/02/2025";"07:44:00";"56";"Com vítima";"13,000";"BR-465/RJ";"Decrescente";"Atropelamento de ciclista";0;1;0;0;0;1;0;0;0;0;1;0;0;0;0
"23/02/2025";"09:57:00";"70";"Com vítima";"181,000";"BR-116/RJ";"Decrescente";"Queda de moto";0;0;0;1;0;0;0;0;0;0;0;2;0;0;0
"23/02/2025";"10:13:00";"75";"Com vítima";"181,000";"BR-116/RJ";"Decrescente";"Colisão traseira";0;0;0;1;0;1;0;0;0;0;1;1;0;0;0
"23/02/2025";"10:40:00";"80";"Com vítima";"81,000";"BR-116/RJ";"Decrescente";"Atropelamento de pedestre";0;0;0;1;0;0;0;0;0;0;0;0;2;0;0
"23/02/2025";"10:43:00";"83";"Sem vítima";"65,000";"BR-493/RJ";"Crescente";"Choque";1;0;0;0;0;0;0;0;0;0;1;0;0;0;0
"23/02/2025";"11:49:00";"93";"Com vítima";"505,475";"BR-116/MG";"Crescente";"Colisão lateral em sentido contrário";2;0;0;0;0;0;0;0;0;0;0;1;2;0;0
"23/02/2025";"12:52:00";"106";"Sem vítima";"54,488";"BR-493/RJ";"Crescente";"Colisão lateral no mesmo sentido";2;0;0;0;0;0;0;0;0;0;4;0;0;0;0
"23/02/2025";"13:09:00";"110";"Sem vítima";"72,780";"BR-493/RJ";"Crescente";"Choque";1;0;0;0;0;0;0;0;0;0;2;0;0;0;0
"23/02/2025";"14:55:00";"131";"Sem vítima";"99,451";"BR-116/RJ";"Decrescente";"Colisão lateral em sentido contrário";1;0;0;1;0;0;0;0;0;0;5;0;0;0;0
"23/02/2025";"15:44:00";"141";"Com vítima";"85,000";"BR-116/RJ";"Decrescente";"Queda de moto";0;0;0;1;0;0;0;0;0;0;0;0;1;0;0
"23/02/2025";"16:26:00";"149";"Sem vítima";"96,000";"BR-493/RJ";"Decrescente";"Saída de pista";1;0;0;0;0;0;0;0;0;0;4;0;0;0;0
"23/02/2025";"16:37:00";"150";"Com vítima";"97,822";"BR-116/RJ";"Decrescente";"Queda de moto";0;0;0;1;0;0;0;0;0;0;0;2;0;0;0
"23/02/2025";"18:42:00";"167";"Com vítima";"141,000";"BR-116/RJ";"Crescente";"Engavetamento";4;0;0;0;0;1;0;0;0;0;1;8;0;0;0
"23/02/2025";"20:23:00";"193";"Com vítima";"82,000";"BR-116/RJ";"Crescente";"Atropelamento de pedestre";0;0;0;0;0;1;0;0;0;0;1;1;0;0;0
"23/02/2025";"21:36:00";"211";"Com vítima";"413,000";"BR-116/MG";"Decrescente";"Colisão traseira";1;0;0;1;0;0;0;0;0;0;0;3;0;0;0
"23/02/2025";"21:58:00";"212";"Com vítima";"453,200";"BR-116/MG";"Crescente";"Choque";0;0;1;0;0;0;0;0;0;0;0;0;1;0;0
"23/02/2025";"23:10:00";"225";"Com vítima";"185,000";"BR-116/RJ";"Decrescente";"Choque";1;0;0;0;0;0;0;0;0;0;0;0;1;0;0
"24/02/2025";"00:06:00";"3";"Com vítima";"147,000";"BR-116/RJ";"Decrescente";"Colisão frontal";2;0;0;0;0;0;0;0;0;0;0;2;0;0;0
"24/02/2025";"08:21:00";"138";"Sem vítima";"22,100";"BR-465/RJ";"Crescente";"Queda de moto";0;0;0;1;0;0;0;0;0;0;1;0;0;0;0
"24/02/2025";"16:40:00";"248";"Com vítima";"27,226";"BR-116/RJ";"Decrescente";"Colisão traseira";0;0;1;0;0;0;0;0;0;1;1;2;0;0;0
"24/02/2025";"17:43:00";"264";"Com vítima";"14,550";"BR-465/RJ";"Crescente";"Colisão lateral no mesmo sentido";1;0;0;1;0;0;0;0;0;0;1;0;1;0;0
"24/02/2025";"17:46:00";"265";"Sem vítima";"5,000";"BR-493/RJ";"Decrescente";"Colisão lateral em sentido contrário";2;0;0;0;0;0;0;0;0;0;3;0;0;0;0
"24/02/2025";"19:04:00";"272";"Sem vítima";"539,000";"BR-116/MG";"Crescente";"Choque";1;0;0;0;0;0;0;0;0;0;3;0;0;0;0
"24/02/2025";"19:47:00";"285";"Sem vítima";"512,000";"BR-116/MG";"Decrescente";"Capotamento";1;0;0;0;0;0;0;0;0;0;1;0;0;0;0
"25/02/2025";"01:01:00";"69";"Com vítima";"191,000";"BR-116/RJ";"Crescente";"Colisão traseira";2;0;0;0;0;0;0;0;0;0;2;1;0;0;0
"25/02/2025";"02:16:00";"88";"Com vítima";"196,795";"BR-116/RJ";"Decrescente";"Tombamento";0;0;1;0;0;0;0;0;0;0;0;0;0;0;1
"25/02/2025";"02:33:00";"90";"Com vítima";"567,900";"BR-116/MG";"Crescente";"Saída de pista";1;0;0;0;0;0;0;0;0;0;1;3;0;0;0
"25/02/2025";"07:22:00";"103";"Com vítima";"411,977";"BR-116/MG";"Crescente";"Engavetamento";3;0;0;0;0;0;0;0;0;0;3;1;0;0;0
"25/02/2025";"08:13:00";"118";"Sem vítima";"60,500";"BR-493/RJ";"Decrescente";"Choque";1;0;0;0;0;0;0;0;0;0;1;0;0;0;0
"25/02/2025";"13:08:00";"181";"Com vítima";"600,500";"BR-116/MG";"Crescente";"Colisão lateral em sentido contrário";2;0;0;0;0;0;0;0;0;0;3;3;1;1;0
"25/02/2025";"13:15:00";"183";"Com vítima";"57,000";"BR-116/RJ";"Crescente";"Colisão transversal";1;0;0;1;0;0;0;0;0;0;0;2;0;0;0
"25/02/2025";"13:33:00";"185";"Sem vítima";"24,805";"BR-493/RJ";"Decrescente";"Engavetamento";2;0;0;0;0;1;0;0;0;0;4;0;0;0;0
"25/02/2025";"14:03:00";"187";"Com vítima";"1,800";"BR-493/RJ";"Crescente";"Atropelamento de ciclista";0;1;0;0;0;1;0;0;0;0;1;0;0;0;0
"25/02/2025";"15:12:00";"198";"Com vítima";"194,653";"BR-116/RJ";"Decrescente";"Colisão traseira";2;0;0;0;0;0;0;0;0;0;2;1;0;0;0
"25/02/2025";"16:36:00";"214";"Sem vítima";"95,085";"BR-493/RJ";"Crescente";"Colisão traseira";1;0;0;0;0;1;0;0;0;0;2;0;0;0;0
"25/02/2025";"18:30:00";"229";"Com vítima";"170,000";"BR-116/RJ";"Crescente";"Queda de bicicleta";0;0;0;1;0;0;0;0;0;0;0;0;1;0;0
"25/02/2025";"18:45:00";"232";"Com vítima";"22,000";"BR-465/RJ";"Crescente";"Queda de bicicleta";0;0;0;1;0;0;0;0;0;0;0;1;0;0;0
"25/02/2025";"18:51:00";"233";"Com vítima";"1,000";"BR-493/RJ";"Decrescente";"Colisão lateral no mesmo sentido";1;0;0;1;0;0;0;0;0;0;1;0;0;1;0
"25/02/2025";"19:13:00";"237";"Com vítima";"524,000";"BR-116/MG";"Crescente";"Colisão transversal";1;0;0;1;0;0;0;0;0;0;1;1;0;0;0
"25/02/2025";"19:42:00";"244";"Com vítima";"182,100";"BR-116/RJ";"Crescente";"Engavetamento";3;0;0;0;0;1;0;0;0;0;1;3;0;0;0
"25/02/2025";"22:25:00";"260";"Com vítima";"148,000";"BR-116/RJ";"Crescente";"Queda de moto";0;0;0;1;0;0;0;0;0;0;0;1;0;0;0
"25/02/2025";"22:34:00";"261";"Com vítima";"137,000";"BR-116/RJ";"Decrescente";"Queda de moto";0;0;0;1;0;0;0;0;0;0;0;1;0;0;0
"25/02/2025";"23:07:00";"267";"Sem vítima";"810,000";"BR-116/MG";"Crescente";"Choque";0;0;0;0;0;1;0;0;0;0;1;0;0;0;0
"26/02/2025";"01:42:00";"70";"Com vítima";"169,000";"BR-116/RJ";"Decrescente";"Queda de moto";0;0;0;1;0;0;0;0;0;0;0;1;0;0;0
"26/02/2025";"05:58:00";"118";"Sem vítima";"196,000";"BR-116/RJ";"Crescente";"Colisão lateral no mesmo sentido";1;0;1;0;0;0;0;0;0;0;2;0;0;0;0
"26/02/2025";"08:43:00";"155";"Com vítima";"108,000";"BR-493/RJ";"Crescente";"Capotamento";1;0;0;0;0;0;0;0;0;0;0;0;1;0;0
"26/02/2025";"08:53:00";"158";"Sem vítima";"201,000";"BR-116/RJ";"Crescente";"Colisão traseira";1;0;0;0;0;1;0;0;0;0;2;0;0;0;0
"26/02/2025";"10:47:00";"183";"Sem vítima";"507,000";"BR-116/MG";"Crescente";"Colisão traseira";1;0;0;0;0;1;0;0;0;0;2;0;0;0;0
"26/02/2025";"10:52:00";"185";"Com vítima";"5,000";"BR-465/RJ";"Crescente";"Colisão lateral no mesmo sentido";1;0;0;1;0;0;0;0;0;0;1;0;1;0;0
"26/02/2025";"13:45:00";"236";"Com vítima";"2,048";"BR-493/RJ";"Decrescente";"Colisão traseira";1;0;1;0;0;0;0;0;0;0;1;0;1;0;0
"26/02/2025";"21:37:00";"336";"Com vítima";"613,000";"BR-116/MG";"Decrescente";"Atropelamento de animal";0;0;0;1;0;0;0;0;0;0;0;1;1;0;0
"26/02/2025";"23:38:00";"355";"Sem vítima";"212,000";"BR-116/RJ";"Crescente";"Colisão lateral no mesmo sentido";1;0;0;0;0;1;0;0;0;0;2;0;0;0;0
"27/02/2025";"01:29:00";"114";"Com vítima";"539,000";"BR-116/MG";"Crescente";"Queda de moto";0;0;0;1;0;0;0;0;0;0;0;0;1;0;0
"27/02/2025";"04:28:00";"130";"Com vítima";"103,300";"BR-116/RJ";"Crescente";"Colisão traseira";0;0;2;0;0;0;0;0;0;0;1;0;1;0;0
"27/02/2025";"07:06:00";"145";"Com vítima";"201,570";"BR-116/RJ";"Crescente";"Choque";1;0;0;0;0;0;0;0;0;0;0;3;0;0;0
"27/02/2025";"07:23:00";"148";"Sem vítima";"191,000";"BR-116/RJ";"Decrescente";"Choque";0;0;1;0;0;0;0;0;0;0;2;0;0;0;0
"27/02/2025";"10:41:00";"188";"Sem vítima";"715,000";"BR-116/MG";"Crescente";"Choque";1;0;0;0;0;0;0;0;0;0;1;0;0;0;0
"27/02/2025";"12:12:00";"208";"Com vítima";"486,000";"BR-116/MG";"Crescente";"Colisão traseira";0;0;0;2;0;0;0;0;0;0;1;1;0;0;0
"27/02/2025";"16:27:00";"257";"Com vítima";"110,466";"BR-116/RJ";"Decrescente";"Colisão lateral no mesmo sentido";1;0;0;1;0;0;0;0;0;0;2;1;0;0;0
"27/02/2025";"17:49:00";"271";"Com vítima";"23,000";"BR-116/RJ";"Decrescente";"Colisão traseira";0;0;0;0;0;2;0;0;0;0;0;3;0;0;0
"27/02/2025";"18:46:00";"281";"Com vítima";"172,500";"BR-116/RJ";"Crescente";"Colisão lateral no mesmo sentido";1;0;0;1;0;0;0;0;0;0;2;0;1;0;0
"27/02/2025";"22:16:00";"325";"Sem vítima";"3,000";"BR-465/RJ";"Decrescente";"Colisão traseira";1;0;0;1;0;0;0;0;0;0;2;0;0;0;0
"27/02/2025";"23:03:00";"328";"Sem vítima";"773,000";"BR-116/MG";"Decrescente";"Choque";1;0;0;0;0;0;0;0;0;0;1;0;0;0;0
"28/02/2025";"06:20:00";"33";"Sem vítima";"200,913";"BR-116/RJ";"Decrescente";"Engavetamento";0;0;1;0;2;0;0;0;0;0;3;0;0;0;0
"28/02/2025";"06:45:00";"41";"Sem vítima";"7,003";"BR-493/RJ";"Decrescente";"Colisão traseira";1;0;0;0;0;1;0;0;0;0;2;0;0;0;0
"28/02/2025";"07:01:00";"47";"Sem vítima";"25,000";"BR-493/RJ";"Decrescente";"Colisão traseira";2;0;0;0;0;0;0;0;0;0;4;0;0;0;0
"28/02/2025";"07:16:00";"51";"Com vítima";"181,199";"BR-116/RJ";"Decrescente";"Queda de moto";0;0;0;1;0;0;0;0;0;0;0;1;0;0;0
"28/02/2025";"07:36:00";"58";"Com vítima";"6,000";"BR-493/RJ";"Decrescente";"Colisão transversal";0;0;0;1;1;0;0;0;0;0;1;1;0;0;0
"28/02/2025";"07:36:00";"59";"Com vítima";"19,000";"BR-493/RJ";"Crescente";"Colisão frontal";1;0;0;1;0;0;0;0;0;0;1;0;1;1;0
"28/02/2025";"07:40:00";"62";"Com vítima";"82,000";"BR-116/RJ";"Crescente";"Colisão transversal";1;0;0;1;0;0;0;0;0;0;1;0;1;0;0
"28/02/2025";"08:50:00";"74";"Com vítima";"182,600";"BR-116/RJ";"Crescente";"Colisão lateral no mesmo sentido";1;0;0;1;0;0;0;0;0;0;2;1;0;0;0
"28/02/2025";"08:56:00";"75";"Sem vítima";"89,800";"BR-116/RJ";"Crescente";"Tombamento";0;0;0;0;0;1;0;0;0;0;0;0;0;0;0
"28/02/2025";"09:06:00";"79";"Sem vítima";"18,800";"BR-493/RJ";"Decrescente";"Colisão traseira";1;0;0;1;0;0;0;0;0;0;2;0;0;0;0
"28/02/2025";"10:19:00";"91";"Com vítima";"5,416";"BR-465/RJ";"Crescente";"Colisão transversal";1;0;0;1;0;0;0;0;0;0;1;1;0;0;0
"28/02/2025";"12:12:00";"108";"Com vítima";"24,748";"BR-116/RJ";"Decrescente";"Colisão lateral em sentido contrário";1;0;0;0;0;1;0;0;0;0;1;1;0;0;0
"28/02/2025";"12:41:00";"113";"Com vítima";"550,454";"BR-116/MG";"Crescente";"Colisão transversal";0;0;0;2;0;0;0;0;0;0;0;1;1;0;0
"28/02/2025";"12:50:00";"118";"Sem vítima";"6,000";"BR-493/RJ";"Crescente";"Colisão lateral no mesmo sentido";2;0;0;0;0;0;0;0;0;0;6;0;0;0;0
"28/02/2025";"13:07:00";"121";"Com vítima";"85,928";"BR-116/RJ";"Decrescente";"Colisão traseira";0;0;0;1;0;1;0;0;0;0;1;1;0;0;0
"28/02/2025";"14:54:00";"145";"Sem vítima";"94,000";"BR-116/RJ";"Decrescente";"Colisão traseira";1;0;0;1;0;0;0;0;0;0;2;0;0;0;0
"28/02/2025";"15:01:00";"148";"Com vítima";"171,456";"BR-116/RJ";"Crescente";"Colisão traseira";1;0;0;1;0;0;0;0;0;0;2;2;0;0;0
"28/02/2025";"15:43:00";"159";"Sem vítima";"143,000";"BR-116/RJ";"Decrescente";"Engavetamento";4;0;0;0;0;0;0;0;0;0;6;0;0;0;0
"28/02/2025";"16:48:00";"169";"Com vítima";"147,000";"BR-116/RJ";"Decrescente";"Colisão lateral no mesmo sentido";2;0;0;1;0;0;0;0;0;0;2;0;1;0;0
"28/02/2025";"18:07:00";"184";"Sem vítima";"194,000";"BR-116/RJ";"Crescente";"Colisão lateral no mesmo sentido";1;0;0;1;0;0;0;0;0;0;4;0;0;0;0
"28/02/2025";"19:01:00";"194";"Com vítima";"566,000";"BR-116/MG";"Decrescente";"Colisão lateral no mesmo sentido";1;1;0;0;0;0;0;0;0;0;1;0;0;0;0
"28/02/2025";"21:21:00";"218";"Sem vítima";"65,000";"BR-116/RJ";"Decrescente";"Capotamento";1;0;0;0;0;0;0;0;0;0;2;0;0;0;0
"28/02/2025";"22:15:00";"229";"Com vítima";"62,000";"BR-493/RJ";"Decrescente";"Atropelamento de animal";0;0;0;1;0;0;0;0;0;0;1;1;0;0;0
"28/02/2025";"23:00:00";"238";"Com vítima";"53,000";"BR-493/RJ";"Decrescente";"Atropelamento de animal";1;0;0;0;0;0;0;0;0;0;0;1;0;0;0
"01/03/2025";"00:38:00";"26";"Com vítima";"511,208";"BR-116/MG";"Crescente";"Colisão frontal";1;1;0;0;0;0;0;0;0;0;0;1;0;0;0
"01/03/2025";"01:04:00";"44";"Com vítima";"573,000";"BR-116/MG";"Decrescente";"Queda de moto";0;0;0;1;0;0;0;0;0;0;0;0;0;0;1
"01/03/2025";"05:24:00";"71";"Com vítima";"125,000";"BR-116/RJ";"Crescente";"Tombamento";0;0;1;0;0;0;0;0;0;0;0;1;0;0;0
"01/03/2025";"05:41:00";"74";"Com vítima";"556,511";"BR-116/MG";"Decrescente";"Capotamento";1;0;0;0;0;0;0;0;0;0;0;2;1;0;0
"01/03/2025";"05:59:00";"77";"Com vítima";"192,406";"BR-116/RJ";"Decrescente";"Colisão traseira";0;0;0;0;1;0;0;0;0;1;8;2;0;0;0
"01/03/2025";"07:07:00";"93";"Com vítima";"522,352";"BR-116/MG";"Crescente";"Colisão transversal";0;0;0;1;1;0;0;0;0;0;1;0;1;1;0
"01/03/2025";"07:45:00";"104";"Sem vítima";"576,144";"BR-116/MG";"Crescente";"Saída de pista";1;0;0;0;0;0;0;0;0;0;5;0;0;0;0
"01/03/2025";"07:46:00";"105";"Sem vítima";"12,760";"BR-493/RJ";"Decrescente";"Engavetamento";3;0;0;0;0;0;0;0;0;0;9;0;0;0;0
"01/03/2025";"08:24:00";"119";"Sem vítima";"16,000";"BR-493/RJ";"Decrescente";"Colisão traseira";2;0;0;0;0;0;0;0;0;0;2;0;0;0;0
"01/03/2025";"08:51:00";"127";"Sem vítima";"16,000";"BR-493/RJ";"Decrescente";"Colisão traseira";2;0;0;0;0;0;0;0;0;0;2;0;0;0;0
"01/03/2025";"10:03:00";"145";"Sem vítima";"665,000";"BR-116/MG";"Decrescente";"Queda de moto";0;0;0;1;0;0;0;0;0;0;1;0;0;0;0
"01/03/2025";"10:12:00";"147";"Sem vítima";"19,000";"BR-493/RJ";"Decrescente";"Colisão traseira";2;0;0;0;0;0;0;0;0;0;4;0;0;0;0
"01/03/2025";"10:22:00";"150";"Sem vítima";"81,870";"BR-116/RJ";"Decrescente";"Colisão traseira";2;0;0;0;0;0;0;0;0;0;4;0;0;0;0
"01/03/2025";"14:35:00";"218";"Com vítima";"21,719";"BR-465/RJ";"Decrescente";"Colisão transversal";1;0;0;1;0;0;0;0;0;0;1;0;1;0;0
"01/03/2025";"15:05:00";"230";"Com vítima";"680,374";"BR-116/MG";"Decrescente";"Colisão lateral em sentido contrário";2;0;1;0;0;1;0;0;0;0;5;1;0;0;0
"01/03/2025";"15:11:00";"233";"Sem vítima";"488,700";"BR-116/MG";"Decrescente";"Colisão traseira";1;0;1;0;0;0;0;0;0;0;3;0;0;0;0
"01/03/2025";"15:19:00";"236";"Sem vítima";"13,854";"BR-493/RJ";"Decrescente";"Colisão traseira";1;0;1;0;0;0;0;0;0;0;5;0;0;0;0
"01/03/2025";"15:59:00";"246";"Sem vítima";"477,772";"BR-116/MG";"Decrescente";"Colisão traseira";2;0;0;0;0;0;0;0;0;0;5;0;0;0;0
"01/03/2025";"16:59:00";"262";"Com vítima";"211,000";"BR-116/RJ";"Crescente";"Queda de moto";0;0;0;1;0;0;0;0;0;0;0;2;0;0;0
"01/03/2025";"17:56:00";"272";"Com vítima";"595,000";"BR-116/MG";"Crescente";"Queda de moto";0;0;0;1;0;0;0;0;0;0;0;0;0;1;0
"01/03/2025";"18:46:00";"279";"Com vítima";"537,000";"BR-116/MG";"Decrescente";"Colisão traseira";1;0;0;1;0;0;0;0;0;0;1;0;1;0;0
"01/03/2025";"19:36:00";"290";"Com vítima";"503,000";"BR-116/MG";"Decrescente";"Capotamento";1;0;0;0;0;0;0;0;0;0;1;1;1;0;0
"01/03/2025";"19:52:00";"295";"Com vítima";"583,000";"BR-116/MG";"Decrescente";"Capotamento";1;0;0;0;0;0;0;0;0;0;0;4;0;0;0
"01/03/2025";"22:17:00";"312";"Com vítima";"182,000";"BR-116/RJ";"Decrescente";"Colisão lateral no mesmo sentido";1;0;0;1;0;0;0;0;0;0;1;1;0;0;0
"01/03/2025";"22:24:00";"314";"Com vítima";"566,000";"BR-116/MG";"Decrescente";"Saída de pista";1;0;0;0;0;0;0;0;0;0;0;2;0;0;0
"01/03/2025";"22:24:00";"315";"Com vítima";"5,000";"BR-465/RJ";"Crescente";"Atropelamento de pedestre";0;0;0;1;0;0;0;0;0;0;0;2;0;0;0
"01/03/2025";"22:36:00";"317";"Com vítima";"419,000";"BR-116/MG";"Decrescente";"Queda de moto";0;0;0;1;0;0;0;0;0;0;0;2;0;0;0
"02/03/2025";"02:12:00";"41";"Sem vítima";"422,370";"BR-116/MG";"Crescente";"Atropelamento de animal";0;0;0;0;1;0;0;0;0;0;1;0;0;0;0
"02/03/2025";"02:12:00";"42";"Com vítima";"99,000";"BR-116/RJ";"Decrescente";"Saída de pista";1;0;0;0;0;0;0;0;0;0;0;2;0;0;0
"02/03/2025";"03:29:00";"48";"Com vítima";"19,000";"BR-493/RJ";"Decrescente";"Queda de moto";0;0;0;1;0;0;0;0;0;0;0;1;0;0;0
"02/03/2025";"03:44:00";"49";"Sem vítima";"486,250";"BR-116/MG";"Decrescente";"Choque";1;0;0;0;0;0;0;0;0;0;1;0;0;0;0
"02/03/2025";"03:49:00";"50";"Sem vítima";"169,000";"BR-116/RJ";"Crescente";"Capotamento";1;0;0;0;0;0;0;0;0;0;1;0;0;0;0
"02/03/2025";"06:08:00";"61";"Sem vítima";"558,980";"BR-116/MG";"Crescente";"Capotamento";1;0;0;0;0;0;0;0;0;0;1;0;0;0;0
"02/03/2025";"06:11:00";"62";"Com vítima";"753,695";"BR-116/MG";"Decrescente";"Queda de moto";0;0;0;1;0;0;0;0;0;0;0;2;0;0;0
"02/03/2025";"10:00:00";"108";"Com vítima";"209,000";"BR-116/RJ";"Decrescente";"Choque";1;0;0;0;0;0;0;0;0;0;0;0;1;0;0
"02/03/2025";"10:06:00";"111";"Sem vítima";"554,096";"BR-116/MG";"Crescente";"Colisão lateral em sentido contrário";2;0;0;0;0;0;0;0;0;0;2;0;0;0;0
"02/03/2025";"11:53:00";"130";"Com vítima";"20,736";"BR-465/RJ";"Crescente";"Colisão traseira";1;0;0;1;0;0;0;0;0;0;2;2;0;0;0
"02/03/2025";"12:24:00";"141";"Com vítima";"137,740";"BR-116/RJ";"Decrescente";"Choque";0;0;0;1;0;0;0;0;0;0;0;0;1;0;0
"02/03/2025";"16:33:00";"185";"Com vítima";"169,000";"BR-116/RJ";"Crescente";"Queda de moto";0;0;0;1;0;0;0;0;0;0;0;1;0;0;0
"02/03/2025";"18:06:00";"203";"Com vítima";"194,000";"BR-116/RJ";"Decrescente";"Colisão lateral no mesmo sentido";0;0;0;2;0;0;0;0;0;0;1;0;1;0;0
"02/03/2025";"18:13:00";"205";"Sem vítima";"118,000";"BR-116/RJ";"Crescente";"Queda de moto";0;0;0;1;0;0;0;0;0;0;2;0;0;0;0
"02/03/2025";"18:46:00";"207";"Com vítima";"409,000";"BR-116/MG";"Decrescente";"Choque";1;0;0;0;0;0;0;0;0;0;0;1;0;0;0
"02/03/2025";"19:24:00";"213";"Com vítima";"169,000";"BR-116/RJ";"Decrescente";"Capotamento";2;0;0;0;0;0;0;0;0;0;1;1;0;0;0
"02/03/2025";"19:41:00";"219";"Com vítima";"628,400";"BR-116/MG";"Crescente";"Colisão frontal";0;0;0;2;0;0;0;0;0;0;0;0;0;2;1
"02/03/2025";"20:20:00";"222";"Sem vítima";"602,000";"BR-116/MG";"Decrescente";"Atropelamento de animal";0;0;1;0;0;0;0;0;0;0;3;0;0;0;0
"02/03/2025";"21:10:00";"228";"Sem vítima";"18,500";"BR-465/RJ";"Crescente";"Colisão lateral em sentido contrário";2;0;0;0;0;1;0;0;0;0;4;0;0;0;0
"02/03/2025";"23:58:00";"247";"Sem vítima";"169,000";"BR-116/RJ";"Crescente";"Tombamento";0;0;1;0;0;0;0;0;0;0;1;0;0;0;0
"03/03/2025";"06:44:00";"66";"Com vítima";"62,000";"BR-116/RJ";"Decrescente";"Queda de moto";0;0;0;1;0;0;0;0;0;0;0;1;0;0;0
"03/03/2025";"08:04:00";"78";"Sem vítima";"682,000";"BR-116/MG";"Crescente";"Saída de pista";1;0;0;0;0;0;0;0;0;0;2;0;0;0;0
"03/03/2025";"11:37:00";"111";"Com vítima";"5,630";"BR-493/RJ";"Decrescente";"Colisão frontal";1;0;0;1;0;0;0;0;0;0;1;0;1;0;0
"03/03/2025";"11:57:00";"114";"Com vítima";"555,179";"BR-116/MG";"Crescente";"Tombamento";0;0;0;0;0;1;0;0;0;0;0;0;0;1;0
"03/03/2025";"12:44:00";"121";"Com vítima";"169,200";"BR-116/RJ";"Crescente";"Tombamento";2;0;0;0;0;1;0;0;0;0;2;1;0;0;0
"03/03/2025";"15:59:00";"152";"Com vítima";"432,000";"BR-116/MG";"Decrescente";"Capotamento";1;0;0;0;0;0;0;0;0;0;0;0;2;0;0
"03/03/2025";"16:13:00";"154";"Com vítima";"518,000";"BR-116/MG";"Decrescente";"Capotamento";1;0;0;0;0;0;0;0;0;0;0;2;1;0;0
"03/03/2025";"17:21:00";"165";"Sem vítima";"590,000";"BR-116/MG";"Decrescente";"Saída de pista";1;0;0;0;0;0;0;0;0;0;1;0;0;0;0
"03/03/2025";"19:33:00";"183";"Com vítima";"459,400";"BR-116/MG";"Crescente";"Tombamento";2;0;0;0;0;0;0;0;0;0;0;3;1;0;0
"03/03/2025";"20:57:00";"192";"Com vítima";"789,135";"BR-116/MG";"Decrescente";"Tombamento";0;0;0;0;0;1;0;0;0;0;0;1;0;0;0
"03/03/2025";"22:58:00";"210";"Com vítima";"93,000";"BR-493/RJ";"Crescente";"Colisão lateral no mesmo sentido";1;0;0;1;0;0;0;0;0;0;1;2;0;0;0
"04/03/2025";"10:03:00";"51";"Sem vítima";"442,000";"BR-116/MG";"Crescente";"Saída de pista";1;0;0;0;0;0;0;0;0;0;1;0;0;0;0
"04/03/2025";"10:14:00";"53";"Com vítima";"613,700";"BR-116/MG";"Crescente";"Colisão traseira";0;0;0;1;0;1;0;0;0;0;1;0;1;0;0
"04/03/2025";"10:15:00";"55";"Com vítima";"146,000";"BR-116/RJ";"Decrescente";"Choque";1;0;0;0;0;0;0;0;0;0;0;0;1;0;0
"04/03/2025";"10:43:00";"56";"Com vítima";"20,900";"BR-465/RJ";"Decrescente";"Atropelamento de pedestre";0;0;0;0;0;1;0;0;0;0;1;0;1;0;0
"04/03/2025";"12:06:00";"72";"Com vítima";"134,000";"BR-116/RJ";"Crescente";"Colisão traseira";1;0;0;1;0;0;0;0;0;0;0;2;0;0;0
"04/03/2025";"17:00:00";"121";"Sem vítima";"169,274";"BR-116/RJ";"Decrescente";"Choque";1;0;0;0;0;0;0;0;0;0;1;0;0;0;0
"04/03/2025";"19:01:00";"140";"Com vítima";"171,000";"BR-116/RJ";"Decrescente";"Colisão lateral no mesmo sentido";1;0;0;1;0;0;0;0;0;0;1;2;0;0;0
"04/03/2025";"19:09:00";"143";"Com vítima";"11,000";"BR-493/RJ";"Crescente";"Queda de moto";0;0;0;1;0;0;0;0;0;0;0;1;0;0;0