data;horario;n_da_ocorrencia;tipo_de_ocorrencia;km;trecho;sentido;tipo_de_acidente;automovel;bicicleta;caminhao;moto;onibus;outros;tracao_animal;transporte_de_cargas_especiais;trator_maquinas;utilitarios;ilesos;levemente_feridos;moderadamente_feridos;gravemente_feridos;mortos
"17/03/2025";"10:26:00";"132";"Com vítima";"180,000";"BR-116/RJ";"Crescente";"Colisão lateral no mesmo sentido";2;0;1;0;0;0;0;0;0;0;2;1;0;0;0
"17/03/2025";"10:59:00";"138";"Com vítima";"179,000";"BR-116/RJ";"Crescente";"Colisão lateral no mesmo sentido";0;0;1;1;0;0;0;0;0;0;1;1;0;0;0
"17/03/2025";"11:13:00";"142";"Sem vítima";"177,000";"BR-116/RJ";"Crescente";"Engavetamento";4;0;1;0;0;0;0;0;0;0;5;0;0;0;0
"17/03/2025";"11:56:00";"153";"Sem vítima";"724,000";"BR-116/MG";"Decrescente";"Engavetamento";2;0;1;0;0;0;0;0;0;0;6;0;0;0;0
"17/03/2025";"16:38:00";"204";"Sem vítima";"504,000";"BR-116/MG";"Decrescente";"Engavetamento";1;0;0;0;0;1;0;0;0;1;3;0;0;0;0
"17/03/2025";"16:46:00";"205";"Com vítima";"14,000";"BR-465/RJ";"Decrescente";"Colisão lateral no mesmo sentido";0;0;1;1;0;0;0;0;0;0;1;2;0;0;0
"17/03/2025";"19:27:00";"228";"Sem vítima";"8,000";"BR-493/RJ";"Decrescente";"Colisão traseira";0;0;1;0;1;0;0;0;0;0;2;0;0;0;0
"17/03/2025";"20:04:00";"234";"Com vítima";"535,698";"BR-116/MG";"Decrescente";"Colisão lateral em sentido contrário";0;0;0;0;0;2;0;0;0;0;0;3;0;0;0
"18/03/2025";"00:21:00";"76";"Com vítima";"103,900";"BR-493/RJ";"Crescente";"Atropelamento de animal";1;0;0;0;0;0;0;0;0;0;0;1;0;0;0
"18/03/2025";"07:10:00";"131";"Sem vítima";"179,000";"BR-116/RJ";"Decrescente";"Engavetamento";2;0;0;0;0;1;0;0;0;0;3;0;0;0;0
"18/03/2025";"07:30:00";"135";"Com vítima";"178,000";"BR-116/RJ";"Decrescente";"Colisão lateral no mesmo sentido";1;0;1;1;0;0;0;0;0;0;2;0;1;0;0
"18/03/2025";"07:33:00";"138";"Sem vítima";"22,000";"BR-493/RJ";"Crescente";"Colisão transversal";2;0;0;0;0;0;0;0;0;0;3;0;0;0;0
"18/03/2025";"08:27:00";"143";"Com vítima";"701,000";"BR-116/MG";"Crescente";"Colisão transversal";1;0;0;1;0;0;0;0;0;0;1;1;0;0;0
"18/03/2025";"09:29:00";"156";"Com vítima";"414,000";"BR-116/MG";"Crescente";"Capotamento";1;0;0;0;0;0;0;0;0;0;0;0;1;0;0
"18/03/2025";"11:19:00";"174";"Com vítima";"21,540";"BR-493/RJ";"Decrescente";"Engavetamento";1;0;0;1;0;2;0;0;0;0;3;0;1;0;0
"18/03/2025";"12:17:00";"184";"Sem vítima";"78,000";"BR-493/RJ";"Crescente";"Choque";1;0;0;0;0;0;0;0;0;0;1;0;0;0;0
"18/03/2025";"13:11:00";"196";"Sem vítima";"710,000";"BR-116/MG";"Crescente";"Choque";0;0;1;0;0;0;0;0;0;0;1;0;0;0;0
"18/03/2025";"16:19:00";"235";"Sem vítima";"19,263";"BR-116/RJ";"Decrescente";"Colisão lateral no mesmo sentido";1;0;0;0;0;1;0;0;0;0;2;0;0;0;0
"18/03/2025";"17:21:00";"247";"Com vítima";"681,465";"BR-116/MG";"Decrescente";"Colisão frontal";1;0;1;0;0;2;0;0;0;0;3;0;0;1;0
"18/03/2025";"19:39:00";"267";"Com vítima";"0,000";"BR-493/RJ";"Crescente";"Colisão lateral em sentido contrário";0;0;0;1;0;1;0;0;0;0;1;0;1;0;0
"18/03/2025";"19:40:00";"277";"Sem vítima";"684,000";"BR-116/MG";"Decrescente";"Colisão traseira";0;0;1;0;0;1;0;0;0;0;2;0;0;0;0
"18/03/2025";"20:05:00";"271";"Sem vítima";"519,000";"BR-116/MG";"Crescente";"Colisão lateral no mesmo sentido";2;0;0;0;0;0;0;0;0;0;2;0;0;0;0
"18/03/2025";"20:32:00";"273";"Com vítima";"13,500";"BR-465/RJ";"Decrescente";"Atropelamento de ciclista";0;1;0;0;0;1;0;0;0;0;1;0;0;0;0
"18/03/2025";"21:05:00";"279";"Sem vítima";"422,000";"BR-116/MG";"Crescente";"Atropelamento de animal";0;0;0;0;0;1;0;0;0;0;1;0;0;0;0
"19/03/2025";"06:14:00";"117";"Com vítima";"174,541";"BR-116/RJ";"Decrescente";"Colisão traseira";1;0;0;1;0;0;0;0;0;0;1;1;0;0;0
"19/03/2025";"07:15:00";"130";"Com vítima";"139,204";"BR-116/RJ";"Crescente";"Colisão lateral no mesmo sentido";1;0;0;0;1;0;0;0;0;0;1;0;1;0;0
"19/03/2025";"08:01:00";"142";"Com vítima";"96,000";"BR-493/RJ";"Crescente";"Capotamento";1;0;0;0;0;0;0;0;0;0;0;1;0;0;0
"19/03/2025";"10:20:00";"175";"Com vítima";"751,749";"BR-116/MG";"Crescente";"Tombamento";0;0;2;0;0;0;0;0;0;0;1;1;1;0;0
"19/03/2025";"12:21:00";"202";"Sem vítima";"212,851";"BR-116/RJ";"Crescente";"Colisão traseira";1;0;1;0;0;0;0;0;0;0;3;0;0;0;0
"19/03/2025";"13:11:00";"213";"Com vítima";"21,000";"BR-465/RJ";"Decrescente";"Atropelamento de ciclista";0;1;0;1;0;0;0;0;0;0;2;0;0;0;0
"19/03/2025";"13:16:00";"214";"Sem vítima";"20,677";"BR-493/RJ";"Decrescente";"Colisão traseira";1;0;0;0;0;1;0;0;0;0;6;0;0;0;0
"19/03/2025";"17:16:00";"264";"Com vítima";"182,600";"BR-116/RJ";"Crescente";"Colisão traseira";1;0;0;1;0;0;0;0;0;0;1;1;0;0;0
"19/03/2025";"19:06:00";"283";"Com vítima";"18,000";"BR-465/RJ";"Decrescente";"Colisão frontal";0;0;0;2;0;0;0;0;0;0;2;0;1;0;0
"19/03/2025";"20:06:00";"292";"Com vítima";"5,000";"BR-465/RJ";"Crescente";"Colisão lateral no mesmo sentido";1;0;0;1;0;0;0;0;0;0;1;0;1;0;0
"19/03/2025";"21:00:00";"300";"Sem vítima";"52,000";"BR-493/RJ";"Crescente";"Saída de pista";0;0;0;0;0;0;0;0;0;1;1;0;0;0;0
"20/03/2025";"00:35:00";"55";"Com vítima";"170,000";"BR-116/RJ";"Crescente";"Capotamento";3;0;0;0;0;0;0;0;0;0;4;1;0;0;0
"20/03/2025";"02:52:00";"102";"Com vítima";"183,000";"BR-116/RJ";"Decrescente";"Atropelamento de pedestre";0;0;0;0;0;1;0;0;0;0;1;0;0;1;0
"20/03/2025";"04:33:00";"126";"Sem vítima";"561,684";"BR-116/MG";"Decrescente";"Choque";1;0;0;0;0;0;0;0;0;0;1;0;0;0;0
"20/03/2025";"11:55:00";"216";"Sem vítima";"102,272";"BR-116/RJ";"Crescente";"Choque";1;0;0;0;0;0;0;0;0;0;1;0;0;0;0
"20/03/2025";"12:45:00";"225";"Sem vítima";"702,842";"BR-116/MG";"Crescente";"Colisão traseira";1;0;1;0;0;0;0;0;0;0;2;0;0;0;0
"20/03/2025";"12:59:00";"226";"Sem vítima";"129,500";"BR-116/RJ";"Decrescente";"Choque";0;0;1;0;0;0;0;0;0;0;2;0;0;0;0
"20/03/2025";"13:01:00";"227";"Sem vítima";"48,200";"BR-493/RJ";"Decrescente";"Engavetamento";3;0;0;0;0;0;0;0;0;0;5;0;0;0;0
"20/03/2025";"13:10:00";"228";"Sem vítima";"126,400";"BR-116/RJ";"Decrescente";"Choque";1;0;0;0;0;0;0;0;0;0;3;0;0;0;0
"20/03/2025";"13:50:00";"235";"Sem vítima";"108,209";"BR-116/RJ";"Decrescente";"Choque";1;0;0;0;0;0;0;0;0;0;1;0;0;0;0
"20/03/2025";"15:26:00";"255";"Sem vítima";"140,228";"BR-116/RJ";"Crescente";"Choque";1;0;0;0;0;0;0;0;0;0;1;0;0;0;0
"20/03/2025";"17:03:00";"274";"Com vítima";"132,735";"BR-116/RJ";"Decrescente";"Queda de moto";0;0;0;1;0;0;0;0;0;0;0;1;1;0;0
"20/03/2025";"18:50:00";"295";"Com vítima";"803,000";"BR-116/MG";"Decrescente";"Queda de moto";0;0;0;1;0;0;0;0;0;0;0;1;1;0;0
"20/03/2025";"19:04:00";"298";"Sem vítima";"173,000";"BR-116/RJ";"Decrescente";"Colisão traseira";2;0;0;0;0;0;0;0;0;0;2;0;0;0;0
"20/03/2025";"19:13:00";"300";"Com vítima";"706,000";"BR-116/MG";"Decrescente";"Capotamento";1;0;0;0;0;0;0;0;0;0;0;2;0;0;0
"20/03/2025";"20:21:00";"313";"Com vítima";"745,000";"BR-116/MG";"Decrescente";"Colisão lateral em sentido contrário";1;0;1;0;0;0;0;0;0;0;1;2;0;0;0
"20/03/2025";"20:49:00";"316";"Com vítima";"182,000";"BR-116/RJ";"Crescente";"Colisão lateral no mesmo sentido";1;0;0;1;0;0;0;0;0;0;2;1;0;0;0
"21/03/2025";"07:15:00";"22";"Com vítima";"82,238";"BR-116/RJ";"Crescente";"Colisão transversal";1;0;0;1;0;0;0;0;0;0;2;1;0;0;0
"21/03/2025";"07:23:00";"26";"Com vítima";"195,923";"BR-116/RJ";"Decrescente";"Colisão lateral no mesmo sentido";0;0;1;1;0;0;0;0;0;0;1;1;0;0;0
"21/03/2025";"07:26:00";"27";"Sem vítima";"467,000";"BR-116/MG";"Crescente";"Colisão traseira";0;0;2;0;0;0;0;0;0;0;2;0;0;0;0
"21/03/2025";"08:18:00";"36";"Sem vítima";"182,000";"BR-116/RJ";"Crescente";"Engavetamento";1;0;0;0;0;2;0;0;0;0;3;0;0;0;0
"21/03/2025";"11:47:00";"88";"Sem vítima";"173,000";"BR-116/RJ";"Decrescente";"Engavetamento";2;0;0;0;0;0;0;0;0;1;3;0;0;0;0
"21/03/2025";"14:25:00";"120";"Com vítima";"444,000";"BR-116/MG";"Decrescente";"Atropelamento de ciclista";0;1;0;0;0;1;0;0;0;0;1;0;0;0;0
"21/03/2025";"15:32:00";"130";"Com vítima";"83,000";"BR-493/RJ";"Crescente";"Capotamento";1;0;0;0;0;0;0;0;0;0;0;2;0;0;0
"21/03/2025";"19:09:00";"174";"Sem vítima";"118,000";"BR-116/RJ";"Decrescente";"Colisão lateral no mesmo sentido";1;0;0;0;0;1;0;0;0;0;2;0;0;0;0
"21/03/2025";"19:21:00";"175";"Com vítima";"541,050";"BR-116/MG";"Decrescente";"Colisão transversal";1;0;0;1;0;0;0;0;0;0;1;0;0;1;0
"21/03/2025";"19:26:00";"176";"Com vítima";"140,000";"BR-116/RJ";"Crescente";"Colisão traseira";0;0;0;1;0;1;0;0;0;0;1;1;0;0;0
"21/03/2025";"19:57:00";"179";"Com vítima";"174,000";"BR-116/RJ";"Crescente";"Queda de moto";0;0;0;1;0;0;0;0;0;0;0;0;2;0;0
"21/03/2025";"22:29:00";"203";"Com vítima";"118,200";"BR-116/RJ";"Decrescente";"Queda de moto";0;0;0;0;0;1;0;0;0;0;0;1;0;0;0
"22/03/2025";"07:15:00";"57";"Com vítima";"109,000";"BR-116/RJ";"Decrescente";"Atropelamento de pedestre";1;0;0;0;0;0;0;0;0;0;1;0;1;0;0
"22/03/2025";"08:42:00";"69";"Com vítima";"82,100";"BR-116/RJ";"Decrescente";"Colisão transversal";0;1;0;1;0;0;0;0;0;0;0;0;1;0;0
"22/03/2025";"10:49:00";"102";"Com vítima";"695,000";"BR-116/MG";"Crescente";"Capotamento";1;0;0;0;0;0;0;0;0;0;0;4;1;0;0
"22/03/2025";"11:59:00";"112";"Com vítima";"18,000";"BR-493/RJ";"Crescente";"Colisão transversal";1;0;0;1;0;0;0;0;0;0;1;1;0;0;0
"22/03/2025";"21:30:00";"206";"Sem vítima";"13,670";"BR-493/RJ";"Crescente";"Colisão traseira";2;0;0;0;0;0;0;0;0;0;2;0;0;0;0
"23/03/2025";"01:38:00";"28";"Com vítima";"51,788";"BR-493/RJ";"Crescente";"Choque";1;0;0;0;0;0;0;0;0;0;0;2;0;0;0
"23/03/2025";"01:43:00";"29";"Com vítima";"6,000";"BR-493/RJ";"Crescente";"Colisão frontal";1;0;0;1;0;0;0;0;0;0;0;2;0;0;0
"23/03/2025";"02:09:00";"31";"Com vítima";"189,000";"BR-116/RJ";"Crescente";"Capotamento";1;0;0;0;0;0;0;0;0;0;0;3;0;0;0
"23/03/2025";"09:53:00";"75";"Sem vítima";"112,700";"BR-493/RJ";"Crescente";"Choque";1;0;0;0;0;0;0;0;0;0;1;0;0;0;0
"23/03/2025";"12:31:00";"92";"Sem vítima";"134,000";"BR-116/RJ";"Crescente";"Colisão traseira";1;0;1;0;0;0;0;0;0;0;2;0;0;0;0
"23/03/2025";"12:46:00";"96";"Com vítima";"140,000";"BR-116/RJ";"Decrescente";"Colisão lateral no mesmo sentido";1;0;0;1;0;0;0;0;0;0;1;1;0;0;0
"23/03/2025";"14:54:00";"123";"Com vítima";"452,000";"BR-116/MG";"Crescente";"Capotamento";1;0;0;0;0;0;0;0;0;0;0;1;0;0;0
"23/03/2025";"17:15:00";"149";"Sem vítima";"212,000";"BR-116/RJ";"Decrescente";"Colisão traseira";0;0;0;0;0;2;0;0;0;0;2;0;0;0;0
"23/03/2025";"19:23:00";"179";"Sem vítima";"116,700";"BR-493/RJ";"Crescente";"Choque";1;0;0;0;0;0;0;0;0;0;1;0;0;0;0
"23/03/2025";"21:03:00";"196";"Com vítima";"213,000";"BR-116/RJ";"Crescente";"Atropelamento de ciclista";0;1;0;1;0;0;0;0;0;0;0;0;1;0;0
"23/03/2025";"21:09:00";"198";"Sem vítima";"182,300";"BR-116/RJ";"Crescente";"Colisão lateral no mesmo sentido";1;0;0;0;1;0;0;0;0;0;4;0;0;0;0
"23/03/2025";"21:10:00";"202";"Com vítima";"182,000";"BR-116/RJ";"Crescente";"Colisão traseira";1;0;0;1;0;0;0;0;0;0;2;0;1;0;0
"23/03/2025";"21:13:00";"200";"Com vítima";"205,000";"BR-116/RJ";"Crescente";"Queda de moto";0;0;0;1;0;0;0;0;0;0;0;2;0;0;0
"23/03/2025";"21:57:00";"207";"Sem vítima";"605,700";"BR-116/MG";"Decrescente";"Choque";1;0;0;0;0;0;0;0;0;0;2;0;0;0;0
"23/03/2025";"22:02:00";"208";"Sem vítima";"52,362";"BR-493/RJ";"Crescente";"Queda de moto";0;0;0;1;0;0;0;0;0;0;1;0;0;0;0
"24/03/2025";"05:12:00";"53";"Sem vítima";"142,000";"BR-116/RJ";"Crescente";"Choque";1;0;0;0;0;0;0;0;0;0;2;0;0;0;0
"24/03/2025";"07:13:00";"69";"Sem vítima";"555,000";"BR-116/MG";"Decrescente";"Saída de pista";0;0;1;0;0;0;0;0;0;0;1;0;0;0;0
"24/03/2025";"07:30:00";"71";"Sem vítima";"104,577";"BR-116/RJ";"Crescente";"Choque";1;0;0;0;0;0;0;0;0;0;1;0;0;0;0
"24/03/2025";"07:44:00";"77";"Sem vítima";"177,982";"BR-116/RJ";"Decrescente";"Colisão lateral no mesmo sentido";1;0;0;1;0;0;0;0;0;0;2;0;0;0;0
"24/03/2025";"09:43:00";"106";"Sem vítima";"107,722";"BR-116/RJ";"Decrescente";"Colisão lateral em sentido contrário";1;0;1;0;0;0;0;0;0;0;2;0;0;0;0
"24/03/2025";"12:39:00";"143";"Sem vítima";"98,723";"BR-116/RJ";"Crescente";"Tombamento";0;0;0;0;0;0;0;0;0;1;2;0;0;0;0
"24/03/2025";"13:27:00";"152";"Sem vítima";"180,396";"BR-116/RJ";"Crescente";"Colisão lateral no mesmo sentido";1;0;0;1;0;0;0;0;0;0;2;0;0;0;0
"24/03/2025";"14:35:00";"160";"Com vítima";"21,500";"BR-465/RJ";"Crescente";"Colisão transversal";1;0;0;1;0;0;0;0;0;0;1;0;1;0;0
"24/03/2025";"17:21:00";"195";"Com vítima";"19,749";"BR-493/RJ";"Crescente";"Atropelamento de ciclista";1;1;0;0;0;0;0;0;0;0;1;0;0;0;0
"24/03/2025";"17:33:00";"196";"Sem vítima";"809,000";"BR-116/MG";"Crescente";"Choque";0;0;1;0;0;0;0;0;0;0;1;0;0;0;0
"24/03/2025";"18:50:00";"200";"Com vítima";"53,000";"BR-493/RJ";"Decrescente";"Capotamento";2;0;0;0;0;0;0;0;0;0;0;3;1;0;0
"24/03/2025";"18:53:00";"202";"Sem vítima";"13,000";"BR-493/RJ";"Decrescente";"Saída de pista";0;0;1;0;0;0;0;0;0;0;1;0;0;0;0
"24/03/2025";"19:12:00";"206";"Sem vítima";"112,700";"BR-493/RJ";"Crescente";"Choque";1;0;0;0;0;0;0;0;0;0;1;0;0;0;0
"24/03/2025";"19:34:00";"208";"Sem vítima";"524,000";"BR-116/MG";"Decrescente";"Colisão transversal";1;0;0;1;0;0;0;0;0;0;2;0;0;0;0
"24/03/2025";"20:38:00";"214";"Com vítima";"190,000";"BR-116/RJ";"Crescente";"Queda de moto";0;0;0;1;0;0;0;0;0;0;0;1;1;0;0
"24/03/2025";"21:03:00";"219";"Sem vítima";"70,000";"BR-116/RJ";"Decrescente";"Colisão traseira";0;0;1;0;0;1;0;0;0;0;2;0;0;0;0
"24/03/2025";"21:08:00";"220";"Com vítima";"202,000";"BR-116/RJ";"Decrescente";"Colisão traseira";0;0;1;0;0;1;0;0;0;0;0;3;1;0;0
"25/03/2025";"08:00:00";"125";"Sem vítima";"173,623";"BR-116/RJ";"Decrescente";"Colisão traseira";1;0;1;0;0;0;0;0;0;0;2;0;0;0;0
"25/03/2025";"10:04:00";"149";"Sem vítima";"812,000";"BR-116/MG";"Crescente";"Capotamento";0;0;1;0;0;0;0;0;0;0;1;0;0;0;0
"25/03/2025";"10:29:00";"154";"Sem vítima";"137,709";"BR-116/RJ";"Decrescente";"Choque";1;0;0;0;0;0;0;0;0;0;1;0;0;0;0
"25/03/2025";"10:40:00";"156";"Sem vítima";"63,804";"BR-493/RJ";"Decrescente";"Choque";0;0;0;0;0;1;0;0;0;1;3;0;0;0;0
"25/03/2025";"13:22:00";"184";"Sem vítima";"664,000";"BR-116/MG";"Crescente";"Colisão lateral no mesmo sentido";0;0;2;0;0;0;0;0;0;0;2;0;0;0;0
"25/03/2025";"15:41:00";"217";"Com vítima";"173,436";"BR-116/RJ";"Decrescente";"Colisão traseira";1;0;0;1;0;0;0;0;0;0;1;1;1;0;0
"25/03/2025";"16:07:00";"223";"Com vítima";"196,394";"BR-116/RJ";"Decrescente";"Choque";1;0;0;0;0;0;0;0;0;0;0;1;0;0;0
"25/03/2025";"17:15:00";"235";"Sem vítima";"176,000";"BR-116/RJ";"Crescente";"Queda de moto";0;0;0;1;0;0;0;0;0;0;1;0;0;0;0
"25/03/2025";"20:20:00";"271";"Sem vítima";"90,000";"BR-116/RJ";"Crescente";"Colisão traseira";0;0;1;0;0;1;0;0;0;0;2;0;0;0;0
"25/03/2025";"20:27:00";"272";"Sem vítima";"14,000";"BR-465/RJ";"Crescente";"Colisão lateral em sentido contrário";1;0;0;0;1;0;0;0;0;0;2;0;0;0;0
"25/03/2025";"23:26:00";"286";"Com vítima";"185,000";"BR-116/RJ";"Crescente";"Choque";1;0;0;0;0;0;0;0;0;0;0;1;0;0;0
"25/03/2025";"23:49:00";"290";"Sem vítima";"202,000";"BR-116/RJ";"Decrescente";"Queda de moto";0;0;0;1;0;0;0;0;0;0;1;0;0;0;0
"25/03/2025";"23:54:00";"292";"Sem vítima";"58,000";"BR-493/RJ";"Decrescente";"Atropelamento de animal";1;0;1;0;0;0;0;0;0;0;2;0;0;0;0
"26/03/2025";"00:12:00";"41";"Sem vítima";"185,000";"BR-116/RJ";"Crescente";"Engavetamento";0;0;0;1;0;2;0;0;0;0;3;0;0;0;0
"26/03/2025";"06:15:00";"120";"Sem vítima";"135,000";"BR-116/RJ";"Decrescente";"Choque";1;0;1;0;0;0;0;0;0;0;2;0;0;0;0
"26/03/2025";"06:54:00";"123";"Sem vítima";"136,000";"BR-116/RJ";"Decrescente";"Colisão traseira";0;0;1;0;0;1;0;0;0;0;2;0;0;0;0
"26/03/2025";"07:21:00";"130";"Com vítima";"186,000";"BR-116/RJ";"Decrescente";"Colisão lateral no mesmo sentido";1;0;0;2;0;0;0;0;0;0;0;4;1;0;0
"26/03/2025";"07:30:00";"136";"Com vítima";"703,000";"BR-116/MG";"Decrescente";"Colisão transversal";0;0;0;1;0;0;0;0;0;1;1;1;0;0;0
"26/03/2025";"07:59:00";"140";"Com vítima";"68,000";"BR-493/RJ";"Decrescente";"Saída de pista";0;0;1;0;0;0;0;0;0;0;1;1;0;0;0
"26/03/2025";"14:47:00";"209";"Com vítima";"780,455";"BR-116/MG";"Decrescente";"Capotamento";0;0;0;0;0;1;0;0;0;0;0;0;1;0;0
"26/03/2025";"15:52:00";"217";"Com vítima";"182,000";"BR-116/RJ";"Crescente";"Colisão lateral no mesmo sentido";1;0;0;1;0;0;0;0;0;0;1;1;0;0;0
"26/03/2025";"16:08:00";"220";"Sem vítima";"21,492";"BR-493/RJ";"Decrescente";"Engavetamento";2;0;2;0;1;0;0;0;0;0;7;0;0;0;0
"26/03/2025";"16:31:00";"227";"Com vítima";"181,000";"BR-116/RJ";"Crescente";"Colisão traseira";2;0;0;1;0;0;0;0;0;0;0;5;0;0;0
"26/03/2025";"16:49:00";"229";"Com vítima";"23,900";"BR-116/RJ";"Decrescente";"Choque";1;0;0;0;0;0;0;0;0;0;0;1;0;0;0
"26/03/2025";"16:56:00";"231";"Sem vítima";"110,000";"BR-493/RJ";"Decrescente";"Capotamento";1;0;0;0;0;0;0;0;0;0;1;0;0;0;0
"26/03/2025";"18:01:00";"241";"Sem vítima";"659,015";"BR-116/MG";"Decrescente";"Colisão traseira";1;0;0;0;0;0;0;0;0;1;5;0;0;0;0
"26/03/2025";"18:41:00";"247";"Com vítima";"606,700";"BR-116/MG";"Crescente";"Atropelamento de pedestre";1;0;0;0;0;0;0;0;0;0;1;0;0;1;0
"26/03/2025";"19:40:00";"257";"Sem vítima";"720,000";"BR-116/MG";"Crescente";"Choque";1;0;0;0;0;0;0;0;0;0;4;0;0;0;0
"26/03/2025";"20:39:00";"263";"Com vítima";"775,000";"BR-116/MG";"Crescente";"Colisão traseira";2;0;0;0;0;0;0;0;0;0;3;1;0;0;0
"27/03/2025";"11:44:00";"180";"Com vítima";"544,000";"BR-116/MG";"Decrescente";"Choque";0;0;0;1;0;0;0;0;0;0;0;0;1;0;0
"27/03/2025";"12:44:00";"195";"Com vítima";"48,200";"BR-493/RJ";"Decrescente";"Colisão traseira";1;0;0;0;0;0;0;0;0;1;1;1;0;1;0
"27/03/2025";"12:53:00";"196";"Sem vítima";"96,000";"BR-493/RJ";"Decrescente";"Colisão lateral no mesmo sentido";1;0;0;0;0;0;0;0;0;0;1;0;0;0;0
"27/03/2025";"13:38:00";"203";"Sem vítima";"183,000";"BR-116/RJ";"Crescente";"Engavetamento";3;0;0;0;0;0;0;0;0;0;3;0;0;0;0
"27/03/2025";"15:19:00";"225";"Com vítima";"170,000";"BR-116/RJ";"Decrescente";"Colisão traseira";2;0;0;0;0;0;0;0;0;0;0;2;0;0;0
"27/03/2025";"16:30:00";"240";"Com vítima";"90,000";"BR-493/RJ";"Decrescente";"Saída de pista";0;0;1;0;0;1;0;0;0;0;1;0;1;0;0
"27/03/2025";"18:28:00";"254";"Com vítima";"179,763";"BR-116/RJ";"Crescente";"Colisão traseira";2;0;1;0;0;0;0;0;0;0;0;3;0;0;0
"27/03/2025";"19:09:00";"264";"Sem vítima";"52,000";"BR-493/RJ";"Crescente";"Saída de pista";1;0;0;0;0;0;0;0;0;0;2;0;0;0;0
"27/03/2025";"19:32:00";"269";"Com vítima";"772,000";"BR-116/MG";"Crescente";"Colisão traseira";1;0;0;0;0;2;0;0;0;0;2;1;0;0;0
"27/03/2025";"19:33:00";"270";"Com vítima";"414,000";"BR-116/MG";"Crescente";"Colisão transversal";1;0;0;1;0;0;0;0;0;0;1;0;1;0;0
"27/03/2025";"20:13:00";"276";"Com vítima";"99,000";"BR-116/RJ";"Decrescente";"Colisão frontal";2;0;0;0;0;0;0;0;0;0;0;3;0;0;0
"28/03/2025";"01:48:00";"112";"Com vítima";"189,525";"BR-116/RJ";"Crescente";"Queda de moto";0;0;0;1;0;0;0;0;0;0;0;1;0;0;0
"28/03/2025";"06:35:00";"132";"Com vítima";"171,189";"BR-116/RJ";"Decrescente";"Colisão lateral no mesmo sentido";1;0;0;1;0;0;0;0;0;0;3;1;0;0;0
"28/03/2025";"07:12:00";"142";"Com vítima";"130,179";"BR-116/RJ";"Decrescente";"Capotamento";1;0;0;0;0;0;0;0;0;0;2;1;0;0;0
"28/03/2025";"07:46:00";"147";"Com vítima";"136,151";"BR-116/RJ";"Decrescente";"Choque";1;0;0;1;0;0;0;0;0;0;1;0;1;0;0
"28/03/2025";"07:48:00";"149";"Sem vítima";"77,928";"BR-116/RJ";"Decrescente";"Colisão traseira";1;0;1;0;0;0;0;0;0;0;2;0;0;0;0
"28/03/2025";"09:23:00";"162";"Sem vítima";"143,500";"BR-116/RJ";"Crescente";"Queda de moto";0;0;0;1;0;0;0;0;0;0;2;0;0;0;0
"28/03/2025";"10:42:00";"182";"Com vítima";"195,955";"BR-116/RJ";"Decrescente";"Colisão traseira";0;0;0;1;1;0;0;0;0;0;1;0;1;0;0
"28/03/2025";"10:54:00";"184";"Sem vítima";"93,000";"BR-116/RJ";"Decrescente";"Colisão frontal";1;0;0;1;0;0;0;0;0;0;3;0;0;0;0
"28/03/2025";"14:19:00";"233";"Sem vítima";"40,000";"BR-116/RJ";"Crescente";"Engavetamento";2;0;0;0;0;0;0;0;0;0;4;0;0;0;0
"28/03/2025";"15:52:00";"247";"Com vítima";"528,000";"BR-116/MG";"Crescente";"Colisão lateral em sentido contrário";1;0;0;1;0;0;0;0;0;0;1;1;0;0;0
"28/03/2025";"16:23:00";"254";"Com vítima";"21,053";"BR-465/RJ";"Crescente";"Colisão lateral em sentido contrário";1;0;0;1;0;0;0;0;0;0;1;1;1;0;0
"28/03/2025";"17:25:00";"276";"Com vítima";"180,879";"BR-116/RJ";"Crescente";"Colisão lateral no mesmo sentido";1;0;0;1;0;0;0;0;0;0;1;0;1;0;0
"28/03/2025";"18:35:00";"292";"Sem vítima";"50,000";"BR-493/RJ";"Crescente";"Engavetamento";1;0;0;0;0;1;0;0;0;1;7;0;0;0;0
"28/03/2025";"18:49:00";"296";"Com vítima";"184,000";"BR-116/RJ";"Decrescente";"Atropelamento de ciclista";1;1;0;0;0;0;0;0;0;0;1;0;0;0;0
"28/03/2025";"19:04:00";"302";"Sem vítima";"15,000";"BR-465/RJ";"Crescente";"Colisão traseira";2;0;0;0;0;0;0;0;0;0;2;0;0;0;0
"28/03/2025";"19:36:00";"305";"Sem vítima";"42,000";"BR-116/RJ";"Decrescente";"Colisão traseira";2;0;0;0;0;0;0;0;0;0;2;0;0;0;0