data;horario;n_da_ocorrencia;tipo_de_ocorrencia;km;trecho;sentido;tipo_de_acidente;automovel;bicicleta;caminhao;moto;onibus;outros;tracao_animal;transporte_de_cargas_especiais;trator_maquinas;utilitarios;ilesos;levemente_feridos;moderadamente_feridos;gravemente_feridos;mortos
"08/04/2025";"19:10:00";"306";"Sem vítima";"108,000";"BR-116/RJ";"Decrescente";"Choque";1;0;0;0;0;0;0;0;0;0;1;0;0;0;0
"09/04/2025";"08:41:00";"166";"Com vítima";"68,000";"BR-493/RJ";"Crescente";"Capotamento";1;0;0;0;0;0;0;0;0;0;0;1;0;0;0
"09/04/2025";"09:37:00";"183";"Com vítima";"186,000";"BR-116/RJ";"Decrescente";"Queda de moto";0;0;0;1;0;0;0;0;0;0;0;2;0;0;0
"09/04/2025";"13:01:00";"229";"Sem vítima";"200,000";"BR-116/RJ";"Decrescente";"Choque";1;0;0;0;0;0;0;0;0;0;1;0;0;0;0
"09/04/2025";"16:39:00";"271";"Com vítima";"20,938";"BR-465/RJ";"Crescente";"Engavetamento";1;0;1;0;0;1;0;0;0;0;2;1;0;0;0
"09/04/2025";"16:54:00";"277";"Com vítima";"178,000";"BR-116/RJ";"Crescente";"Queda de moto";0;0;0;1;0;0;0;0;0;0;0;1;1;0;0
"09/04/2025";"18:53:00";"295";"Com vítima";"110,000";"BR-116/RJ";"Crescente";"Colisão lateral em sentido contrário";1;0;0;1;0;0;0;0;0;0;1;0;0;1;0
"09/04/2025";"19:17:00";"300";"Com vítima";"175,467";"BR-116/RJ";"Crescente";"Colisão traseira";1;0;0;1;0;0;0;0;0;0;1;0;0;0;1
"09/04/2025";"20:54:00";"312";"Com vítima";"175,000";"BR-116/RJ";"Crescente";"Colisão lateral no mesmo sentido";0;0;0;1;0;1;0;0;0;0;1;1;0;0;0
"10/04/2025";"04:26:00";"108";"Com vítima";"16,000";"BR-465/RJ";"Decrescente";"Colisão lateral no mesmo sentido";0;0;0;1;1;0;0;0;0;0;0;2;0;0;0
"10/04/2025";"05:36:00";"111";"Sem vítima";"87,000";"BR-116/RJ";"Decrescente";"Colisão traseira";2;0;0;0;0;0;0;0;0;0;2;0;0;0;0
"10/04/2025";"11:04:00";"178";"Com vítima";"137,000";"BR-116/RJ";"Decrescente";"Colisão traseira";1;0;0;1;0;0;0;0;0;0;1;0;1;0;0
"10/04/2025";"12:04:00";"189";"Sem vítima";"139,000";"BR-116/RJ";"Crescente";"Colisão lateral no mesmo sentido";2;0;0;0;0;0;0;0;0;0;2;0;0;0;0
"10/04/2025";"19:08:00";"263";"Sem vítima";"52,000";"BR-493/RJ";"Crescente";"Choque";1;0;0;0;0;0;0;0;0;0;1;0;0;0;0
"10/04/2025";"19:46:00";"274";"Sem vítima";"52,000";"BR-493/RJ";"Crescente";"Choque";1;0;0;0;0;0;0;0;0;0;1;0;0;0;0
"10/04/2025";"19:46:00";"275";"Sem vítima";"52,000";"BR-493/RJ";"Crescente";"Choque";1;0;0;0;0;0;0;0;0;0;1;0;0;0;0
"11/04/2025";"10:11:00";"214";"Sem vítima";"139,000";"BR-116/RJ";"Crescente";"Acidentes de outra natureza";0;0;0;0;0;0;0;0;0;1;1;0;0;0;0
"11/04/2025";"10:27:00";"219";"Com vítima";"526,294";"BR-116/MG";"Decrescente";"Colisão traseira";1;0;0;1;0;0;0;0;0;0;1;1;0;0;0
"11/04/2025";"13:25:00";"268";"Com vítima";"19,000";"BR-493/RJ";"Decrescente";"Colisão transversal";0;0;0;1;0;1;0;0;0;0;2;0;1;0;0
"11/04/2025";"14:05:00";"277";"Com vítima";"27,000";"BR-116/RJ";"Crescente";"Queda de moto";0;0;0;1;0;0;0;0;0;0;0;0;1;0;0
"11/04/2025";"14:38:00";"287";"Com vítima";"30,898";"BR-116/RJ";"Decrescente";"Tombamento";0;0;0;0;0;1;0;0;0;0;0;2;0;0;0
"11/04/2025";"15:52:00";"306";"Com vítima";"137,785";"BR-116/RJ";"Decrescente";"Queda de moto";0;0;0;1;0;0;0;0;0;0;0;1;0;0;0
"11/04/2025";"16:00:00";"311";"Com vítima";"6,852";"BR-116/RJ";"Decrescente";"Acidentes de outra natureza";1;0;0;0;0;0;0;0;0;0;0;1;0;0;0
"11/04/2025";"18:15:00";"333";"Com vítima";"524,000";"BR-116/MG";"Decrescente";"Atropelamento de pedestre";1;0;0;0;0;0;0;0;0;0;1;1;0;0;0
"11/04/2025";"18:21:00";"334";"Com vítima";"778,000";"BR-116/MG";"Decrescente";"Colisão frontal";0;0;1;0;0;2;0;0;0;0;0;2;0;0;1
"11/04/2025";"18:27:00";"336";"Sem vítima";"173,000";"BR-116/RJ";"Crescente";"Colisão traseira";2;0;0;0;0;0;0;0;0;0;2;0;0;0;0
"11/04/2025";"19:46:00";"347";"Sem vítima";"77,000";"BR-493/RJ";"Decrescente";"Choque";1;0;0;0;0;0;0;0;0;0;1;0;0;0;0
"11/04/2025";"19:58:00";"351";"Com vítima";"421,000";"BR-116/MG";"Decrescente";"Colisão lateral no mesmo sentido";1;0;1;0;0;0;0;0;0;0;1;1;0;0;0
"11/04/2025";"20:05:00";"353";"Sem vítima";"172,000";"BR-116/RJ";"Crescente";"Colisão traseira";1;0;0;0;1;0;0;0;0;0;2;0;0;0;0
"11/04/2025";"20:34:00";"361";"Com vítima";"112,000";"BR-493/RJ";"Decrescente";"Saída de pista";1;0;0;0;0;0;0;0;0;0;0;4;0;0;0
"11/04/2025";"21:33:00";"368";"Sem vítima";"197,000";"BR-116/RJ";"Decrescente";"Colisão traseira";2;0;0;0;0;0;0;0;0;0;4;0;0;0;0
"12/04/2025";"00:33:00";"32";"Com vítima";"173,000";"BR-116/RJ";"Crescente";"Engavetamento";4;0;0;0;0;0;0;0;0;0;5;1;0;0;0
"12/04/2025";"07:39:00";"138";"Sem vítima";"736,000";"BR-116/MG";"Decrescente";"Colisão transversal";1;0;0;1;0;0;0;0;0;0;2;0;0;0;0
"12/04/2025";"08:49:00";"156";"Sem vítima";"551,880";"BR-116/MG";"Crescente";"Colisão lateral no mesmo sentido";0;0;0;1;0;0;0;0;0;0;2;0;0;0;0
"12/04/2025";"08:56:00";"157";"Sem vítima";"174,727";"BR-116/RJ";"Decrescente";"Colisão traseira";2;0;0;0;0;0;0;0;0;0;4;0;0;0;0
"12/04/2025";"10:49:00";"183";"Sem vítima";"1,000";"BR-493/RJ";"Decrescente";"Colisão lateral no mesmo sentido";1;0;0;0;0;1;0;0;0;0;2;0;0;0;0
"12/04/2025";"12:08:00";"197";"Com vítima";"83,000";"BR-116/RJ";"Crescente";"Colisão lateral no mesmo sentido";0;0;0;1;0;0;0;0;0;0;0;2;0;0;0
"12/04/2025";"12:27:00";"200";"Com vítima";"458,000";"BR-116/MG";"Crescente";"Colisão traseira";0;0;0;1;0;0;0;0;0;1;3;1;0;0;0
"12/04/2025";"12:28:00";"201";"Sem vítima";"546,000";"BR-116/MG";"Decrescente";"Choque";1;0;0;0;0;0;0;0;0;0;2;0;0;0;0
"12/04/2025";"13:06:00";"209";"Sem vítima";"530,000";"BR-116/MG";"Decrescente";"Colisão traseira";1;0;0;0;0;1;0;0;0;0;2;0;0;0;0
"12/04/2025";"17:49:00";"267";"Com vítima";"21,000";"BR-465/RJ";"Crescente";"Colisão lateral no mesmo sentido";1;0;0;2;0;0;0;0;0;0;2;0;2;0;0
"12/04/2025";"21:30:00";"295";"Com vítima";"815,000";"BR-116/MG";"Crescente";"Colisão lateral no mesmo sentido";1;0;0;1;0;0;0;0;0;0;1;1;0;0;0
"12/04/2025";"21:41:00";"296";"Sem vítima";"646,000";"BR-116/MG";"Crescente";"Saída de pista";1;0;0;0;0;0;0;0;0;0;1;0;0;0;0
"12/04/2025";"23:22:00";"306";"Com vítima";"676,000";"BR-116/MG";"Crescente";"Atropelamento de animal";0;0;0;1;0;0;0;0;0;0;0;1;0;0;0
"13/04/2025";"03:30:00";"29";"Sem vítima";"132,000";"BR-116/RJ";"Crescente";"Saída de pista";1;0;0;0;0;0;0;0;0;0;1;0;0;0;0
"13/04/2025";"04:27:00";"34";"Sem vítima";"129,000";"BR-116/RJ";"Decrescente";"Choque";1;0;0;0;0;0;0;0;0;0;2;0;0;0;0
"13/04/2025";"07:15:00";"45";"Com vítima";"812,950";"BR-116/MG";"Decrescente";"Capotamento";1;0;0;0;0;0;0;0;0;0;0;1;0;0;0
"13/04/2025";"08:34:00";"54";"Sem vítima";"173,222";"BR-116/RJ";"Crescente";"Colisão traseira";2;0;0;0;0;0;0;0;0;0;2;0;0;0;0
"13/04/2025";"10:45:00";"78";"Com vítima";"144,792";"BR-116/RJ";"Crescente";"Queda de moto";0;0;0;1;0;0;0;0;0;0;0;0;1;0;0
"13/04/2025";"11:02:00";"80";"Com vítima";"144,502";"BR-116/RJ";"Decrescente";"Colisão lateral no mesmo sentido";0;0;0;1;0;1;0;0;0;0;1;1;1;0;0
"13/04/2025";"16:17:00";"134";"Sem vítima";"576,191";"BR-116/MG";"Decrescente";"Choque";0;0;0;0;0;1;0;0;0;0;1;0;0;0;0
"13/04/2025";"16:21:00";"135";"Com vítima";"189,525";"BR-116/RJ";"Crescente";"Queda de moto";0;0;0;1;0;0;0;0;0;0;0;0;1;0;0
"13/04/2025";"16:30:00";"139";"Com vítima";"41,845";"BR-116/RJ";"Crescente";"Queda de moto";0;0;0;1;0;0;0;0;0;0;0;1;0;0;0
"13/04/2025";"16:41:00";"141";"Sem vítima";"189,000";"BR-116/RJ";"Crescente";"Queda de moto";0;0;0;1;0;0;0;0;0;0;1;0;0;0;0
"13/04/2025";"18:01:00";"156";"Com vítima";"580,000";"BR-116/MG";"Decrescente";"Colisão frontal";0;0;0;1;0;0;0;0;0;1;1;0;1;0;0
"13/04/2025";"18:14:00";"158";"Com vítima";"178,000";"BR-116/RJ";"Crescente";"Queda de moto";0;0;0;1;0;0;0;0;0;0;1;1;0;0;0
"13/04/2025";"18:25:00";"161";"Sem vítima";"171,000";"BR-116/RJ";"Decrescente";"Colisão traseira";2;0;0;0;0;0;0;0;0;0;2;0;0;0;0
"13/04/2025";"18:27:00";"162";"Com vítima";"169,000";"BR-116/RJ";"Decrescente";"Colisão lateral no mesmo sentido";1;0;0;1;0;0;0;0;0;0;2;1;0;0;0
"13/04/2025";"18:28:00";"163";"Com vítima";"573,000";"BR-116/MG";"Decrescente";"Engavetamento";5;0;0;0;0;0;0;0;0;0;1;5;3;0;0
"13/04/2025";"18:34:00";"165";"Com vítima";"194,000";"BR-116/RJ";"Decrescente";"Queda de moto";0;0;0;1;0;0;0;0;0;0;1;1;0;0;0
"13/04/2025";"18:58:00";"167";"Sem vítima";"518,000";"BR-116/MG";"Decrescente";"Saída de pista";1;0;0;0;0;0;0;0;0;0;1;0;0;0;0
"13/04/2025";"20:17:00";"180";"Sem vítima";"96,000";"BR-493/RJ";"Decrescente";"Saída de pista";1;0;0;0;0;0;0;0;0;0;1;0;0;0;0
"13/04/2025";"20:32:00";"184";"Com vítima";"91,000";"BR-493/RJ";"Decrescente";"Atropelamento de animal";0;0;0;1;0;0;0;0;0;0;0;0;1;0;0
"13/04/2025";"21:04:00";"190";"Com vítima";"179,000";"BR-116/RJ";"Decrescente";"Colisão traseira";0;0;1;1;0;0;0;0;0;0;1;0;0;1;0
"13/04/2025";"21:40:00";"194";"Com vítima";"76,800";"BR-116/RJ";"Decrescente";"Saída de pista";1;0;0;0;0;0;0;0;0;0;0;1;0;0;0
"13/04/2025";"23:10:00";"201";"Com vítima";"82,000";"BR-116/RJ";"Crescente";"Capotamento";1;0;0;0;0;0;0;0;0;0;0;0;1;0;0
"14/04/2025";"00:59:00";"55";"Com vítima";"170,000";"BR-116/RJ";"Decrescente";"Queda de moto";0;0;0;1;0;0;0;0;0;0;0;0;2;0;0
"14/04/2025";"03:52:00";"87";"Sem vítima";"70,000";"BR-493/RJ";"Crescente";"Colisão traseira";1;0;0;1;0;0;0;0;0;0;2;0;0;0;0
"14/04/2025";"06:16:00";"97";"Com vítima";"103,753";"BR-493/RJ";"Crescente";"Queda de moto";0;0;0;1;0;0;0;0;0;0;0;1;0;0;0
"14/04/2025";"06:45:00";"98";"Com vítima";"51,000";"BR-493/RJ";"Decrescente";"Capotamento";1;0;0;0;0;0;0;0;0;0;2;1;0;0;0
"14/04/2025";"06:53:00";"101";"Com vítima";"184,000";"BR-116/RJ";"Decrescente";"Queda de moto";0;0;0;1;0;0;0;0;0;0;0;1;0;0;0
"14/04/2025";"06:56:00";"102";"Sem vítima";"131,000";"BR-116/RJ";"Crescente";"Saída de pista";1;0;0;0;0;0;0;0;0;0;1;0;0;0;0
"14/04/2025";"07:36:00";"110";"Sem vítima";"30,000";"BR-116/RJ";"Crescente";"Saída de pista";0;0;1;0;0;0;0;0;0;0;2;0;0;0;0
"14/04/2025";"07:40:00";"112";"Com vítima";"172,000";"BR-116/RJ";"Decrescente";"Colisão lateral no mesmo sentido";1;0;0;1;0;0;0;0;0;0;1;1;0;0;0
"14/04/2025";"08:43:00";"123";"Sem vítima";"1,000";"BR-493/RJ";"Decrescente";"Colisão traseira";1;0;0;1;0;0;0;0;0;0;3;0;0;0;0
"14/04/2025";"10:24:00";"141";"Com vítima";"54,425";"BR-116/RJ";"Decrescente";"Tombamento";0;0;1;0;0;0;0;0;0;0;0;0;2;0;0
"14/04/2025";"10:31:00";"146";"Com vítima";"171,046";"BR-116/RJ";"Decrescente";"Colisão lateral no mesmo sentido";0;0;0;1;1;0;0;0;0;0;1;1;0;0;0
"14/04/2025";"10:53:00";"150";"Sem vítima";"715,400";"BR-116/MG";"Decrescente";"Tombamento";0;0;0;0;0;1;0;0;0;0;1;0;0;0;0
"14/04/2025";"13:59:00";"182";"Sem vítima";"192,000";"BR-116/RJ";"Decrescente";"Colisão traseira";3;0;0;0;0;0;0;0;0;0;4;0;0;0;0
"14/04/2025";"15:41:00";"199";"Com vítima";"174,000";"BR-116/RJ";"Crescente";"Queda de moto";0;0;0;1;0;0;0;0;0;0;0;0;1;0;0
"14/04/2025";"18:32:00";"230";"Sem vítima";"148,000";"BR-116/RJ";"Decrescente";"Colisão lateral no mesmo sentido";1;0;0;0;0;1;0;0;0;0;2;0;0;0;0
"14/04/2025";"18:40:00";"232";"Sem vítima";"173,000";"BR-116/RJ";"Decrescente";"Engavetamento";3;0;0;0;0;0;0;0;0;0;3;0;0;0;0
"14/04/2025";"20:14:00";"247";"Sem vítima";"533,100";"BR-116/MG";"Crescente";"Colisão lateral em sentido contrário";1;0;0;0;0;1;0;0;0;0;2;0;0;0;0
"14/04/2025";"22:24:00";"272";"Com vítima";"5,000";"BR-116/RJ";"Crescente";"Atropelamento de animal";1;0;0;0;0;0;0;0;0;0;0;2;0;0;0
"15/04/2025";"00:26:00";"46";"Com vítima";"18,000";"BR-493/RJ";"Crescente";"Colisão transversal";1;0;0;1;0;0;0;0;0;0;1;1;1;0;0
"15/04/2025";"05:53:00";"134";"Sem vítima";"178,000";"BR-116/RJ";"Decrescente";"Choque";1;0;0;0;0;1;0;0;0;0;2;0;0;0;0
"15/04/2025";"06:16:00";"135";"Sem vítima";"177,800";"BR-116/RJ";"Decrescente";"Colisão traseira";1;0;0;1;0;0;0;0;0;0;2;0;0;0;0
"15/04/2025";"06:44:00";"139";"Com vítima";"147,160";"BR-116/RJ";"Crescente";"Engavetamento";9;0;0;0;0;0;0;0;0;0;9;2;0;0;0
"15/04/2025";"07:09:00";"147";"Sem vítima";"146,000";"BR-116/RJ";"Crescente";"Engavetamento";3;0;0;0;0;1;0;0;0;0;5;0;0;0;0
"15/04/2025";"07:10:00";"148";"Sem vítima";"460,000";"BR-116/MG";"Decrescente";"Colisão traseira";0;0;1;0;0;0;0;0;0;1;2;0;0;0;0
"15/04/2025";"08:14:00";"158";"Com vítima";"428,697";"BR-116/MG";"Decrescente";"Queda de moto";0;0;0;1;0;0;0;0;0;0;0;2;0;0;0
"15/04/2025";"08:26:00";"165";"Sem vítima";"525,149";"BR-116/MG";"Decrescente";"Engavetamento";3;0;0;0;0;1;0;0;0;0;4;0;0;0;0
"15/04/2025";"09:19:00";"175";"Com vítima";"186,000";"BR-116/RJ";"Decrescente";"Colisão traseira";0;0;0;1;0;1;0;0;0;0;1;1;0;0;0
"15/04/2025";"15:05:00";"235";"Com vítima";"173,000";"BR-116/RJ";"Decrescente";"Engavetamento";2;0;0;0;0;1;0;0;0;0;2;1;0;0;0
"15/04/2025";"15:42:00";"247";"Com vítima";"173,000";"BR-116/RJ";"Crescente";"Queda de moto";0;0;0;1;0;0;0;0;0;0;0;2;0;0;0
"15/04/2025";"18:25:00";"274";"Com vítima";"105,000";"BR-493/RJ";"Crescente";"Queda de moto";0;0;0;1;0;0;0;0;0;0;0;0;2;0;0
"15/04/2025";"18:25:00";"275";"Sem vítima";"182,000";"BR-116/RJ";"Crescente";"Engavetamento";2;0;0;0;1;0;0;0;0;0;4;0;0;0;0
"15/04/2025";"19:01:00";"283";"Com vítima";"5,800";"BR-465/RJ";"Crescente";"Colisão traseira";1;0;0;1;0;0;0;0;0;0;1;1;0;0;0
"15/04/2025";"19:05:00";"285";"Com vítima";"96,000";"BR-493/RJ";"Crescente";"Choque";1;0;0;0;0;0;0;0;0;0;0;1;0;0;0
"15/04/2025";"19:44:00";"294";"Sem vítima";"196,000";"BR-116/RJ";"Decrescente";"Colisão traseira";2;0;0;0;0;0;0;0;0;0;2;0;0;0;0
"16/04/2025";"05:29:00";"155";"Com vítima";"105,050";"BR-493/RJ";"Crescente";"Atropelamento de animal";0;0;0;1;0;0;0;0;0;0;0;1;0;0;0
"16/04/2025";"06:56:00";"164";"Sem vítima";"193,837";"BR-116/RJ";"Crescente";"Colisão traseira";1;0;0;0;0;1;0;0;0;0;2;0;0;0;0
"16/04/2025";"08:00:00";"179";"Com vítima";"175,684";"BR-116/RJ";"Crescente";"Engavetamento";1;0;1;0;1;0;0;0;0;0;8;1;0;0;0
"16/04/2025";"08:39:00";"188";"Sem vítima";"487,825";"BR-116/MG";"Crescente";"Colisão traseira";1;0;0;0;0;1;0;0;0;0;2;0;0;0;0
"16/04/2025";"10:03:00";"213";"Com vítima";"488,884";"BR-116/MG";"Decrescente";"Colisão lateral no mesmo sentido";1;0;1;0;0;1;0;0;0;0;3;1;1;0;0
"16/04/2025";"12:12:00";"233";"Com vítima";"89,000";"BR-493/RJ";"Decrescente";"Saída de pista";1;0;0;0;0;0;0;0;0;0;0;0;1;0;0
"16/04/2025";"16:02:00";"275";"Com vítima";"18,579";"BR-493/RJ";"Crescente";"Colisão traseira";0;0;0;1;0;0;0;0;0;1;1;0;1;0;0
"16/04/2025";"16:04:00";"276";"Sem vítima";"10,000";"BR-465/RJ";"Crescente";"Saída de pista";0;0;1;0;0;0;0;0;0;0;1;0;0;0;0
"16/04/2025";"17:46:00";"296";"Sem vítima";"180,000";"BR-116/RJ";"Crescente";"Engavetamento";3;0;0;0;0;0;0;0;0;0;3;0;0;0;0
"16/04/2025";"18:35:00";"304";"Com vítima";"184,000";"BR-116/RJ";"Decrescente";"Colisão lateral no mesmo sentido";0;0;0;1;0;0;0;0;0;0;1;2;0;0;0
"16/04/2025";"18:55:00";"306";"Com vítima";"137,000";"BR-116/RJ";"Crescente";"Choque";0;0;1;0;0;0;0;0;0;0;0;1;1;0;0
"16/04/2025";"19:34:00";"312";"Com vítima";"420,000";"BR-116/MG";"Decrescente";"Queda de moto";0;0;0;1;0;0;0;0;0;0;0;1;0;0;0
"16/04/2025";"20:04:00";"318";"Sem vítima";"412,000";"BR-116/MG";"Decrescente";"Colisão traseira";1;0;0;1;0;0;0;0;0;0;2;0;0;0;0
"16/04/2025";"20:34:00";"321";"Sem vítima";"99,000";"BR-116/RJ";"Crescente";"Choque";0;0;1;0;0;0;0;0;0;0;2;0;0;0;0
"16/04/2025";"22:22:00";"337";"Com vítima";"765,000";"BR-116/MG";"Decrescente";"Atropelamento de ciclista";1;1;0;0;0;0;0;0;0;0;2;0;0;0;0
"16/04/2025";"23:22:00";"342";"Com vítima";"105,000";"BR-116/RJ";"Crescente";"Tombamento";0;0;1;0;0;0;0;0;0;0;0;1;1;0;0
"17/04/2025";"09:51:00";"189";"Sem vítima";"491,572";"BR-116/MG";"Decrescente";"Saída de pista";1;0;0;0;0;0;0;0;0;0;1;0;0;0;0
"17/04/2025";"09:53:00";"190";"Sem vítima";"186,000";"BR-116/RJ";"Decrescente";"Colisão lateral no mesmo sentido";1;0;1;0;0;0;0;0;0;0;2;0;0;0;0
"17/04/2025";"10:09:00";"195";"Com vítima";"23,880";"BR-493/RJ";"Crescente";"Tombamento";1;0;0;0;0;1;0;0;0;0;1;1;0;0;0
"17/04/2025";"10:18:00";"196";"Sem vítima";"174,000";"BR-116/RJ";"Decrescente";"Engavetamento";2;0;0;2;0;0;0;0;0;0;6;0;0;0;0
"17/04/2025";"10:31:00";"199";"Com vítima";"5,000";"BR-465/RJ";"Crescente";"Queda de bicicleta";0;1;0;0;0;0;0;0;0;0;0;0;0;0;0
"17/04/2025";"11:28:00";"212";"Sem vítima";"576,918";"BR-116/MG";"Decrescente";"Tombamento";0;0;0;0;0;1;0;0;0;0;1;0;0;0;0
"17/04/2025";"12:19:00";"221";"Sem vítima";"172,000";"BR-116/RJ";"Decrescente";"Colisão traseira";2;0;0;0;0;0;0;0;0;0;4;0;0;0;0
"17/04/2025";"17:16:00";"274";"Com vítima";"184,002";"BR-116/RJ";"Decrescente";"Capotamento";1;0;0;0;0;0;0;0;0;0;0;1;0;0;0
"17/04/2025";"17:56:00";"281";"Com vítima";"148,000";"BR-116/RJ";"Decrescente";"Colisão lateral no mesmo sentido";1;0;0;1;0;0;0;0;0;0;2;0;1;0;0
"17/04/2025";"18:30:00";"286";"Com vítima";"144,000";"BR-116/RJ";"Decrescente";"Engavetamento";2;0;0;0;0;0;0;0;0;1;1;3;1;0;0
"17/04/2025";"18:37:00";"288";"Com vítima";"107,000";"BR-493/RJ";"Decrescente";"Atropelamento de animal";0;0;0;1;0;0;0;0;0;0;0;1;0;0;0
"17/04/2025";"21:11:00";"312";"Com vítima";"171,000";"BR-116/RJ";"Crescente";"Colisão traseira";2;0;0;0;0;0;0;0;0;0;1;1;0;0;0
"17/04/2025";"21:57:00";"317";"Com vítima";"116,000";"BR-116/RJ";"Decrescente";"Choque";1;0;0;1;0;0;0;0;0;0;1;0;1;0;0
"18/04/2025";"07:31:00";"43";"Sem vítima";"0,800";"BR-465/RJ";"Crescente";"Queda de moto";0;0;0;1;0;0;0;0;0;0;2;0;0;0;0
"18/04/2025";"10:44:00";"95";"Sem vítima";"184,000";"BR-116/RJ";"Crescente";"Colisão traseira";1;0;0;0;0;1;0;0;0;0;3;0;0;0;0
"18/04/2025";"11:18:00";"103";"Sem vítima";"209,025";"BR-116/RJ";"Crescente";"Colisão traseira";2;0;0;0;0;0;0;0;0;0;5;0;0;0;0
"18/04/2025";"12:06:00";"112";"Sem vítima";"59,000";"BR-116/RJ";"Crescente";"Saída de pista";1;0;0;0;0;0;0;0;0;0;1;0;0;0;0
"18/04/2025";"14:28:00";"140";"Sem vítima";"186,000";"BR-116/RJ";"Decrescente";"Colisão traseira";2;0;0;0;0;0;0;0;0;0;3;0;0;0;0
"18/04/2025";"15:08:00";"156";"Com vítima";"176,000";"BR-116/RJ";"Crescente";"Colisão traseira";1;0;0;1;0;0;0;0;0;0;1;1;1;0;0
"18/04/2025";"16:32:00";"176";"Com vítima";"169,000";"BR-116/RJ";"Decrescente";"Colisão traseira";1;0;0;0;0;1;0;0;0;0;1;2;0;0;0
"18/04/2025";"22:04:00";"222";"Com vítima";"21,500";"BR-465/RJ";"Crescente";"Colisão frontal";0;0;0;2;0;0;0;0;0;0;1;1;0;0;0
"18/04/2025";"22:33:00";"227";"Com vítima";"22,400";"BR-465/RJ";"Decrescente";"Colisão lateral no mesmo sentido";0;0;0;2;0;0;0;0;0;0;1;2;0;0;0
"18/04/2025";"22:41:00";"230";"Com vítima";"96,000";"BR-493/RJ";"Crescente";"Choque";1;0;0;0;0;0;0;0;0;0;0;4;0;0;0
"18/04/2025";"23:36:00";"237";"Com vítima";"111,000";"BR-116/RJ";"Decrescente";"Choque";0;0;0;1;0;0;0;0;0;0;0;0;2;0;0
"19/04/2025";"02:34:00";"12";"Com vítima";"202,000";"BR-116/RJ";"Crescente";"Choque";1;0;0;0;0;0;0;0;0;0;0;0;0;0;1
"19/04/2025";"06:08:00";"20";"Sem vítima";"176,000";"BR-116/RJ";"Decrescente";"Queda de moto";1;0;0;0;0;0;0;0;0;0;2;0;0;0;0
"19/04/2025";"08:21:00";"40";"Com vítima";"522,000";"BR-116/MG";"Decrescente";"Colisão transversal";1;0;0;1;0;0;0;0;0;0;0;1;0;1;0
"19/04/2025";"14:32:00";"98";"Com vítima";"122,000";"BR-116/RJ";"Crescente";"Queda de moto";0;0;0;1;0;0;0;0;0;0;0;1;0;0;0
"19/04/2025";"15:07:00";"106";"Com vítima";"205,000";"BR-116/RJ";"Decrescente";"Colisão traseira";1;0;0;0;0;1;0;0;0;0;1;1;0;0;0
"19/04/2025";"17:16:00";"126";"Com vítima";"209,000";"BR-116/RJ";"Decrescente";"Colisão lateral no mesmo sentido";1;0;0;1;0;0;0;0;0;0;1;2;0;0;0
"19/04/2025";"17:17:00";"127";"Com vítima";"18,000";"BR-465/RJ";"Crescente";"Choque";1;0;0;0;0;0;0;0;0;0;0;1;0;0;0
"19/04/2025";"17:28:00";"130";"Com vítima";"772,000";"BR-116/MG";"Decrescente";"Colisão transversal";1;0;0;1;0;0;0;0;0;0;0;3;0;0;0
"19/04/2025";"17:54:00";"133";"Sem vítima";"170,000";"BR-116/RJ";"Decrescente";"Colisão lateral no mesmo sentido";0;0;1;1;0;0;0;0;0;0;2;0;0;0;0
"19/04/2025";"18:35:00";"137";"Com vítima";"21,000";"BR-465/RJ";"Crescente";"Engavetamento";2;0;0;0;0;0;0;0;0;1;0;3;0;0;0
"20/04/2025";"01:11:00";"12";"Sem vítima";"780,900";"BR-116/MG";"Crescente";"Choque";1;0;0;0;0;0;0;0;0;0;4;0;0;0;0
"20/04/2025";"01:37:00";"15";"Com vítima";"202,550";"BR-116/RJ";"Crescente";"Atropelamento de animal";1;0;0;0;0;0;0;0;0;0;0;2;0;0;0
"20/04/2025";"02:06:00";"20";"Com vítima";"494,827";"BR-116/MG";"Crescente";"Queda de moto";0;0;0;1;0;0;0;0;0;0;0;0;0;0;1
"20/04/2025";"02:19:00";"22";"Sem vítima";"141,000";"BR-116/RJ";"Decrescente";"Atropelamento de animal";1;0;0;0;0;0;0;0;0;0;2;0;0;0;0
"20/04/2025";"04:34:00";"29";"Sem vítima";"46,600";"BR-116/RJ";"Crescente";"Saída de pista";1;0;0;0;0;0;0;0;0;0;1;0;0;0;0
"20/04/2025";"07:10:00";"40";"Sem vítima";"577,000";"BR-116/MG";"Crescente";"Capotamento";1;0;0;0;0;0;0;0;0;0;1;0;0;0;0
"20/04/2025";"08:32:00";"53";"Com vítima";"170,000";"BR-116/RJ";"Crescente";"Capotamento";1;0;0;0;0;0;0;0;0;0;0;1;0;0;0