data;horario;n_da_ocorrencia;tipo_de_ocorrencia;km;trecho;sentido;tipo_de_acidente;automovel;bicicleta;caminhao;moto;onibus;outros;tracao_animal;transporte_de_cargas_especiais;trator_maquinas;utilitarios;ilesos;levemente_feridos;moderadamente_feridos;gravemente_feridos;mortos
"20/04/2025";"14:38:00";"115";"Sem vítima";"541,159";"BR-116/MG";"Decrescente";"Colisão lateral em sentido contrário";2;0;0;0;0;1;0;0;0;0;4;0;0;0;0
"20/04/2025";"15:00:00";"121";"Com vítima";"189,000";"BR-116/RJ";"Crescente";"Colisão traseira";1;0;0;1;0;0;0;0;0;0;6;1;0;0;0
"20/04/2025";"15:49:00";"132";"Sem vítima";"509,000";"BR-116/MG";"Decrescente";"Colisão transversal";2;0;0;0;0;0;0;0;0;0;2;0;0;0;0
"20/04/2025";"19:06:00";"162";"Com vítima";"13,800";"BR-465/RJ";"Decrescente";"Atropelamento de ciclista";0;1;0;1;0;0;0;0;0;0;2;1;0;0;0
"20/04/2025";"20:57:00";"173";"Sem vítima";"106,000";"BR-116/RJ";"Crescente";"Choque";1;0;0;0;0;0;0;0;0;0;1;0;0;0;0
"20/04/2025";"23:08:00";"183";"Sem vítima";"52,000";"BR-493/RJ";"Crescente";"Choque";1;0;0;0;0;0;0;0;0;0;1;0;0;0;0
"21/04/2025";"01:56:00";"13";"Sem vítima";"193,100";"BR-116/RJ";"Decrescente";"Atropelamento de animal";1;0;0;0;0;0;0;0;0;0;1;0;0;0;0
"21/04/2025";"01:56:00";"15";"Sem vítima";"193,000";"BR-116/RJ";"Decrescente";"Atropelamento de animal";1;0;0;0;0;0;0;0;0;0;2;0;0;0;0
"21/04/2025";"05:10:00";"24";"Sem vítima";"102,000";"BR-493/RJ";"Crescente";"Choque";1;0;0;0;0;0;0;0;0;0;1;0;0;0;0
"21/04/2025";"06:46:00";"35";"Sem vítima";"211,211";"BR-116/RJ";"Decrescente";"Saída de pista";1;0;0;0;0;0;0;0;0;0;1;0;0;0;0
"21/04/2025";"08:12:00";"52";"Sem vítima";"120,000";"BR-493/RJ";"Crescente";"Saída de pista";1;0;0;0;0;0;0;0;0;0;1;0;0;0;0
"21/04/2025";"09:54:00";"77";"Com vítima";"86,054";"BR-116/RJ";"Decrescente";"Colisão lateral no mesmo sentido";1;0;0;1;0;0;0;0;0;0;1;1;0;0;0
"21/04/2025";"10:33:00";"87";"Sem vítima";"698,830";"BR-116/MG";"Decrescente";"Colisão traseira";0;0;0;0;0;1;0;0;0;0;2;0;0;0;0
"21/04/2025";"11:03:00";"97";"Sem vítima";"98,730";"BR-116/RJ";"Decrescente";"Colisão lateral em sentido contrário";2;0;0;0;0;0;0;0;0;0;3;0;0;0;0
"21/04/2025";"13:43:00";"129";"Sem vítima";"99,000";"BR-116/RJ";"Decrescente";"Choque";1;0;0;0;0;0;0;0;0;0;2;0;0;0;0
"21/04/2025";"14:58:00";"146";"Sem vítima";"785,490";"BR-116/MG";"Crescente";"Capotamento";1;0;0;0;0;0;0;0;0;0;1;0;0;0;0
"21/04/2025";"16:15:00";"164";"Com vítima";"5,500";"BR-493/RJ";"Decrescente";"Atropelamento de ciclista";1;1;0;0;0;0;0;0;0;0;1;0;0;0;0
"21/04/2025";"17:45:00";"180";"Sem vítima";"92,000";"BR-116/RJ";"Decrescente";"Saída de pista";1;0;0;0;0;0;0;0;0;0;1;0;0;0;0
"21/04/2025";"18:10:00";"181";"Com vítima";"774,450";"BR-116/MG";"Crescente";"Choque";1;0;0;0;0;0;0;0;0;0;0;6;0;0;0
"21/04/2025";"18:23:00";"183";"Sem vítima";"6,000";"BR-465/RJ";"Decrescente";"Choque";1;0;0;0;0;0;0;0;0;0;1;0;0;0;0
"21/04/2025";"19:05:00";"188";"Com vítima";"95,000";"BR-493/RJ";"Crescente";"Saída de pista";1;0;0;0;0;0;0;0;0;0;1;1;0;0;0
"21/04/2025";"19:11:00";"189";"Sem vítima";"108,000";"BR-116/RJ";"Decrescente";"Choque";1;0;0;0;0;0;0;0;0;0;1;0;0;0;0
"21/04/2025";"19:12:00";"191";"Sem vítima";"618,000";"BR-116/MG";"Decrescente";"Colisão traseira";1;0;1;0;0;0;0;0;0;0;2;0;0;0;0
"21/04/2025";"20:53:00";"203";"Sem vítima";"186,000";"BR-116/RJ";"Decrescente";"Engavetamento";2;0;0;0;0;0;0;0;0;1;7;0;0;0;0
"21/04/2025";"21:57:00";"207";"Com vítima";"14,000";"BR-465/RJ";"Crescente";"Colisão traseira";1;0;0;1;0;0;0;0;0;0;1;0;1;0;0
"22/04/2025";"02:36:00";"9";"Com vítima";"118,000";"BR-116/RJ";"Decrescente";"Colisão traseira";1;0;1;0;0;0;0;0;0;0;3;1;0;0;0
"22/04/2025";"04:20:00";"14";"Com vítima";"725,000";"BR-116/MG";"Crescente";"Choque";1;0;0;0;0;0;0;0;0;0;0;1;0;0;0
"22/04/2025";"07:32:00";"32";"Com vítima";"415,300";"BR-116/MG";"Decrescente";"Atropelamento de ciclista";0;1;0;1;0;0;0;0;0;0;2;0;0;0;0
"22/04/2025";"08:51:00";"53";"Sem vítima";"95,300";"BR-493/RJ";"Crescente";"Capotamento";1;0;0;0;0;0;0;0;0;0;1;0;0;0;0
"22/04/2025";"13:01:00";"111";"Com vítima";"169,000";"BR-116/RJ";"Crescente";"Colisão traseira";2;0;0;0;0;0;0;0;0;0;1;0;1;0;0
"22/04/2025";"14:37:00";"123";"Sem vítima";"0,000";"BR-493/RJ";"Crescente";"Colisão lateral em sentido contrário";2;0;0;0;0;0;0;0;0;0;4;0;0;0;0
"22/04/2025";"15:05:00";"125";"Sem vítima";"198,300";"BR-116/RJ";"Decrescente";"Queda de moto";0;0;0;1;0;0;0;0;0;0;2;0;0;0;0
"22/04/2025";"16:45:00";"148";"Sem vítima";"135,000";"BR-116/RJ";"Crescente";"Colisão lateral no mesmo sentido";1;0;0;0;0;1;0;0;0;0;3;0;0;0;0
"23/04/2025";"05:01:00";"13";"Com vítima";"675,000";"BR-116/MG";"Decrescente";"Colisão lateral em sentido contrário";1;0;1;0;0;0;0;0;0;0;4;1;0;0;0
"23/04/2025";"05:12:00";"16";"Com vítima";"190,000";"BR-116/RJ";"Decrescente";"Colisão traseira";0;0;0;1;0;0;0;0;0;1;0;1;1;0;0
"23/04/2025";"07:35:00";"34";"Sem vítima";"184,000";"BR-116/RJ";"Crescente";"Colisão traseira";1;0;0;1;0;0;0;0;0;0;2;0;0;0;0
"23/04/2025";"08:13:00";"39";"Com vítima";"703,960";"BR-116/MG";"Crescente";"Colisão lateral no mesmo sentido";1;0;0;1;0;0;0;0;0;0;1;1;0;0;0
"23/04/2025";"08:23:00";"46";"Sem vítima";"147,000";"BR-116/RJ";"Crescente";"Colisão traseira";2;0;0;0;0;0;0;0;0;0;2;0;0;0;0
"23/04/2025";"08:32:00";"43";"Com vítima";"540,752";"BR-116/MG";"Crescente";"Choque";1;0;0;0;0;0;0;0;0;0;0;1;0;0;0
"23/04/2025";"09:43:00";"62";"Com vítima";"9,930";"BR-465/RJ";"Decrescente";"Colisão traseira";1;0;0;1;0;0;0;0;0;0;1;0;1;0;0
"23/04/2025";"11:07:00";"76";"Com vítima";"191,000";"BR-116/RJ";"Crescente";"Colisão lateral no mesmo sentido";0;0;0;1;0;0;0;0;0;1;0;2;0;0;0
"23/04/2025";"11:38:00";"83";"Com vítima";"608,000";"BR-116/MG";"Decrescente";"Queda de moto";0;0;0;1;0;0;0;0;0;0;0;1;0;0;0
"23/04/2025";"16:45:00";"143";"Com vítima";"142,000";"BR-116/RJ";"Decrescente";"Colisão traseira";0;0;0;0;2;0;0;0;0;0;3;1;0;0;0
"23/04/2025";"18:01:00";"154";"Com vítima";"606,700";"BR-116/MG";"Decrescente";"Colisão transversal";1;0;0;1;0;0;0;0;0;0;0;2;1;0;0
"23/04/2025";"19:46:00";"170";"Com vítima";"181,000";"BR-116/RJ";"Crescente";"Engavetamento";1;0;0;2;0;0;0;0;0;0;2;2;0;0;0
"23/04/2025";"19:47:00";"171";"Com vítima";"172,000";"BR-116/RJ";"Crescente";"Queda de moto";0;0;0;1;0;0;0;0;0;0;0;1;1;0;0
"23/04/2025";"20:12:00";"177";"Sem vítima";"171,000";"BR-116/RJ";"Decrescente";"Colisão traseira";2;0;0;0;0;0;0;0;0;0;2;0;0;0;0
"23/04/2025";"20:21:00";"181";"Com vítima";"59,542";"BR-493/RJ";"Decrescente";"Atropelamento de ciclista";1;1;0;0;0;0;0;0;0;0;2;0;0;0;0
"23/04/2025";"20:42:00";"186";"Com vítima";"136,000";"BR-116/RJ";"Crescente";"Colisão lateral no mesmo sentido";2;0;0;0;0;0;0;0;0;0;1;1;0;0;0
"24/04/2025";"00:33:00";"8";"Com vítima";"55,800";"BR-493/RJ";"Crescente";"Capotamento";1;0;0;0;0;0;0;0;0;0;0;2;2;1;1
"24/04/2025";"00:39:00";"10";"Com vítima";"83,000";"BR-493/RJ";"Crescente";"Choque";1;0;0;0;0;0;0;0;0;0;0;0;1;0;0
"24/04/2025";"00:52:00";"11";"Sem vítima";"705,000";"BR-116/MG";"Decrescente";"Colisão lateral em sentido contrário";0;0;0;0;0;2;0;0;0;0;2;0;0;0;0
"24/04/2025";"01:18:00";"12";"Com vítima";"803,500";"BR-116/MG";"Decrescente";"Saída de pista";0;0;0;0;0;1;0;0;0;0;0;1;0;0;0
"24/04/2025";"06:04:00";"25";"Sem vítima";"192,000";"BR-116/RJ";"Decrescente";"Choque";0;0;1;0;0;0;0;0;0;0;1;0;0;0;0
"24/04/2025";"06:15:00";"26";"Sem vítima";"181,000";"BR-116/RJ";"Decrescente";"Colisão traseira";1;0;0;1;0;0;0;0;0;0;2;0;0;0;0
"24/04/2025";"07:52:00";"42";"Com vítima";"629,000";"BR-116/MG";"Crescente";"Queda de moto";0;0;0;1;0;0;0;0;0;0;0;1;0;0;0
"24/04/2025";"08:19:00";"50";"Sem vítima";"33,000";"BR-116/RJ";"Crescente";"Choque";0;0;0;0;0;0;0;0;0;1;1;0;0;0;0
"24/04/2025";"09:44:00";"73";"Com vítima";"173,000";"BR-116/RJ";"Decrescente";"Colisão lateral no mesmo sentido";0;0;1;0;1;0;0;0;0;0;1;2;0;0;0
"24/04/2025";"11:34:00";"96";"Com vítima";"170,957";"BR-116/RJ";"Decrescente";"Engavetamento";4;0;2;1;0;0;0;0;0;0;4;1;2;0;0
"24/04/2025";"11:57:00";"102";"Com vítima";"131,000";"BR-116/RJ";"Crescente";"Queda de moto";0;0;0;1;0;0;0;0;0;0;0;2;0;0;0
"24/04/2025";"12:50:00";"112";"Sem vítima";"10,000";"BR-493/RJ";"Decrescente";"Engavetamento";1;0;0;0;0;1;0;0;0;0;3;0;0;0;0
"24/04/2025";"17:38:00";"158";"Com vítima";"666,000";"BR-116/MG";"Decrescente";"Colisão traseira";1;0;0;0;0;1;0;0;0;0;1;1;0;0;0
"24/04/2025";"17:47:00";"161";"Com vítima";"546,050";"BR-116/MG";"Decrescente";"Colisão lateral no mesmo sentido";0;0;2;0;0;0;0;0;0;0;0;3;0;0;0
"24/04/2025";"18:09:00";"166";"Com vítima";"139,926";"BR-116/RJ";"Decrescente";"Atropelamento de animal";1;0;0;0;0;0;0;0;0;0;0;1;1;0;0
"24/04/2025";"19:49:00";"182";"Com vítima";"93,000";"BR-493/RJ";"Decrescente";"Choque";1;0;0;0;0;0;0;0;0;0;0;0;1;0;0
"24/04/2025";"19:55:00";"186";"Com vítima";"173,000";"BR-116/RJ";"Crescente";"Colisão traseira";2;0;0;0;0;0;0;0;0;0;0;2;0;0;0
"24/04/2025";"20:52:00";"187";"Com vítima";"693,719";"BR-116/MG";"Crescente";"Colisão frontal";1;0;0;0;0;1;0;0;0;0;0;1;0;0;1
"24/04/2025";"23:32:00";"211";"Com vítima";"22,000";"BR-465/RJ";"Crescente";"Colisão lateral no mesmo sentido";1;0;0;1;0;0;0;0;0;0;0;2;0;0;0
"25/04/2025";"00:56:00";"81";"Com vítima";"436,000";"BR-116/MG";"Decrescente";"Atropelamento de animal";0;0;0;0;0;1;0;0;0;0;0;1;0;0;0
"25/04/2025";"05:42:00";"135";"Com vítima";"174,442";"BR-116/RJ";"Decrescente";"Colisão lateral no mesmo sentido";0;0;0;1;0;0;0;0;0;1;1;1;0;0;0
"25/04/2025";"06:50:00";"146";"Com vítima";"6,885";"BR-116/RJ";"Crescente";"Colisão lateral em sentido contrário";1;0;0;0;0;1;0;0;0;0;1;0;1;1;0
"25/04/2025";"07:12:00";"154";"Sem vítima";"780,000";"BR-116/MG";"Decrescente";"Saída de pista";1;0;0;0;0;0;0;0;0;0;1;0;0;0;0
"25/04/2025";"07:54:00";"164";"Com vítima";"414,000";"BR-116/MG";"Decrescente";"Colisão transversal";0;0;0;2;0;0;0;0;0;0;1;1;0;0;0
"25/04/2025";"08:55:00";"173";"Com vítima";"175,739";"BR-116/RJ";"Decrescente";"Queda de moto";0;0;0;1;0;0;0;0;0;0;0;2;0;0;0
"25/04/2025";"10:18:00";"189";"Sem vítima";"203,401";"BR-116/RJ";"Decrescente";"Choque";1;0;0;0;0;0;0;0;0;0;1;0;0;0;0
"25/04/2025";"10:41:00";"194";"Com vítima";"117,353";"BR-116/RJ";"Decrescente";"Colisão traseira";0;0;0;1;0;0;0;0;0;1;1;0;0;1;0
"25/04/2025";"18:40:00";"304";"Sem vítima";"517,000";"BR-116/MG";"Crescente";"Saída de pista";1;0;0;0;0;0;0;0;0;0;1;0;0;0;0
"25/04/2025";"20:12:00";"322";"Com vítima";"179,000";"BR-116/RJ";"Crescente";"Engavetamento";3;0;0;0;0;0;0;0;0;0;3;1;0;0;0
"25/04/2025";"22:32:00";"339";"Sem vítima";"83,800";"BR-493/RJ";"Crescente";"Choque";1;0;0;0;0;0;0;0;0;0;1;0;0;0;0
"25/04/2025";"23:29:00";"344";"Com vítima";"679,000";"BR-116/MG";"Crescente";"Choque";1;0;0;0;0;0;0;0;0;0;0;2;0;0;0
"26/04/2025";"01:41:00";"33";"Com vítima";"68,000";"BR-493/RJ";"Decrescente";"Choque";1;0;0;0;0;0;0;0;0;0;0;1;0;0;0
"26/04/2025";"07:29:00";"70";"Sem vítima";"19,636";"BR-465/RJ";"Crescente";"Colisão transversal";1;0;0;1;0;0;0;0;0;0;2;0;0;0;0
"26/04/2025";"07:33:00";"72";"Sem vítima";"182,031";"BR-116/RJ";"Crescente";"Capotamento";1;0;0;0;0;0;0;0;0;0;1;0;0;0;0
"26/04/2025";"08:16:00";"77";"Com vítima";"0,030";"BR-493/RJ";"Decrescente";"Colisão transversal";1;0;0;1;0;0;0;0;0;0;1;0;2;0;0
"26/04/2025";"08:32:00";"82";"Sem vítima";"169,400";"BR-116/RJ";"Crescente";"Capotamento";1;0;0;0;0;1;0;0;0;0;2;0;0;0;0
"26/04/2025";"09:59:00";"101";"Com vítima";"461,600";"BR-116/MG";"Crescente";"Queda de moto";0;0;0;1;0;0;0;0;0;0;0;0;1;0;0
"26/04/2025";"12:26:00";"125";"Sem vítima";"136,685";"BR-116/RJ";"Crescente";"Capotamento";1;0;0;0;0;0;0;0;0;1;2;0;0;0;0
"26/04/2025";"12:37:00";"127";"Sem vítima";"413,000";"BR-116/MG";"Decrescente";"Saída de pista";0;0;1;0;0;0;0;0;0;0;1;0;0;0;0
"26/04/2025";"13:25:00";"134";"Sem vítima";"61,994";"BR-116/RJ";"Crescente";"Choque";0;0;0;0;0;0;0;0;0;1;7;0;0;0;0
"26/04/2025";"17:57:00";"170";"Com vítima";"666,000";"BR-116/MG";"Decrescente";"Atropelamento de ciclista";0;1;1;0;0;0;0;0;0;0;1;1;0;0;0
"26/04/2025";"19:03:00";"184";"Sem vítima";"55,000";"BR-493/RJ";"Crescente";"Saída de pista";1;0;0;0;0;0;0;0;0;0;2;0;0;0;0
"26/04/2025";"19:15:00";"187";"Com vítima";"131,000";"BR-116/RJ";"Decrescente";"Atropelamento de pedestre";1;0;0;0;0;0;0;0;0;0;2;0;0;1;0
"26/04/2025";"22:01:00";"208";"Com vítima";"210,000";"BR-116/RJ";"Decrescente";"Atropelamento de ciclista";0;1;0;1;0;0;0;0;0;0;2;0;0;0;0
"26/04/2025";"22:20:00";"210";"Sem vítima";"171,000";"BR-116/RJ";"Decrescente";"Saída de pista";1;0;0;0;0;0;0;0;0;0;1;0;0;0;0
"26/04/2025";"22:57:00";"217";"Sem vítima";"171,000";"BR-116/RJ";"Decrescente";"Queda de moto";1;0;0;0;0;0;0;0;0;0;1;0;0;0;0
"27/04/2025";"01:00:00";"22";"Com vítima";"421,000";"BR-116/MG";"Decrescente";"Queda de moto";0;0;0;1;0;0;0;0;0;0;0;1;0;0;0
"27/04/2025";"02:58:00";"51";"Sem vítima";"212,000";"BR-116/RJ";"Decrescente";"Atropelamento de animal";0;0;0;0;0;1;0;0;0;0;1;0;0;0;0
"27/04/2025";"04:01:00";"61";"Com vítima";"15,000";"BR-465/RJ";"Crescente";"Colisão traseira";1;0;0;0;0;0;0;0;0;0;1;2;0;0;0
"27/04/2025";"05:45:00";"70";"Sem vítima";"96,719";"BR-493/RJ";"Decrescente";"Choque";1;0;0;0;0;0;0;0;0;0;1;0;0;0;0
"27/04/2025";"08:29:00";"94";"Com vítima";"110,144";"BR-116/RJ";"Decrescente";"Choque";0;0;0;1;0;0;0;0;0;0;0;0;0;1;0
"27/04/2025";"12:07:00";"150";"Com vítima";"81,621";"BR-493/RJ";"Decrescente";"Choque";1;0;0;0;0;0;0;0;0;0;0;1;0;0;0
"27/04/2025";"15:33:00";"188";"Com vítima";"87,300";"BR-116/RJ";"Decrescente";"Queda de moto";0;0;0;0;0;1;0;0;0;0;0;1;0;0;0
"27/04/2025";"18:14:00";"222";"Sem vítima";"186,000";"BR-116/RJ";"Decrescente";"Colisão lateral no mesmo sentido";1;0;1;0;0;0;0;0;0;0;2;0;0;0;0
"27/04/2025";"21:41:00";"243";"Sem vítima";"7,000";"BR-465/RJ";"Crescente";"Colisão traseira";1;0;0;1;0;0;0;0;0;0;3;0;0;0;0
"27/04/2025";"23:01:00";"252";"Com vítima";"182,000";"BR-116/RJ";"Decrescente";"Colisão traseira";1;0;0;1;0;0;0;0;0;0;2;2;0;0;0
"28/04/2025";"01:09:00";"66";"Sem vítima";"185,000";"BR-116/RJ";"Crescente";"Choque";1;0;0;0;0;0;0;0;0;0;2;0;0;0;0
"28/04/2025";"01:33:00";"96";"Com vítima";"803,000";"BR-116/MG";"Decrescente";"Queda de moto";0;0;0;1;0;0;0;0;0;0;0;0;1;0;0
"28/04/2025";"03:37:00";"112";"Com vítima";"182,500";"BR-116/RJ";"Crescente";"Atropelamento de animal";1;0;0;0;0;0;0;0;0;0;0;1;0;0;0
"28/04/2025";"05:31:00";"118";"Com vítima";"178,000";"BR-116/RJ";"Decrescente";"Colisão traseira";0;0;0;0;0;1;0;0;0;0;1;0;1;0;0
"28/04/2025";"06:48:00";"123";"Sem vítima";"6,000";"BR-493/RJ";"Decrescente";"Engavetamento";1;0;1;0;0;0;0;0;0;1;3;0;0;0;0
"28/04/2025";"08:03:00";"141";"Sem vítima";"146,000";"BR-116/RJ";"Decrescente";"Engavetamento";5;0;0;0;0;0;0;0;0;0;5;0;0;0;0
"28/04/2025";"08:06:00";"144";"Com vítima";"68,000";"BR-493/RJ";"Decrescente";"Engavetamento";1;0;1;0;0;1;0;0;0;0;1;1;1;0;0
"28/04/2025";"12:00:00";"194";"Sem vítima";"141,330";"BR-116/RJ";"Decrescente";"Colisão traseira";1;0;1;0;0;0;0;0;0;0;3;0;0;0;0
"28/04/2025";"12:46:00";"206";"Com vítima";"6,000";"BR-465/RJ";"Crescente";"Colisão lateral em sentido contrário";0;1;0;1;0;0;0;0;0;0;1;0;0;0;0
"28/04/2025";"15:52:00";"247";"Com vítima";"633,780";"BR-116/MG";"Crescente";"Queda de moto";0;0;0;1;0;0;0;0;0;0;0;0;1;0;0
"28/04/2025";"16:09:00";"253";"Com vítima";"21,000";"BR-465/RJ";"Decrescente";"Colisão lateral em sentido contrário";1;0;0;1;0;0;0;0;0;0;0;2;1;0;0
"28/04/2025";"17:12:00";"268";"Com vítima";"66,000";"BR-116/RJ";"Decrescente";"Queda de moto";0;0;0;1;0;0;0;0;0;0;0;1;0;0;0
"28/04/2025";"18:06:00";"271";"Com vítima";"714,267";"BR-116/MG";"Decrescente";"Colisão frontal";1;0;0;0;0;1;0;0;0;0;1;0;0;1;0
"28/04/2025";"18:23:00";"276";"Com vítima";"1,950";"BR-465/RJ";"Crescente";"Colisão traseira";0;0;0;2;0;0;0;0;0;0;0;2;0;0;0
"28/04/2025";"18:30:00";"277";"Com vítima";"79,000";"BR-116/RJ";"Crescente";"Atropelamento de pedestre";0;0;0;1;0;0;0;0;0;0;0;0;1;1;0
"28/04/2025";"18:43:00";"280";"Sem vítima";"459,000";"BR-116/MG";"Decrescente";"Colisão traseira";2;0;0;0;0;0;0;0;0;0;4;0;0;0;0
"28/04/2025";"18:50:00";"282";"Sem vítima";"765,000";"BR-116/MG";"Crescente";"Colisão transversal";1;0;0;0;0;1;0;0;0;0;2;0;0;0;0
"28/04/2025";"19:59:00";"296";"Com vítima";"605,000";"BR-116/MG";"Decrescente";"Atropelamento de ciclista";0;1;0;0;0;1;0;0;0;0;1;0;0;0;0
"29/04/2025";"06:14:00";"151";"Sem vítima";"203,000";"BR-116/RJ";"Crescente";"Colisão lateral no mesmo sentido";2;0;0;0;0;0;0;0;0;0;2;0;0;0;0
"29/04/2025";"07:49:00";"173";"Sem vítima";"173,700";"BR-116/RJ";"Decrescente";"Queda de moto";0;0;0;1;0;0;0;0;0;0;2;0;0;0;0
"29/04/2025";"07:55:00";"178";"Com vítima";"104,000";"BR-116/RJ";"Decrescente";"Saída de pista";1;0;0;0;0;0;0;0;0;0;0;2;0;0;0
"29/04/2025";"08:46:00";"192";"Com vítima";"21,000";"BR-493/RJ";"Decrescente";"Colisão lateral no mesmo sentido";1;0;0;1;0;0;0;0;0;0;1;0;0;1;0
"29/04/2025";"10:29:00";"214";"Com vítima";"525,000";"BR-116/MG";"Decrescente";"Colisão frontal";1;0;0;0;1;0;0;0;0;0;1;1;0;0;0
"29/04/2025";"11:06:00";"226";"Com vítima";"187,000";"BR-116/RJ";"Decrescente";"Colisão traseira";1;0;0;0;0;1;0;0;0;0;1;1;0;0;0
"29/04/2025";"11:18:00";"228";"Com vítima";"132,000";"BR-116/RJ";"Crescente";"Queda de moto";0;0;0;1;0;0;0;0;0;0;0;1;0;0;0
"29/04/2025";"14:28:00";"257";"Com vítima";"144,000";"BR-116/RJ";"Decrescente";"Queda de moto";0;0;0;1;0;0;0;0;0;0;0;1;0;0;0
"29/04/2025";"16:48:00";"290";"Com vítima";"169,000";"BR-116/RJ";"Crescente";"Colisão lateral no mesmo sentido";1;0;0;0;1;0;0;0;0;0;1;1;0;0;0
"29/04/2025";"19:30:00";"318";"Com vítima";"185,800";"BR-116/RJ";"Decrescente";"Engavetamento";1;0;0;1;0;0;0;0;0;1;2;0;1;0;0
"29/04/2025";"20:55:00";"333";"Sem vítima";"105,000";"BR-493/RJ";"Decrescente";"Saída de pista";1;0;0;0;0;0;0;0;0;0;3;0;0;0;0
"29/04/2025";"21:15:00";"336";"Com vítima";"136,000";"BR-116/RJ";"Crescente";"Atropelamento de ciclista";1;1;0;0;0;0;0;0;0;0;3;0;0;0;0
"29/04/2025";"22:43:00";"348";"Com vítima";"184,000";"BR-116/RJ";"Crescente";"Choque";2;0;0;0;0;0;0;0;0;0;0;4;0;0;0
"30/04/2025";"01:49:00";"122";"Sem vítima";"774,000";"BR-116/MG";"Decrescente";"Choque";1;0;0;0;0;0;0;0;0;0;3;0;0;0;0
"30/04/2025";"06:36:00";"142";"Com vítima";"199,700";"BR-116/RJ";"Crescente";"Queda de moto";0;0;0;1;0;0;0;0;0;0;0;2;0;0;0
"30/04/2025";"07:22:00";"156";"Com vítima";"83,954";"BR-493/RJ";"Crescente";"Colisão traseira";1;0;1;0;0;0;0;0;0;0;1;0;1;0;0
"30/04/2025";"07:38:00";"160";"Com vítima";"177,700";"BR-116/RJ";"Decrescente";"Colisão lateral no mesmo sentido";0;0;2;1;0;0;0;0;0;0;11;2;0;0;0
"30/04/2025";"08:15:00";"166";"Com vítima";"22,217";"BR-465/RJ";"Decrescente";"Colisão lateral no mesmo sentido";1;0;0;0;0;1;0;0;0;0;1;1;0;0;0
"30/04/2025";"08:38:00";"171";"Com vítima";"177,000";"BR-116/RJ";"Decrescente";"Colisão traseira";0;0;0;2;0;0;0;0;0;1;2;3;0;0;0
"30/04/2025";"08:49:00";"177";"Com vítima";"16,000";"BR-493/RJ";"Crescente";"Colisão traseira";2;0;0;0;0;0;0;0;0;0;6;2;0;0;0
"30/04/2025";"09:46:00";"191";"Com vítima";"184,120";"BR-116/RJ";"Decrescente";"Colisão lateral no mesmo sentido";1;0;0;2;0;0;0;0;0;0;3;1;1;0;0
"30/04/2025";"11:07:00";"209";"Sem vítima";"132,000";"BR-116/RJ";"Crescente";"Colisão lateral no mesmo sentido";1;0;1;0;0;0;0;0;0;0;5;0;0;0;0
"30/04/2025";"11:10:00";"210";"Com vítima";"178,442";"BR-116/RJ";"Decrescente";"Colisão traseira";0;0;0;1;0;0;0;0;0;1;3;1;0;0;0
"30/04/2025";"11:49:00";"215";"Com vítima";"0,000";"BR-493/RJ";"Decrescente";"Colisão frontal";1;0;0;1;0;0;0;0;0;0;1;1;0;0;0
"30/04/2025";"11:49:00";"216";"Sem vítima";"580,000";"BR-116/MG";"Decrescente";"Colisão transversal";2;0;0;0;0;0;0;0;0;0;2;0;0;0;0
"30/04/2025";"14:14:00";"255";"Com vítima";"173,180";"BR-116/RJ";"Decrescente";"Colisão transversal";0;0;0;1;1;0;0;0;0;0;1;1;0;0;0
"30/04/2025";"15:08:00";"265";"Sem vítima";"137,719";"BR-116/RJ";"Decrescente";"Colisão traseira";1;0;0;0;0;0;0;0;0;1;5;0;0;0;0
"30/04/2025";"15:24:00";"268";"Com vítima";"14,500";"BR-465/RJ";"Decrescente";"Atropelamento de pedestre";0;0;0;1;0;0;0;0;0;0;1;0;1;0;0
"30/04/2025";"16:17:00";"275";"Com vítima";"565,000";"BR-116/MG";"Decrescente";"Colisão lateral no mesmo sentido";2;0;0;0;0;1;0;0;0;0;1;3;0;0;0
"30/04/2025";"16:35:00";"282";"Com vítima";"171,500";"BR-116/RJ";"Crescente";"Colisão traseira";2;0;0;0;0;0;0;0;0;0;1;1;0;0;0
"30/04/2025";"17:15:00";"291";"Sem vítima";"22,000";"BR-465/RJ";"Crescente";"Colisão traseira";0;0;0;1;0;1;0;0;0;0;2;0;0;0;0
"30/04/2025";"18:51:00";"311";"Com vítima";"184,000";"BR-116/RJ";"Crescente";"Colisão traseira";0;0;0;2;0;0;0;0;0;0;1;1;1;0;0