data;horario;n_da_ocorrencia;tipo_de_ocorrencia;km;trecho;sentido;tipo_de_acidente;automovel;bicicleta;caminhao;moto;onibus;outros;tracao_animal;transporte_de_cargas_especiais;trator_maquinas;utilitarios;ilesos;levemente_feridos;moderadamente_feridos;gravemente_feridos;mortos
"30/04/2025";"19:09:00";"315";"Sem vítima";"594,000";"BR-116/MG";"Decrescente";"Choque";1;0;0;0;0;0;0;0;0;0;3;0;0;0;0
"30/04/2025";"20:35:00";"330";"Com vítima";"171,000";"BR-116/RJ";"Decrescente";"Colisão lateral no mesmo sentido";1;0;0;1;0;0;0;0;0;0;1;1;0;0;0
"30/04/2025";"22:57:00";"345";"Sem vítima";"425,000";"BR-116/MG";"Decrescente";"Atropelamento de animal";1;0;0;0;0;0;0;0;0;0;1;0;0;0;0
"30/04/2025";"23:05:00";"347";"Sem vítima";"184,000";"BR-116/RJ";"Crescente";"Engavetamento";2;0;1;0;0;0;0;0;0;0;3;0;0;0;0
"01/05/2025";"09:44:00";"148";"Sem vítima";"765,000";"BR-116/MG";"Decrescente";"Colisão transversal";2;0;0;0;0;0;0;0;0;0;8;0;0;0;0
"01/05/2025";"11:17:00";"163";"Com vítima";"197,658";"BR-116/RJ";"Decrescente";"Colisão traseira";1;0;0;0;0;1;0;0;0;0;1;1;1;0;0
"01/05/2025";"11:29:00";"164";"Com vítima";"813,500";"BR-116/MG";"Decrescente";"Tombamento";0;0;0;0;0;1;0;0;0;0;0;1;0;0;0
"01/05/2025";"14:51:00";"193";"Com vítima";"171,914";"BR-116/RJ";"Crescente";"Colisão lateral no mesmo sentido";1;0;0;1;0;0;0;0;0;0;1;0;1;0;0
"01/05/2025";"17:06:00";"211";"Com vítima";"173,000";"BR-116/RJ";"Crescente";"Queda de moto";0;0;0;1;0;0;0;0;0;0;0;1;0;0;0
"01/05/2025";"18:22:00";"221";"Com vítima";"6,900";"BR-493/RJ";"Crescente";"Colisão transversal";1;0;0;1;0;0;0;0;0;0;4;1;0;0;0
"01/05/2025";"18:47:00";"225";"Com vítima";"414,000";"BR-116/MG";"Decrescente";"Colisão lateral no mesmo sentido";0;1;0;0;0;0;0;0;0;0;0;0;0;0;0
"01/05/2025";"19:04:00";"228";"Sem vítima";"173,000";"BR-116/RJ";"Decrescente";"Colisão traseira";2;0;0;0;0;0;0;0;0;0;2;0;0;0;0
"01/05/2025";"19:14:00";"230";"Sem vítima";"538,000";"BR-116/MG";"Decrescente";"Saída de pista";1;0;0;0;0;0;0;0;0;0;1;0;0;0;0
"01/05/2025";"19:47:00";"235";"Com vítima";"46,000";"BR-116/RJ";"Decrescente";"Colisão lateral em sentido contrário";1;0;1;0;1;1;0;0;0;0;19;1;0;0;0
"01/05/2025";"21:24:00";"248";"Sem vítima";"96,000";"BR-493/RJ";"Crescente";"Choque";1;0;0;0;0;0;0;0;0;0;3;0;0;0;0
"02/05/2025";"04:58:00";"79";"Com vítima";"144,000";"BR-116/RJ";"Crescente";"Colisão traseira";1;0;0;1;0;0;0;0;0;0;1;0;1;0;0
"02/05/2025";"06:32:00";"84";"Sem vítima";"121,000";"BR-493/RJ";"Decrescente";"Choque";1;0;0;0;0;0;0;0;0;0;1;0;0;0;0
"02/05/2025";"12:46:00";"141";"Com vítima";"203,000";"BR-116/RJ";"Crescente";"Capotamento";1;0;0;0;0;1;0;0;0;0;1;0;0;1;0
"02/05/2025";"16:28:00";"193";"Com vítima";"22,000";"BR-465/RJ";"Crescente";"Colisão lateral no mesmo sentido";1;0;0;1;0;0;0;0;0;0;1;1;0;0;0
"02/05/2025";"19:36:00";"234";"Com vítima";"72,351";"BR-116/RJ";"Crescente";"Colisão lateral no mesmo sentido";1;0;0;1;0;0;0;0;0;0;0;1;0;1;0
"03/05/2025";"05:04:00";"24";"Sem vítima";"590,090";"BR-116/MG";"Crescente";"Atropelamento de animal";1;0;0;0;0;0;0;0;0;0;2;0;0;0;0
"03/05/2025";"09:37:00";"56";"Com vítima";"414,276";"BR-116/MG";"Decrescente";"Colisão lateral no mesmo sentido";1;0;0;1;0;0;0;0;0;0;1;2;0;0;0
"03/05/2025";"11:09:00";"63";"Sem vítima";"129,000";"BR-116/RJ";"Crescente";"Colisão lateral no mesmo sentido";1;0;1;0;0;0;0;0;0;0;5;0;0;0;0
"03/05/2025";"19:56:00";"154";"Sem vítima";"170,000";"BR-116/RJ";"Crescente";"Choque";1;0;0;0;0;0;0;0;0;0;1;0;0;0;0
"03/05/2025";"20:03:00";"157";"Sem vítima";"409,000";"BR-116/MG";"Decrescente";"Colisão traseira";2;0;0;0;0;0;0;0;0;0;3;0;0;0;0
"03/05/2025";"20:52:00";"164";"Com vítima";"214,400";"BR-116/RJ";"Crescente";"Choque";0;0;1;0;0;0;0;0;0;0;0;0;0;0;1
"03/05/2025";"23:00:00";"170";"Com vítima";"32,900";"BR-116/RJ";"Crescente";"Queda de moto";0;0;0;1;0;0;0;0;0;0;0;0;1;0;0
"04/05/2025";"00:24:00";"4";"Com vítima";"4,000";"BR-465/RJ";"Decrescente";"Queda de moto";0;0;0;1;0;0;0;0;0;0;0;1;0;0;0
"04/05/2025";"01:34:00";"9";"Com vítima";"87,000";"BR-116/RJ";"Decrescente";"Colisão lateral no mesmo sentido";1;0;0;1;0;0;0;0;0;0;0;2;0;0;0
"04/05/2025";"01:52:00";"12";"Com vítima";"19,000";"BR-493/RJ";"Decrescente";"Atropelamento de pedestre";0;0;0;0;0;1;0;0;0;0;1;0;1;0;0
"04/05/2025";"07:15:00";"35";"Sem vítima";"533,679";"BR-116/MG";"Decrescente";"Choque";1;0;0;0;0;0;0;0;0;0;1;0;0;0;0
"04/05/2025";"07:19:00";"37";"Com vítima";"130,000";"BR-116/RJ";"Decrescente";"Queda de moto";0;0;0;1;0;0;0;0;0;0;0;1;0;0;0
"04/05/2025";"09:04:00";"52";"Sem vítima";"427,217";"BR-116/MG";"Decrescente";"Engavetamento";3;0;1;0;0;0;0;0;0;0;4;0;0;0;0
"04/05/2025";"12:41:00";"91";"Sem vítima";"178,000";"BR-116/RJ";"Crescente";"Colisão traseira";1;0;0;0;0;0;0;0;0;1;3;0;0;0;0
"04/05/2025";"13:42:00";"100";"Sem vítima";"213,000";"BR-116/RJ";"Crescente";"Colisão traseira";1;0;0;0;0;1;0;0;0;0;3;0;0;0;0
"04/05/2025";"14:10:00";"104";"Com vítima";"139,000";"BR-116/RJ";"Decrescente";"Colisão transversal";0;1;0;1;0;0;0;0;0;0;2;0;0;0;0
"04/05/2025";"14:52:00";"109";"Com vítima";"14,000";"BR-116/RJ";"Decrescente";"Colisão frontal";2;0;0;1;0;0;0;0;0;0;1;4;1;0;0
"04/05/2025";"17:14:00";"129";"Com vítima";"191,200";"BR-116/RJ";"Decrescente";"Colisão traseira";2;0;0;1;0;0;0;0;0;0;2;2;0;0;0
"04/05/2025";"18:10:00";"135";"Com vítima";"13,000";"BR-465/RJ";"Crescente";"Atropelamento de ciclista";1;1;0;0;0;0;0;0;0;0;1;0;0;0;0
"04/05/2025";"18:19:00";"136";"Com vítima";"425,000";"BR-116/MG";"Decrescente";"Queda de moto";0;0;0;1;0;0;0;0;0;0;0;0;2;0;0
"04/05/2025";"19:03:00";"151";"Sem vítima";"144,150";"BR-116/RJ";"Crescente";"Engavetamento";2;0;0;0;0;1;0;0;0;0;3;0;0;0;0
"04/05/2025";"19:17:00";"158";"Sem vítima";"702,000";"BR-116/MG";"Decrescente";"Colisão traseira";1;0;0;0;0;1;0;0;0;0;2;0;0;0;0
"04/05/2025";"20:19:00";"168";"Com vítima";"183,000";"BR-116/RJ";"Crescente";"Colisão lateral no mesmo sentido";1;0;0;1;0;0;0;0;0;0;3;1;1;0;0
"05/05/2025";"06:11:00";"20";"Sem vítima";"193,300";"BR-116/RJ";"Decrescente";"Choque";1;0;0;0;0;0;0;0;0;0;1;0;0;0;0
"05/05/2025";"06:22:00";"23";"Com vítima";"19,500";"BR-493/RJ";"Crescente";"Colisão transversal";0;0;0;1;1;0;0;0;0;0;1;0;1;0;0
"05/05/2025";"06:59:00";"28";"Sem vítima";"118,000";"BR-116/RJ";"Decrescente";"Colisão traseira";1;0;0;0;0;1;0;0;0;0;2;0;0;0;0
"05/05/2025";"07:33:00";"32";"Com vítima";"497,000";"BR-116/MG";"Crescente";"Colisão lateral no mesmo sentido";2;0;0;0;0;0;0;0;0;0;1;1;0;0;0
"05/05/2025";"07:38:00";"33";"Sem vítima";"173,000";"BR-116/RJ";"Decrescente";"Queda de moto";0;0;0;1;0;0;0;0;0;0;1;0;0;0;0
"05/05/2025";"08:02:00";"40";"Sem vítima";"200,899";"BR-116/RJ";"Decrescente";"Choque";1;0;0;0;0;0;0;0;0;0;1;0;0;0;0
"05/05/2025";"08:05:00";"42";"Sem vítima";"765,000";"BR-116/MG";"Decrescente";"Colisão transversal";1;0;0;1;0;0;0;0;0;0;2;0;0;0;0
"05/05/2025";"15:33:00";"125";"Com vítima";"695,000";"BR-116/MG";"Decrescente";"Queda de moto";0;0;0;1;0;1;0;0;0;0;1;1;0;0;0
"05/05/2025";"16:46:00";"143";"Com vítima";"16,950";"BR-493/RJ";"Decrescente";"Capotamento";1;0;0;0;0;0;0;0;0;0;0;0;1;0;0
"05/05/2025";"18:03:00";"160";"Com vítima";"199,000";"BR-116/RJ";"Crescente";"Colisão traseira";1;0;0;0;1;0;0;0;0;0;1;1;0;0;0
"05/05/2025";"19:38:00";"175";"Sem vítima";"506,000";"BR-116/MG";"Crescente";"Colisão traseira";1;0;0;0;0;1;0;0;0;0;2;0;0;0;0
"05/05/2025";"20:54:00";"189";"Sem vítima";"96,000";"BR-493/RJ";"Decrescente";"Colisão traseira";1;0;0;0;0;0;0;0;0;1;2;0;0;0;0
"05/05/2025";"22:21:00";"198";"Sem vítima";"96,300";"BR-493/RJ";"Crescente";"Choque";1;0;0;0;0;0;0;0;0;0;1;0;0;0;0
"06/05/2025";"06:45:00";"142";"Com vítima";"592,000";"BR-116/MG";"Decrescente";"Tombamento";0;0;0;0;0;1;0;0;0;0;0;1;0;0;0
"06/05/2025";"09:23:00";"178";"Sem vítima";"4,000";"BR-465/RJ";"Crescente";"Atropelamento de ciclista";0;1;0;0;0;1;0;0;0;0;1;0;0;0;0
"06/05/2025";"09:24:00";"179";"Sem vítima";"671,000";"BR-116/MG";"Decrescente";"Saída de pista";1;0;0;0;0;0;0;0;0;0;1;0;0;0;0
"06/05/2025";"09:37:00";"184";"Com vítima";"702,000";"BR-116/MG";"Crescente";"Colisão transversal";1;0;0;0;0;0;0;0;0;1;1;2;0;0;0
"06/05/2025";"12:10:00";"216";"Com vítima";"135,000";"BR-116/RJ";"Decrescente";"Colisão lateral em sentido contrário";1;0;0;0;0;1;0;0;0;0;3;0;1;0;0
"06/05/2025";"12:18:00";"217";"Com vítima";"81,000";"BR-493/RJ";"Crescente";"Choque";1;0;0;0;0;0;0;0;0;0;0;0;1;0;0
"06/05/2025";"12:23:00";"219";"Com vítima";"765,000";"BR-116/MG";"Crescente";"Colisão transversal";2;0;0;0;0;0;0;0;0;0;4;1;0;0;0
"06/05/2025";"18:27:00";"283";"Sem vítima";"120,000";"BR-493/RJ";"Decrescente";"Colisão traseira";2;0;0;0;0;0;0;0;0;0;2;0;0;0;0
"06/05/2025";"19:20:00";"294";"Sem vítima";"84,000";"BR-493/RJ";"Decrescente";"Atropelamento de animal";0;0;1;0;0;0;0;0;0;0;1;0;0;0;0
"07/05/2025";"08:11:00";"148";"Com vítima";"72,000";"BR-493/RJ";"Decrescente";"Queda de moto";0;0;0;1;0;0;0;0;0;0;0;2;0;0;0
"07/05/2025";"09:12:00";"165";"Com vítima";"186,000";"BR-116/RJ";"Decrescente";"Queda de moto";0;0;0;1;0;0;0;0;0;0;1;1;0;0;0
"07/05/2025";"10:35:00";"185";"Com vítima";"692,292";"BR-116/MG";"Crescente";"Choque";1;0;0;0;0;0;0;0;0;0;0;3;0;0;0
"07/05/2025";"12:34:00";"205";"Sem vítima";"549,300";"BR-116/MG";"Crescente";"Colisão traseira";1;0;0;0;0;0;0;0;0;1;3;0;0;0;0
"07/05/2025";"13:32:00";"222";"Com vítima";"172,000";"BR-116/RJ";"Decrescente";"Colisão traseira";2;0;0;0;0;0;0;0;0;0;3;1;0;0;0
"07/05/2025";"13:57:00";"225";"Com vítima";"566,144";"BR-116/MG";"Crescente";"Colisão lateral no mesmo sentido";1;0;0;0;0;0;0;0;0;1;0;1;2;0;0
"07/05/2025";"17:16:00";"274";"Sem vítima";"107,000";"BR-493/RJ";"Decrescente";"Colisão traseira";1;0;0;0;0;0;0;0;0;1;3;0;0;0;0
"07/05/2025";"17:37:00";"278";"Sem vítima";"83,000";"BR-116/RJ";"Decrescente";"Colisão traseira";2;0;0;0;0;0;0;0;0;0;2;0;0;0;0
"07/05/2025";"18:34:00";"286";"Com vítima";"96,400";"BR-493/RJ";"Crescente";"Choque";1;0;0;0;0;0;0;0;0;0;0;1;1;0;0
"07/05/2025";"19:36:00";"301";"Com vítima";"109,000";"BR-116/RJ";"Decrescente";"Atropelamento de ciclista";0;1;0;0;0;1;0;0;0;0;1;0;0;0;0
"07/05/2025";"20:33:00";"310";"Com vítima";"180,000";"BR-116/RJ";"Crescente";"Colisão lateral no mesmo sentido";2;0;0;0;0;0;0;0;0;0;0;5;0;0;0
"07/05/2025";"21:54:00";"320";"Com vítima";"185,000";"BR-116/RJ";"Decrescente";"Colisão traseira";1;0;0;1;0;0;0;0;0;0;1;1;1;0;0
"07/05/2025";"22:43:00";"325";"Com vítima";"522,700";"BR-116/MG";"Decrescente";"Tombamento";0;0;1;0;0;0;0;0;0;0;0;2;0;0;0
"08/05/2025";"01:47:00";"121";"Com vítima";"196,000";"BR-116/RJ";"Decrescente";"Colisão lateral no mesmo sentido";0;0;0;1;0;1;0;0;0;0;1;1;1;0;0
"08/05/2025";"01:55:00";"124";"Sem vítima";"99,000";"BR-116/RJ";"Decrescente";"Saída de pista";0;0;0;0;0;0;0;0;0;1;2;0;0;0;0
"08/05/2025";"07:16:00";"149";"Sem vítima";"571,789";"BR-116/MG";"Decrescente";"Colisão lateral no mesmo sentido";2;0;0;0;0;0;0;0;0;0;2;0;0;0;0
"08/05/2025";"10:20:00";"191";"Com vítima";"179,800";"BR-116/RJ";"Crescente";"Acidentes de outra natureza";1;0;0;0;0;0;0;0;0;0;0;0;0;1;0
"08/05/2025";"11:16:00";"206";"Sem vítima";"189,000";"BR-116/RJ";"Crescente";"Engavetamento";3;0;1;0;0;0;0;0;0;0;5;0;0;0;0
"08/05/2025";"14:36:00";"234";"Sem vítima";"5,600";"BR-465/RJ";"Crescente";"Colisão transversal";1;0;0;1;0;0;0;0;0;0;5;0;0;0;0
"08/05/2025";"17:57:00";"272";"Com vítima";"177,500";"BR-116/RJ";"Crescente";"Queda de moto";0;0;0;1;0;0;0;0;0;1;1;1;0;0;0
"08/05/2025";"18:25:00";"279";"Com vítima";"142,000";"BR-116/RJ";"Decrescente";"Engavetamento";3;0;0;0;0;0;0;0;0;0;0;6;0;0;0
"08/05/2025";"18:50:00";"282";"Sem vítima";"192,000";"BR-116/RJ";"Decrescente";"Colisão traseira";2;0;0;0;0;0;0;0;0;0;5;0;0;0;0
"08/05/2025";"19:05:00";"286";"Com vítima";"21,000";"BR-493/RJ";"Decrescente";"Colisão transversal";2;0;0;0;0;0;0;0;0;0;1;3;0;0;0
"08/05/2025";"21:06:00";"302";"Com vítima";"0,000";"BR-493/RJ";"Crescente";"Atropelamento de ciclista";0;1;0;0;0;1;0;0;0;0;1;0;0;0;0
"09/05/2025";"01:09:00";"137";"Com vítima";"123,950";"BR-116/RJ";"Decrescente";"Atropelamento de animal";1;0;0;0;0;0;0;0;0;0;0;5;0;0;0
"09/05/2025";"07:32:00";"163";"Sem vítima";"0,000";"BR-493/RJ";"Decrescente";"Colisão lateral no mesmo sentido";1;0;0;0;0;1;0;0;0;0;2;0;0;0;0
"09/05/2025";"09:24:00";"190";"Sem vítima";"199,000";"BR-116/RJ";"Crescente";"Tombamento";0;0;0;0;0;1;0;0;0;0;1;0;0;0;0
"09/05/2025";"10:56:00";"211";"Com vítima";"194,000";"BR-116/RJ";"Crescente";"Atropelamento de pedestre";0;0;0;1;0;0;0;0;0;0;1;0;1;0;0
"09/05/2025";"11:06:00";"215";"Sem vítima";"196,000";"BR-116/RJ";"Crescente";"Colisão lateral no mesmo sentido";1;0;1;0;0;0;0;0;0;0;2;0;0;0;0
"09/05/2025";"12:41:00";"237";"Sem vítima";"198,000";"BR-116/RJ";"Crescente";"Colisão lateral no mesmo sentido";1;0;0;0;0;1;0;0;0;0;2;0;0;0;0
"09/05/2025";"13:40:00";"247";"Com vítima";"188,000";"BR-116/RJ";"Crescente";"Colisão traseira";1;0;0;1;0;0;0;0;0;0;1;1;0;0;0
"09/05/2025";"13:59:00";"255";"Com vítima";"605,000";"BR-116/MG";"Decrescente";"Colisão traseira";1;0;0;0;0;1;0;0;0;0;1;0;2;0;0
"09/05/2025";"14:00:00";"258";"Sem vítima";"197,000";"BR-116/RJ";"Crescente";"Colisão traseira";1;0;0;1;0;0;0;0;0;0;2;0;0;0;0
"09/05/2025";"14:47:00";"264";"Com vítima";"18,750";"BR-493/RJ";"Crescente";"Colisão traseira";0;0;1;1;0;0;0;0;0;0;2;1;0;0;0
"09/05/2025";"15:02:00";"269";"Sem vítima";"15,000";"BR-465/RJ";"Crescente";"Colisão transversal";2;0;0;0;0;0;0;0;0;0;2;0;0;0;0
"09/05/2025";"18:01:00";"318";"Com vítima";"815,950";"BR-116/MG";"Decrescente";"Colisão lateral no mesmo sentido";1;0;0;1;0;0;0;0;0;0;1;2;0;0;0
"09/05/2025";"19:57:00";"346";"Com vítima";"80,000";"BR-116/RJ";"Decrescente";"Queda de moto";0;0;0;1;0;0;0;0;0;0;0;1;0;0;0
"09/05/2025";"20:26:00";"352";"Com vítima";"2,000";"BR-493/RJ";"Decrescente";"Queda de moto";0;0;0;1;0;0;0;0;0;0;0;0;2;0;0
"09/05/2025";"21:00:00";"356";"Sem vítima";"180,300";"BR-116/RJ";"Crescente";"Choque";0;0;0;0;0;1;0;0;0;0;1;0;0;0;0
"09/05/2025";"21:19:00";"361";"Com vítima";"17,500";"BR-493/RJ";"Decrescente";"Tombamento";0;0;0;0;0;1;0;0;0;0;0;1;0;0;0
"09/05/2025";"21:32:00";"365";"Com vítima";"675,000";"BR-116/MG";"Decrescente";"Colisão lateral em sentido contrário";2;0;0;0;0;0;0;0;0;0;0;2;0;0;0
"10/05/2025";"05:36:00";"45";"Sem vítima";"569,000";"BR-116/MG";"Crescente";"Colisão traseira";0;0;0;0;0;2;0;0;0;0;2;0;0;0;0
"10/05/2025";"09:58:00";"87";"Com vítima";"410,000";"BR-116/MG";"Decrescente";"Colisão traseira";0;0;0;1;0;1;0;0;0;0;1;0;1;0;0
"10/05/2025";"10:36:00";"94";"Sem vítima";"108,700";"BR-116/RJ";"Decrescente";"Colisão traseira";1;0;0;0;1;0;0;0;0;0;3;0;0;0;0
"10/05/2025";"12:41:00";"116";"Com vítima";"79,338";"BR-116/RJ";"Crescente";"Colisão transversal";0;0;0;1;0;0;0;0;0;1;2;0;0;1;0
"10/05/2025";"12:54:00";"119";"Com vítima";"98,000";"BR-116/RJ";"Decrescente";"Choque";1;0;0;0;0;0;0;0;0;0;0;1;0;0;0
"10/05/2025";"13:12:00";"127";"Com vítima";"524,000";"BR-116/MG";"Crescente";"Colisão transversal";1;0;0;1;0;0;0;0;0;0;1;0;1;0;0
"10/05/2025";"14:00:00";"138";"Com vítima";"15,450";"BR-465/RJ";"Crescente";"Colisão lateral no mesmo sentido";1;0;0;1;0;0;0;0;0;0;1;0;2;0;0
"10/05/2025";"16:10:00";"165";"Com vítima";"81,000";"BR-116/RJ";"Crescente";"Colisão transversal";1;0;0;1;0;0;0;0;0;0;1;0;1;0;0
"10/05/2025";"16:28:00";"169";"Com vítima";"110,000";"BR-116/RJ";"Decrescente";"Colisão lateral no mesmo sentido";0;0;0;2;0;0;0;0;0;0;0;4;0;0;0
"10/05/2025";"17:19:00";"180";"Com vítima";"702,000";"BR-116/MG";"Decrescente";"Colisão transversal";0;0;0;1;0;1;0;0;0;0;1;2;0;0;0
"10/05/2025";"17:54:00";"189";"Sem vítima";"170,000";"BR-116/RJ";"Crescente";"Colisão traseira";1;0;1;0;0;0;0;0;0;0;2;0;0;0;0
"10/05/2025";"19:31:00";"203";"Com vítima";"754,000";"BR-116/MG";"Decrescente";"Atropelamento de animal";1;0;0;1;0;0;0;0;0;0;2;1;0;0;0
"10/05/2025";"20:57:00";"212";"Com vítima";"595,000";"BR-116/MG";"Decrescente";"Queda de moto";0;0;0;1;0;0;0;0;0;0;0;0;1;0;0
"10/05/2025";"23:12:00";"217";"Com vítima";"505,000";"BR-116/MG";"Decrescente";"Colisão lateral em sentido contrário";0;0;0;1;0;1;0;0;0;0;1;0;1;0;0
"10/05/2025";"23:25:00";"219";"Com vítima";"413,000";"BR-116/MG";"Decrescente";"Atropelamento de pedestre";1;0;0;0;0;0;0;0;0;0;1;0;0;1;0
"11/05/2025";"05:20:00";"25";"Sem vítima";"95,500";"BR-116/RJ";"Decrescente";"Queda de moto";0;0;0;1;0;0;0;0;0;0;1;0;0;0;0
"11/05/2025";"05:26:00";"26";"Com vítima";"459,000";"BR-116/MG";"Decrescente";"Queda de moto";0;0;0;1;0;0;0;0;0;0;0;0;2;0;0
"11/05/2025";"08:10:00";"44";"Sem vítima";"127,000";"BR-116/RJ";"Crescente";"Saída de pista";1;0;0;0;0;0;0;0;0;0;1;0;0;0;0
"11/05/2025";"09:00:00";"62";"Com vítima";"98,798";"BR-116/RJ";"Crescente";"Colisão frontal";1;0;0;0;0;0;0;0;0;1;2;2;1;0;0
"11/05/2025";"09:56:00";"70";"Sem vítima";"534,000";"BR-116/MG";"Crescente";"Tombamento";0;0;0;0;0;2;0;0;0;0;3;0;0;0;0
"11/05/2025";"11:03:00";"86";"Sem vítima";"50,000";"BR-493/RJ";"Crescente";"Atropelamento de animal";1;0;0;0;0;0;0;0;0;0;4;0;0;0;0
"11/05/2025";"11:06:00";"87";"Com vítima";"602,000";"BR-116/MG";"Decrescente";"Saída de pista";0;0;0;1;0;0;0;0;0;0;0;1;0;0;0
"11/05/2025";"13:41:00";"106";"Sem vítima";"101,000";"BR-493/RJ";"Crescente";"Saída de pista";1;0;0;0;0;0;0;0;0;0;1;0;0;0;0
"11/05/2025";"14:28:00";"112";"Sem vítima";"105,000";"BR-116/RJ";"Decrescente";"Choque";1;0;0;0;0;0;0;0;0;0;3;0;0;0;0
"11/05/2025";"15:25:00";"123";"Sem vítima";"763,000";"BR-116/MG";"Decrescente";"Choque";1;0;0;0;0;0;0;0;0;0;1;0;0;0;0
"11/05/2025";"16:07:00";"130";"Sem vítima";"632,000";"BR-116/MG";"Decrescente";"Queda de moto";0;0;0;1;0;0;0;0;0;0;1;0;0;0;0
"11/05/2025";"16:25:00";"135";"Sem vítima";"101,000";"BR-493/RJ";"Crescente";"Saída de pista";1;0;0;0;0;0;0;0;0;0;1;0;0;0;0
"11/05/2025";"16:32:00";"136";"Com vítima";"723,000";"BR-116/MG";"Decrescente";"Colisão frontal";1;0;0;0;0;0;0;0;0;1;0;4;0;2;0
"11/05/2025";"17:56:00";"144";"Com vítima";"192,000";"BR-116/RJ";"Decrescente";"Engavetamento";3;0;0;0;0;0;0;0;0;0;2;1;0;0;0
"11/05/2025";"18:55:00";"155";"Sem vítima";"113,000";"BR-493/RJ";"Crescente";"Saída de pista";1;0;0;0;0;0;0;0;0;0;1;0;0;0;0
"11/05/2025";"19:02:00";"156";"Sem vítima";"100,000";"BR-116/RJ";"Crescente";"Colisão lateral no mesmo sentido";1;0;1;1;0;0;0;0;0;0;5;0;0;0;0
"11/05/2025";"19:08:00";"158";"Sem vítima";"147,500";"BR-116/RJ";"Crescente";"Colisão lateral no mesmo sentido";1;0;0;0;1;0;0;0;0;0;2;0;0;0;0
"11/05/2025";"21:38:00";"172";"Sem vítima";"93,500";"BR-116/RJ";"Crescente";"Queda de moto";0;0;0;1;0;0;0;0;0;0;1;0;0;0;0
"11/05/2025";"23:07:00";"179";"Sem vítima";"52,000";"BR-493/RJ";"Crescente";"Choque";0;0;0;0;0;0;0;0;0;1;1;0;0;0;0
"12/05/2025";"06:35:00";"21";"Com vítima";"679,000";"BR-116/MG";"Crescente";"Queda de moto";0;0;0;1;0;0;0;0;0;0;0;1;0;0;0
"12/05/2025";"07:11:00";"30";"Com vítima";"186,500";"BR-116/RJ";"Decrescente";"Colisão lateral no mesmo sentido";1;0;0;1;0;0;0;0;0;0;1;1;0;0;0
"12/05/2025";"07:25:00";"33";"Com vítima";"213,000";"BR-116/RJ";"Crescente";"Saída de pista";0;0;0;0;0;1;0;0;0;0;0;1;0;0;0
"12/05/2025";"08:06:00";"41";"Com vítima";"541,000";"BR-116/MG";"Decrescente";"Colisão lateral em sentido contrário";3;0;0;0;0;0;0;0;0;0;3;1;0;0;0
"12/05/2025";"08:10:00";"42";"Com vítima";"173,000";"BR-116/RJ";"Decrescente";"Atropelamento de pedestre";0;0;0;0;1;0;0;0;0;0;1;1;0;0;0
"12/05/2025";"08:23:00";"46";"Sem vítima";"144,000";"BR-116/RJ";"Crescente";"Colisão traseira";2;0;0;0;0;0;0;0;0;0;4;0;0;0;0
"12/05/2025";"10:30:00";"77";"Sem vítima";"172,000";"BR-116/RJ";"Decrescente";"Colisão traseira";2;0;0;0;0;0;0;0;0;0;2;0;0;0;0
"12/05/2025";"15:18:00";"129";"Sem vítima";"171,000";"BR-116/RJ";"Crescente";"Colisão lateral no mesmo sentido";1;0;1;0;0;0;0;0;0;0;2;0;0;0;0
"12/05/2025";"16:37:00";"149";"Com vítima";"84,530";"BR-116/RJ";"Decrescente";"Colisão lateral em sentido contrário";1;0;1;0;0;0;0;0;0;0;1;0;0;0;1
"12/05/2025";"19:00:00";"174";"Sem vítima";"186,000";"BR-116/RJ";"Decrescente";"Colisão lateral no mesmo sentido";1;0;0;1;0;0;0;0;0;0;2;0;0;0;0
"12/05/2025";"20:14:00";"193";"Sem vítima";"52,000";"BR-493/RJ";"Decrescente";"Choque";1;0;0;0;0;0;0;0;0;0;2;0;0;0;0
"12/05/2025";"20:17:00";"194";"Com vítima";"60,000";"BR-493/RJ";"Decrescente";"Colisão traseira";1;0;0;1;0;0;0;0;0;0;1;0;1;0;0
"12/05/2025";"22:28:00";"211";"Com vítima";"522,250";"BR-116/MG";"Crescente";"Colisão transversal";1;0;0;0;1;0;0;0;0;0;0;1;1;0;0
"12/05/2025";"23:18:00";"214";"Sem vítima";"620,850";"BR-116/MG";"Crescente";"Colisão traseira";2;0;0;0;0;0;0;0;0;0;2;0;0;0;0
"13/05/2025";"06:40:00";"145";"Com vítima";"202,000";"BR-116/RJ";"Crescente";"Queda de moto";0;0;0;1;0;0;0;0;0;0;0;2;0;0;0