data;horario;n_da_ocorrencia;tipo_de_ocorrencia;km;trecho;sentido;tipo_de_acidente;automovel;bicicleta;caminhao;moto;onibus;outros;tracao_animal;transporte_de_cargas_especiais;trator_maquinas;utilitarios;ilesos;levemente_feridos;moderadamente_feridos;gravemente_feridos;mortos
"13/05/2025";"06:55:00";"147";"Sem vítima";"41,000";"BR-116/RJ";"Crescente";"Atropelamento de animal";1;0;0;0;0;0;0;0;0;0;1;0;0;0;0
"13/05/2025";"07:47:00";"156";"Com vítima";"801,255";"BR-116/MG";"Crescente";"Colisão frontal";1;0;0;0;0;0;0;0;0;1;0;1;1;0;0
"13/05/2025";"10:22:00";"188";"Sem vítima";"133,000";"BR-116/RJ";"Decrescente";"Colisão lateral no mesmo sentido";1;0;0;0;0;1;0;0;0;0;2;0;0;0;0
"13/05/2025";"11:35:00";"203";"Com vítima";"782,500";"BR-116/MG";"Decrescente";"Tombamento";0;0;0;0;0;1;0;0;0;0;0;1;0;0;0
"13/05/2025";"16:16:00";"247";"Sem vítima";"53,000";"BR-116/RJ";"Decrescente";"Colisão traseira";1;0;0;0;0;1;0;0;0;0;2;0;0;0;0
"13/05/2025";"18:40:00";"273";"Com vítima";"176,000";"BR-116/RJ";"Crescente";"Colisão lateral no mesmo sentido";1;0;0;1;0;0;0;0;0;0;0;1;1;0;0
"13/05/2025";"21:16:00";"309";"Sem vítima";"506,000";"BR-116/MG";"Crescente";"Saída de pista";1;0;0;0;0;0;0;0;0;0;2;0;0;0;0
"14/05/2025";"05:55:00";"125";"Com vítima";"146,090";"BR-116/RJ";"Crescente";"Queda de moto";0;1;0;1;0;0;0;0;0;0;2;0;1;0;0
"14/05/2025";"08:55:00";"168";"Sem vítima";"195,998";"BR-116/RJ";"Decrescente";"Colisão traseira";2;0;0;0;0;0;0;0;0;0;2;0;0;0;0
"14/05/2025";"10:36:00";"196";"Com vítima";"546,000";"BR-116/MG";"Decrescente";"Colisão lateral no mesmo sentido";1;0;0;1;0;0;0;0;0;0;1;0;1;0;0
"14/05/2025";"11:30:00";"204";"Com vítima";"420,867";"BR-116/MG";"Crescente";"Choque";1;0;0;0;0;0;0;0;0;0;1;0;1;0;0
"14/05/2025";"12:06:00";"216";"Com vítima";"79,850";"BR-116/RJ";"Decrescente";"Colisão lateral no mesmo sentido";1;0;0;1;0;0;0;0;0;0;3;1;0;0;0
"14/05/2025";"13:13:00";"225";"Com vítima";"141,000";"BR-116/RJ";"Crescente";"Colisão lateral em sentido contrário";1;0;0;1;0;0;0;0;0;0;1;0;1;0;0
"14/05/2025";"13:15:00";"226";"Com vítima";"102,000";"BR-493/RJ";"Crescente";"Colisão traseira";1;0;0;1;0;0;0;0;0;0;1;1;0;0;0
"14/05/2025";"16:07:00";"272";"Com vítima";"116,000";"BR-116/RJ";"Crescente";"Colisão lateral no mesmo sentido";1;0;0;1;0;0;0;0;0;0;3;0;1;0;0
"14/05/2025";"18:12:00";"296";"Sem vítima";"17,900";"BR-465/RJ";"Decrescente";"Atropelamento de ciclista";1;1;0;0;0;0;0;0;0;0;2;0;0;0;0
"14/05/2025";"18:14:00";"297";"Com vítima";"648,000";"BR-116/MG";"Decrescente";"Capotamento";1;0;0;0;0;0;0;0;0;0;0;1;0;0;0
"14/05/2025";"21:38:00";"320";"Sem vítima";"649,000";"BR-116/MG";"Crescente";"Choque";1;0;0;0;0;0;0;0;0;0;1;0;0;0;0
"15/05/2025";"06:29:00";"132";"Com vítima";"145,312";"BR-116/RJ";"Crescente";"Colisão lateral em sentido contrário";1;0;0;1;0;0;0;0;0;0;2;1;0;0;0
"15/05/2025";"08:32:00";"158";"Com vítima";"22,437";"BR-465/RJ";"Crescente";"Colisão lateral em sentido contrário";0;0;0;2;0;0;0;0;0;0;0;3;0;0;0
"15/05/2025";"09:30:00";"168";"Com vítima";"510,276";"BR-116/MG";"Crescente";"Atropelamento de ciclista";1;1;0;0;0;0;0;0;0;0;1;0;0;0;0
"15/05/2025";"09:39:00";"174";"Com vítima";"184,101";"BR-116/RJ";"Crescente";"Colisão traseira";1;0;0;1;0;0;0;0;0;0;2;0;0;1;0
"15/05/2025";"14:36:00";"229";"Sem vítima";"93,000";"BR-116/RJ";"Decrescente";"Colisão traseira";1;0;1;0;0;0;0;0;0;0;2;0;0;0;0
"15/05/2025";"15:52:00";"243";"Com vítima";"23,186";"BR-493/RJ";"Decrescente";"Colisão transversal";1;0;0;1;0;0;0;0;0;0;1;0;0;1;0
"15/05/2025";"16:54:00";"254";"Sem vítima";"6,000";"BR-493/RJ";"Decrescente";"Colisão transversal";2;0;0;0;0;0;0;0;0;0;2;0;0;0;0
"15/05/2025";"17:07:00";"256";"Com vítima";"196,005";"BR-116/RJ";"Crescente";"Queda de moto";0;0;0;1;0;0;0;0;0;0;0;1;0;0;0
"15/05/2025";"19:11:00";"276";"Com vítima";"637,000";"BR-116/MG";"Crescente";"Colisão traseira";1;0;0;1;0;0;0;0;0;0;0;3;1;0;0
"15/05/2025";"20:14:00";"278";"Com vítima";"180,000";"BR-116/RJ";"Crescente";"Colisão lateral no mesmo sentido";1;0;0;1;0;0;0;0;0;0;2;0;1;0;0
"15/05/2025";"21:56:00";"292";"Com vítima";"795,000";"BR-116/MG";"Decrescente";"Choque";1;0;0;0;0;0;0;0;0;0;0;1;0;0;0
"15/05/2025";"22:27:00";"296";"Com vítima";"584,000";"BR-116/MG";"Decrescente";"Queda de moto";0;0;0;1;0;0;0;0;0;0;0;0;1;0;0
"16/05/2025";"01:11:00";"83";"Com vítima";"635,000";"BR-116/MG";"Decrescente";"Queda de moto";0;0;0;1;0;0;0;0;0;0;0;0;1;0;0
"16/05/2025";"05:25:00";"137";"Com vítima";"525,000";"BR-116/MG";"Decrescente";"Colisão lateral no mesmo sentido";0;0;1;1;0;0;0;0;0;0;1;1;0;0;0
"16/05/2025";"07:01:00";"142";"Sem vítima";"176,000";"BR-116/RJ";"Decrescente";"Colisão traseira";1;0;1;1;0;0;0;0;0;0;3;0;0;0;0
"16/05/2025";"07:26:00";"148";"Com vítima";"418,000";"BR-116/MG";"Crescente";"Queda de moto";0;0;0;1;0;0;0;0;0;0;0;0;1;0;0
"16/05/2025";"08:02:00";"167";"Sem vítima";"171,000";"BR-116/RJ";"Decrescente";"Colisão traseira";2;0;0;0;0;0;0;0;0;0;2;0;0;0;0
"16/05/2025";"08:19:00";"162";"Sem vítima";"62,554";"BR-116/RJ";"Crescente";"Choque";1;0;0;0;0;0;0;0;0;0;3;0;0;0;0
"16/05/2025";"09:16:00";"188";"Com vítima";"416,000";"BR-116/MG";"Crescente";"Atropelamento de ciclista";1;1;0;0;0;0;0;0;0;0;1;0;0;0;0
"16/05/2025";"09:23:00";"176";"Sem vítima";"622,000";"BR-116/MG";"Crescente";"Choque";1;0;0;0;0;0;0;0;0;0;3;0;0;0;0
"16/05/2025";"11:26:00";"196";"Com vítima";"187,000";"BR-116/RJ";"Crescente";"Colisão lateral no mesmo sentido";0;0;0;2;0;0;0;0;0;1;2;1;0;0;0
"16/05/2025";"11:30:00";"197";"Com vítima";"18,400";"BR-493/RJ";"Crescente";"Colisão transversal";0;0;0;2;0;0;0;0;0;0;2;0;1;0;0
"16/05/2025";"13:16:00";"225";"Sem vítima";"517,000";"BR-116/MG";"Crescente";"Choque";1;0;0;0;0;0;0;0;0;0;1;0;0;0;0
"16/05/2025";"14:31:00";"239";"Sem vítima";"187,000";"BR-116/RJ";"Decrescente";"Colisão traseira";2;0;1;0;0;0;0;0;0;0;4;0;0;0;0
"16/05/2025";"15:10:00";"244";"Sem vítima";"533,000";"BR-116/MG";"Decrescente";"Colisão lateral no mesmo sentido";1;0;1;0;0;0;0;0;0;0;5;0;0;0;0
"16/05/2025";"18:42:00";"282";"Com vítima";"170,000";"BR-116/RJ";"Crescente";"Colisão frontal";1;0;0;1;0;0;0;0;0;0;0;2;0;0;0
"16/05/2025";"19:11:00";"295";"Com vítima";"112,700";"BR-493/RJ";"Decrescente";"Saída de pista";0;0;0;1;0;0;0;0;0;0;0;1;0;0;0
"17/05/2025";"00:55:00";"116";"Sem vítima";"111,400";"BR-116/RJ";"Decrescente";"Atropelamento de animal";1;0;0;0;0;0;0;0;0;0;2;0;0;0;0
"17/05/2025";"01:57:00";"150";"Sem vítima";"769,950";"BR-116/MG";"Decrescente";"Tombamento";0;0;0;0;0;1;0;0;0;0;1;0;0;0;0
"17/05/2025";"03:46:00";"157";"Sem vítima";"119,000";"BR-116/RJ";"Decrescente";"Choque";1;0;0;0;0;0;0;0;0;0;4;0;0;0;0
"17/05/2025";"04:52:00";"160";"Sem vítima";"75,000";"BR-116/RJ";"Crescente";"Choque";1;0;0;0;0;0;0;0;0;0;2;0;0;0;0
"17/05/2025";"07:33:00";"173";"Com vítima";"638,000";"BR-116/MG";"Decrescente";"Colisão frontal";1;0;0;1;0;0;0;0;0;0;1;0;1;0;0
"17/05/2025";"09:31:00";"194";"Sem vítima";"580,000";"BR-116/MG";"Crescente";"Colisão traseira";1;0;0;0;0;1;0;0;0;0;2;0;0;0;0
"17/05/2025";"12:30:00";"233";"Com vítima";"82,440";"BR-116/RJ";"Crescente";"Acidentes de outra natureza";1;0;0;1;0;0;0;0;0;0;1;1;0;0;0
"17/05/2025";"12:58:00";"240";"Sem vítima";"180,000";"BR-116/RJ";"Decrescente";"Colisão lateral no mesmo sentido";1;0;0;1;0;0;0;0;0;0;5;0;0;0;0
"17/05/2025";"13:35:00";"249";"Sem vítima";"173,000";"BR-116/RJ";"Decrescente";"Engavetamento";3;0;0;0;0;0;0;0;0;0;5;0;0;0;0
"17/05/2025";"14:35:00";"256";"Com vítima";"106,000";"BR-116/RJ";"Crescente";"Queda de moto";0;0;0;2;0;0;0;0;0;0;1;1;1;0;0
"17/05/2025";"15:34:00";"262";"Sem vítima";"105,000";"BR-116/RJ";"Decrescente";"Queda de moto";0;0;0;1;0;0;0;0;0;0;1;0;0;0;0
"17/05/2025";"16:58:00";"283";"Com vítima";"183,000";"BR-116/RJ";"Decrescente";"Colisão traseira";4;0;0;0;0;0;0;0;0;0;0;5;0;0;0
"17/05/2025";"18:11:00";"296";"Com vítima";"415,705";"BR-116/MG";"Decrescente";"Colisão lateral no mesmo sentido";1;0;0;1;0;0;0;0;0;0;1;0;1;0;0
"17/05/2025";"18:30:00";"299";"Com vítima";"188,000";"BR-116/RJ";"Decrescente";"Colisão traseira";0;0;0;1;0;1;0;0;0;0;1;1;0;0;0
"17/05/2025";"19:34:00";"313";"Sem vítima";"105,050";"BR-116/RJ";"Decrescente";"Atropelamento de animal";1;0;0;0;0;0;0;0;0;0;1;0;0;0;0
"17/05/2025";"22:51:00";"341";"Com vítima";"19,000";"BR-493/RJ";"Decrescente";"Colisão traseira";0;0;0;1;0;0;0;0;0;0;1;0;1;0;0
"18/05/2025";"02:25:00";"46";"Sem vítima";"5,000";"BR-493/RJ";"Decrescente";"Colisão frontal";2;0;0;0;0;0;0;0;0;0;2;0;0;0;0
"18/05/2025";"03:22:00";"52";"Com vítima";"199,160";"BR-116/RJ";"Decrescente";"Atropelamento de animal";1;0;0;0;0;0;0;0;0;0;1;0;0;0;0
"18/05/2025";"10:37:00";"104";"Sem vítima";"190,747";"BR-116/RJ";"Decrescente";"Tombamento";0;0;0;0;0;0;0;0;0;1;1;0;0;0;0
"18/05/2025";"12:11:00";"116";"Sem vítima";"189,000";"BR-116/RJ";"Crescente";"Queda de moto";0;0;0;1;0;0;0;0;0;0;2;0;0;0;0
"18/05/2025";"12:14:00";"118";"Com vítima";"21,000";"BR-465/RJ";"Crescente";"Colisão transversal";1;0;0;1;0;0;0;0;0;0;2;0;1;0;0
"18/05/2025";"13:45:00";"134";"Com vítima";"547,000";"BR-116/MG";"Crescente";"Queda de moto";0;0;0;0;0;1;0;0;0;0;0;1;1;0;0
"18/05/2025";"15:37:00";"154";"Sem vítima";"747,000";"BR-116/MG";"Decrescente";"Capotamento";1;0;0;0;0;0;0;0;0;0;1;0;0;0;0
"18/05/2025";"16:00:00";"160";"Sem vítima";"76,860";"BR-116/RJ";"Crescente";"Choque";1;0;0;0;0;0;0;0;0;0;1;0;0;0;0
"18/05/2025";"17:07:00";"172";"Sem vítima";"18,000";"BR-465/RJ";"Crescente";"Engavetamento";3;0;0;0;0;0;0;0;0;0;4;0;0;0;0
"18/05/2025";"18:03:00";"184";"Sem vítima";"112,000";"BR-493/RJ";"Decrescente";"Choque";1;0;0;0;0;0;0;0;0;0;3;0;0;0;0
"18/05/2025";"18:11:00";"186";"Com vítima";"625,346";"BR-116/MG";"Crescente";"Colisão traseira";1;0;0;1;0;0;0;0;0;0;1;0;2;0;0
"18/05/2025";"18:31:00";"187";"Com vítima";"144,000";"BR-116/RJ";"Crescente";"Colisão transversal";1;0;0;2;0;0;0;0;0;0;2;1;0;0;0
"18/05/2025";"18:51:00";"190";"Sem vítima";"455,101";"BR-116/MG";"Decrescente";"Colisão frontal";1;0;0;0;0;0;0;0;0;1;3;0;0;0;0
"18/05/2025";"20:24:00";"203";"Sem vítima";"685,000";"BR-116/MG";"Crescente";"Choque";1;0;0;0;0;0;0;0;0;0;3;0;0;0;0
"18/05/2025";"21:02:00";"206";"Sem vítima";"627,587";"BR-116/MG";"Crescente";"Colisão lateral no mesmo sentido";2;0;0;0;0;0;0;0;0;0;2;0;0;0;0
"18/05/2025";"21:51:00";"212";"Com vítima";"176,000";"BR-116/RJ";"Crescente";"Colisão traseira";2;0;0;0;0;0;0;0;0;0;1;3;0;0;0
"18/05/2025";"22:58:00";"222";"Sem vítima";"711,250";"BR-116/MG";"Decrescente";"Capotamento";1;0;0;0;0;0;0;0;0;0;1;0;0;0;0
"18/05/2025";"23:51:00";"224";"Com vítima";"142,325";"BR-116/RJ";"Decrescente";"Colisão traseira";2;0;0;0;0;0;0;0;0;0;1;2;1;0;0
"19/05/2025";"01:21:00";"149";"Com vítima";"665,235";"BR-116/MG";"Crescente";"Choque";0;0;0;1;0;0;0;0;0;0;0;0;1;0;0
"19/05/2025";"05:35:00";"169";"Com vítima";"180,669";"BR-116/RJ";"Decrescente";"Colisão traseira";0;0;1;0;0;1;0;0;0;1;12;1;0;0;0
"19/05/2025";"06:49:00";"174";"Sem vítima";"118,000";"BR-116/RJ";"Decrescente";"Colisão lateral no mesmo sentido";2;0;0;0;0;0;0;0;0;0;3;0;0;0;0
"19/05/2025";"06:56:00";"176";"Sem vítima";"179,600";"BR-116/RJ";"Decrescente";"Colisão lateral no mesmo sentido";1;0;0;0;0;1;0;0;0;0;2;0;0;0;0
"19/05/2025";"07:00:00";"178";"Sem vítima";"557,000";"BR-116/MG";"Decrescente";"Colisão lateral no mesmo sentido";1;0;0;0;1;0;0;0;0;0;4;0;0;0;0
"19/05/2025";"07:39:00";"189";"Sem vítima";"146,000";"BR-116/RJ";"Crescente";"Colisão traseira";1;0;0;0;0;1;0;0;0;0;2;0;0;0;0
"19/05/2025";"07:39:00";"190";"Sem vítima";"188,334";"BR-116/RJ";"Decrescente";"Engavetamento";4;0;0;0;0;0;0;0;0;0;4;0;0;0;0
"19/05/2025";"07:54:00";"193";"Com vítima";"410,000";"BR-116/MG";"Decrescente";"Colisão traseira";0;0;0;1;0;1;0;0;0;0;1;0;2;0;0
"19/05/2025";"08:02:00";"197";"Sem vítima";"18,500";"BR-465/RJ";"Decrescente";"Colisão transversal";2;0;0;0;0;0;0;0;0;0;2;0;0;0;0
"19/05/2025";"11:37:00";"251";"Sem vítima";"196,655";"BR-116/RJ";"Crescente";"Queda de moto";0;0;0;1;0;0;0;0;0;0;2;0;0;0;0
"19/05/2025";"12:42:00";"265";"Sem vítima";"22,000";"BR-493/RJ";"Crescente";"Colisão lateral em sentido contrário";1;0;0;0;0;1;0;0;0;0;2;0;0;0;0
"19/05/2025";"16:43:00";"311";"Sem vítima";"15,300";"BR-465/RJ";"Crescente";"Queda de moto";0;0;0;1;0;0;0;0;0;0;2;0;0;0;0
"19/05/2025";"17:01:00";"318";"Sem vítima";"108,000";"BR-116/RJ";"Decrescente";"Saída de pista";1;0;0;0;0;0;0;0;0;0;4;0;0;0;0
"19/05/2025";"17:18:00";"320";"Sem vítima";"176,452";"BR-116/RJ";"Decrescente";"Choque";1;0;0;0;0;0;0;0;0;0;1;0;0;0;0
"19/05/2025";"17:36:00";"323";"Sem vítima";"67,200";"BR-116/RJ";"Decrescente";"Choque";1;0;0;0;0;0;0;0;0;0;1;0;0;0;0
"19/05/2025";"17:43:00";"324";"Sem vítima";"593,000";"BR-116/MG";"Crescente";"Queda de moto";0;0;0;1;0;0;0;0;0;0;1;0;0;0;0
"19/05/2025";"18:47:00";"333";"Sem vítima";"20,000";"BR-493/RJ";"Decrescente";"Choque";1;0;0;0;0;0;0;0;0;0;1;0;0;0;0
"19/05/2025";"19:28:00";"337";"Com vítima";"617,000";"BR-116/MG";"Decrescente";"Saída de pista";1;0;0;0;0;0;0;0;0;0;0;0;1;0;0
"19/05/2025";"22:52:00";"362";"Com vítima";"194,000";"BR-116/RJ";"Decrescente";"Atropelamento de ciclista";1;1;0;1;1;0;0;0;0;0;2;0;0;0;1
"20/05/2025";"06:10:00";"145";"Com vítima";"1,000";"BR-493/RJ";"Decrescente";"Atropelamento de pedestre";1;0;0;0;0;0;0;0;0;0;1;0;1;0;0
"20/05/2025";"07:19:00";"154";"Com vítima";"0,400";"BR-493/RJ";"Decrescente";"Colisão transversal";1;0;0;1;0;0;0;0;0;0;1;1;0;0;0
"20/05/2025";"07:43:00";"160";"Sem vítima";"23,000";"BR-493/RJ";"Crescente";"Colisão traseira";1;0;0;0;1;0;0;0;0;0;2;0;0;0;0
"20/05/2025";"07:43:00";"161";"Sem vítima";"177,000";"BR-116/RJ";"Decrescente";"Colisão traseira";0;0;0;2;0;0;0;0;0;0;4;0;0;0;0
"20/05/2025";"07:44:00";"162";"Sem vítima";"6,500";"BR-493/RJ";"Decrescente";"Colisão traseira";0;0;0;0;0;0;0;0;0;1;1;0;0;0;0
"20/05/2025";"07:52:00";"163";"Sem vítima";"147,000";"BR-116/RJ";"Decrescente";"Engavetamento";2;0;0;0;0;0;0;0;0;0;2;0;0;0;0
"20/05/2025";"08:03:00";"166";"Sem vítima";"172,017";"BR-116/RJ";"Decrescente";"Engavetamento";3;0;1;0;0;0;0;0;0;0;4;0;0;0;0
"20/05/2025";"08:13:00";"170";"Sem vítima";"176,000";"BR-116/RJ";"Decrescente";"Colisão traseira";1;0;0;1;0;0;0;0;0;0;4;0;0;0;0
"20/05/2025";"08:34:00";"175";"Sem vítima";"127,000";"BR-116/RJ";"Decrescente";"Colisão lateral no mesmo sentido";1;0;1;0;0;0;0;0;0;0;2;0;0;0;0
"20/05/2025";"08:57:00";"179";"Sem vítima";"22,000";"BR-465/RJ";"Crescente";"Colisão traseira";2;0;0;0;0;0;0;0;0;0;2;0;0;0;0
"20/05/2025";"09:46:00";"185";"Com vítima";"186,400";"BR-116/RJ";"Decrescente";"Queda de moto";0;0;0;0;0;1;0;0;0;0;1;1;0;0;0
"20/05/2025";"10:26:00";"197";"Com vítima";"19,151";"BR-493/RJ";"Decrescente";"Colisão transversal";1;0;0;1;0;0;0;0;0;0;1;2;0;0;0
"20/05/2025";"15:46:00";"266";"Sem vítima";"46,000";"BR-116/RJ";"Decrescente";"Colisão traseira";2;0;0;0;0;0;0;0;0;0;4;0;0;0;0
"20/05/2025";"16:06:00";"268";"Sem vítima";"203,000";"BR-116/RJ";"Decrescente";"Choque";1;0;0;0;0;1;0;0;0;0;2;0;0;0;0
"20/05/2025";"16:20:00";"270";"Com vítima";"177,371";"BR-116/RJ";"Crescente";"Colisão lateral no mesmo sentido";0;0;0;2;0;0;0;0;0;0;1;1;0;0;0
"20/05/2025";"18:22:00";"301";"Com vítima";"539,000";"BR-116/MG";"Decrescente";"Colisão transversal";1;0;0;1;0;0;0;0;0;0;1;0;1;0;0
"21/05/2025";"02:55:00";"169";"Com vítima";"36,000";"BR-116/RJ";"Decrescente";"Capotamento";1;0;0;0;0;0;0;0;0;0;0;1;0;0;0
"21/05/2025";"04:46:00";"174";"Com vítima";"782,020";"BR-116/MG";"Crescente";"Colisão lateral em sentido contrário";1;0;0;0;0;1;0;0;0;0;1;0;1;0;0
"21/05/2025";"05:31:00";"176";"Sem vítima";"196,000";"BR-116/RJ";"Crescente";"Choque";1;0;0;0;0;0;0;0;0;0;1;0;0;0;0
"21/05/2025";"10:19:00";"220";"Com vítima";"95,745";"BR-116/RJ";"Decrescente";"Colisão lateral no mesmo sentido";0;0;1;1;0;0;0;0;0;0;2;0;1;0;0
"21/05/2025";"10:48:00";"228";"Sem vítima";"22,576";"BR-493/RJ";"Decrescente";"Engavetamento";2;0;1;0;0;0;0;0;0;0;3;0;0;0;0
"21/05/2025";"12:16:00";"241";"Sem vítima";"172,000";"BR-116/RJ";"Crescente";"Queda de moto";0;0;0;1;0;0;0;0;0;0;1;0;0;0;0
"21/05/2025";"13:39:00";"256";"Sem vítima";"135,000";"BR-116/RJ";"Decrescente";"Choque";2;0;0;0;0;0;0;0;0;0;3;0;0;0;0
"21/05/2025";"14:48:00";"265";"Com vítima";"21,500";"BR-465/RJ";"Crescente";"Atropelamento de pedestre";0;0;0;1;0;0;0;0;0;0;1;0;1;0;0
"21/05/2025";"15:30:00";"273";"Sem vítima";"794,645";"BR-116/MG";"Crescente";"Colisão lateral no mesmo sentido";1;0;0;0;1;0;0;0;0;0;46;0;0;0;0
"21/05/2025";"17:21:00";"303";"Com vítima";"182,000";"BR-116/RJ";"Crescente";"Colisão traseira";1;0;0;1;0;0;0;0;0;0;1;1;0;0;0
"21/05/2025";"17:57:00";"312";"Com vítima";"17,000";"BR-493/RJ";"Decrescente";"Colisão lateral em sentido contrário";1;0;0;1;0;0;0;0;0;0;1;1;0;0;0
"21/05/2025";"18:13:00";"316";"Com vítima";"12,500";"BR-465/RJ";"Crescente";"Colisão frontal";1;0;0;1;0;0;0;0;0;0;1;1;0;0;0
"21/05/2025";"18:39:00";"322";"Com vítima";"700,366";"BR-116/MG";"Decrescente";"Colisão lateral no mesmo sentido";1;0;0;1;0;0;0;0;0;0;1;1;0;0;0
"21/05/2025";"19:16:00";"330";"Com vítima";"185,000";"BR-116/RJ";"Crescente";"Colisão traseira";0;0;0;2;0;0;0;0;0;0;0;0;2;0;0
"21/05/2025";"20:01:00";"337";"Com vítima";"83,241";"BR-116/RJ";"Decrescente";"Colisão frontal";2;0;0;0;0;0;0;0;0;0;2;1;0;0;0
"21/05/2025";"21:38:00";"349";"Com vítima";"677,610";"BR-116/MG";"Crescente";"Queda de moto";0;0;0;1;0;0;0;0;0;0;0;0;1;0;0
"21/05/2025";"21:45:00";"350";"Sem vítima";"8,000";"BR-465/RJ";"Decrescente";"Colisão traseira";1;0;0;1;0;0;0;0;0;0;2;0;0;0;0
"22/05/2025";"07:54:00";"205";"Sem vítima";"191,000";"BR-116/RJ";"Crescente";"Colisão traseira";2;0;0;0;0;0;0;0;0;0;2;0;0;0;0
"22/05/2025";"07:55:00";"207";"Com vítima";"104,000";"BR-493/RJ";"Crescente";"Queda de moto";0;0;0;1;0;0;0;0;0;0;0;0;1;0;0
"22/05/2025";"10:09:00";"227";"Com vítima";"175,000";"BR-116/RJ";"Decrescente";"Colisão lateral no mesmo sentido";1;0;0;1;1;0;0;0;0;0;2;1;0;0;0
"22/05/2025";"12:45:00";"251";"Sem vítima";"5,000";"BR-465/RJ";"Crescente";"Colisão traseira";2;0;0;0;0;0;0;0;0;0;2;0;0;0;0
"22/05/2025";"13:25:00";"258";"Com vítima";"516,000";"BR-116/MG";"Decrescente";"Choque";1;0;0;0;0;0;0;0;0;0;0;2;0;0;0
"22/05/2025";"14:07:00";"266";"Sem vítima";"117,000";"BR-116/RJ";"Decrescente";"Engavetamento";2;0;0;0;0;1;0;0;0;0;3;0;0;0;0
"22/05/2025";"14:38:00";"269";"Sem vítima";"526,000";"BR-116/MG";"Decrescente";"Colisão traseira";2;0;0;0;0;0;0;0;0;0;2;0;0;0;0
"22/05/2025";"16:52:00";"299";"Sem vítima";"600,069";"BR-116/MG";"Crescente";"Tombamento";0;0;0;0;0;1;0;0;0;0;1;0;0;0;0
"22/05/2025";"17:59:00";"309";"Com vítima";"416,000";"BR-116/MG";"Decrescente";"Colisão traseira";0;0;0;2;0;0;0;0;0;0;2;1;0;0;0
"22/05/2025";"20:02:00";"325";"Com vítima";"200,000";"BR-116/RJ";"Decrescente";"Atropelamento de pedestre";1;0;0;0;0;0;0;0;0;0;2;0;0;1;0
"22/05/2025";"21:44:00";"337";"Com vítima";"539,550";"BR-116/MG";"Crescente";"Queda de moto";0;0;0;1;0;0;0;0;0;0;1;1;0;0;0
"23/05/2025";"01:48:00";"130";"Com vítima";"74,000";"BR-493/RJ";"Decrescente";"Capotamento";1;0;0;0;0;0;0;0;0;0;0;3;0;0;0
"23/05/2025";"05:09:00";"171";"Sem vítima";"535,425";"BR-116/MG";"Crescente";"Atropelamento de animal";1;0;0;0;0;0;0;0;0;0;5;0;0;0;0
"23/05/2025";"06:09:00";"173";"Com vítima";"19,000";"BR-493/RJ";"Crescente";"Colisão lateral no mesmo sentido";0;0;0;1;0;1;0;0;0;0;1;1;0;0;0
"23/05/2025";"06:45:00";"180";"Sem vítima";"5,000";"BR-465/RJ";"Crescente";"Colisão traseira";1;0;1;0;0;0;0;0;0;0;2;0;0;0;0
"23/05/2025";"06:54:00";"181";"Com vítima";"522,019";"BR-116/MG";"Decrescente";"Colisão transversal";1;0;0;1;0;0;0;0;0;0;1;0;1;0;0
"23/05/2025";"06:59:00";"183";"Sem vítima";"641,616";"BR-116/MG";"Decrescente";"Choque";1;0;0;0;0;0;0;0;0;0;2;0;0;0;0
"23/05/2025";"11:52:00";"248";"Sem vítima";"429,406";"BR-116/MG";"Decrescente";"Atropelamento de animal";1;0;0;0;0;0;0;0;0;0;1;0;0;0;0
"23/05/2025";"13:50:00";"269";"Sem vítima";"147,500";"BR-116/RJ";"Crescente";"Colisão lateral no mesmo sentido";0;0;1;0;1;0;0;0;0;0;3;0;0;0;0
"23/05/2025";"15:39:00";"295";"Com vítima";"583,577";"BR-116/MG";"Crescente";"Colisão frontal";0;0;0;1;0;1;0;0;0;0;1;0;0;2;0
"23/05/2025";"16:49:00";"306";"Sem vítima";"111,000";"BR-116/RJ";"Crescente";"Saída de pista";1;0;0;0;0;0;0;0;0;0;1;0;0;0;0
"23/05/2025";"17:33:00";"319";"Com vítima";"129,838";"BR-116/RJ";"Decrescente";"Colisão lateral no mesmo sentido";2;0;0;0;0;0;0;0;0;0;0;2;0;0;0
"23/05/2025";"17:59:00";"325";"Sem vítima";"186,000";"BR-116/RJ";"Decrescente";"Colisão lateral no mesmo sentido";1;0;0;1;0;0;0;0;0;0;2;0;0;0;0
"23/05/2025";"18:07:00";"328";"Com vítima";"67,000";"BR-493/RJ";"Decrescente";"Colisão traseira";2;0;0;0;0;0;0;0;0;0;0;3;0;0;0