data;horario;n_da_ocorrencia;tipo_de_ocorrencia;km;trecho;sentido;tipo_de_acidente;automovel;bicicleta;caminhao;moto;onibus;outros;tracao_animal;transporte_de_cargas_especiais;trator_maquinas;utilitarios;ilesos;levemente_feridos;moderadamente_feridos;gravemente_feridos;mortos
"23/05/2025";"19:41:00";"342";"Sem vítima";"409,000";"BR-116/MG";"Crescente";"Atropelamento de pedestre";0;1;0;0;0;0;0;0;0;0;1;0;0;0;0
"23/05/2025";"20:20:00";"351";"Sem vítima";"169,000";"BR-116/RJ";"Crescente";"Choque";1;0;0;0;0;0;0;0;0;0;2;0;0;0;0
"23/05/2025";"20:20:00";"353";"Com vítima";"59,000";"BR-116/RJ";"Decrescente";"Colisão lateral no mesmo sentido";2;0;0;0;0;0;0;0;0;0;1;1;0;0;0
"23/05/2025";"23:09:00";"366";"Com vítima";"172,300";"BR-116/RJ";"Crescente";"Queda de moto";0;0;0;1;0;0;0;0;0;0;0;1;0;0;0
"24/05/2025";"01:28:00";"5";"Com vítima";"539,000";"BR-116/MG";"Decrescente";"Queda de moto";0;0;0;1;0;0;0;0;0;0;0;0;1;0;0
"24/05/2025";"02:24:00";"9";"Com vítima";"776,000";"BR-116/MG";"Crescente";"Tombamento";0;0;0;0;0;1;0;0;0;0;0;2;0;0;0
"24/05/2025";"05:17:00";"13";"Sem vítima";"46,000";"BR-116/RJ";"Crescente";"Capotamento";1;0;0;0;0;0;0;0;0;0;1;0;0;0;0
"24/05/2025";"05:57:00";"16";"Com vítima";"186,396";"BR-116/RJ";"Decrescente";"Colisão traseira";0;0;0;1;0;1;0;0;0;0;1;1;0;0;0
"24/05/2025";"08:44:00";"48";"Com vítima";"457,372";"BR-116/MG";"Crescente";"Queda de moto";0;0;0;1;0;0;0;0;0;0;0;0;1;0;0
"24/05/2025";"10:28:00";"79";"Com vítima";"642,214";"BR-116/MG";"Decrescente";"Colisão lateral no mesmo sentido";0;0;0;1;0;1;0;0;0;0;1;1;0;0;1
"24/05/2025";"10:31:00";"80";"Com vítima";"412,135";"BR-116/MG";"Decrescente";"Colisão transversal";1;0;0;1;0;0;0;0;0;0;1;2;0;0;0
"24/05/2025";"11:38:00";"94";"Sem vítima";"585,000";"BR-116/MG";"Decrescente";"Colisão traseira";2;0;0;0;0;0;0;0;0;0;5;0;0;0;0
"24/05/2025";"12:42:00";"105";"Sem vítima";"480,660";"BR-116/MG";"Decrescente";"Colisão traseira";1;0;0;0;0;1;0;0;0;0;2;0;0;0;0
"24/05/2025";"14:12:00";"121";"Com vítima";"21,300";"BR-465/RJ";"Crescente";"Colisão transversal";1;0;0;1;0;0;0;0;0;0;1;0;1;0;0
"24/05/2025";"15:18:00";"135";"Sem vítima";"131,000";"BR-116/RJ";"Decrescente";"Choque";1;0;0;0;0;0;0;0;0;0;2;0;0;0;0
"24/05/2025";"18:29:00";"165";"Sem vítima";"522,000";"BR-116/MG";"Decrescente";"Colisão transversal";2;0;0;0;0;0;0;0;0;0;5;0;0;0;0
"24/05/2025";"19:48:00";"178";"Com vítima";"176,000";"BR-116/RJ";"Decrescente";"Choque";1;0;0;0;0;0;0;0;0;0;0;2;0;0;0
"24/05/2025";"19:56:00";"180";"Sem vítima";"187,000";"BR-116/RJ";"Decrescente";"Colisão lateral no mesmo sentido";2;0;0;0;0;0;0;0;0;0;2;0;0;0;0
"24/05/2025";"21:30:00";"189";"Com vítima";"571,300";"BR-116/MG";"Decrescente";"Colisão frontal";1;0;0;1;0;0;0;0;0;0;1;0;0;1;0
"24/05/2025";"23:41:00";"200";"Com vítima";"426,000";"BR-116/MG";"Crescente";"Colisão traseira";1;0;0;1;0;0;0;0;0;0;1;2;0;0;0
"25/05/2025";"00:01:00";"1";"Com vítima";"413,000";"BR-116/MG";"Crescente";"Colisão frontal";1;0;0;1;0;0;0;0;0;0;1;0;0;1;0
"25/05/2025";"00:59:00";"9";"Com vítima";"550,000";"BR-116/MG";"Crescente";"Colisão lateral em sentido contrário";0;0;0;2;0;0;0;0;0;0;0;2;0;0;0
"25/05/2025";"02:11:00";"11";"Sem vítima";"181,000";"BR-116/RJ";"Decrescente";"Choque";1;0;0;0;0;0;0;0;0;0;1;0;0;0;0
"25/05/2025";"04:28:00";"18";"Com vítima";"420,867";"BR-116/MG";"Crescente";"Colisão frontal";2;0;0;1;0;0;0;0;0;0;3;0;1;0;0
"25/05/2025";"08:35:00";"39";"Com vítima";"144,000";"BR-116/RJ";"Crescente";"Choque";1;0;0;0;0;0;0;0;0;0;0;0;1;0;0
"25/05/2025";"09:05:00";"45";"Com vítima";"679,285";"BR-116/MG";"Crescente";"Tombamento";0;0;0;0;0;1;0;0;0;0;0;0;1;0;0
"25/05/2025";"10:04:00";"49";"Com vítima";"409,190";"BR-116/MG";"Crescente";"Choque";1;0;0;0;0;0;0;0;0;0;1;2;0;0;0
"25/05/2025";"10:34:00";"53";"Com vítima";"123,224";"BR-116/RJ";"Crescente";"Queda de moto";0;0;0;1;0;0;0;0;0;0;1;0;1;0;0
"25/05/2025";"10:39:00";"54";"Com vítima";"733,768";"BR-116/MG";"Crescente";"Capotamento";1;0;1;0;0;0;0;0;0;0;1;0;2;0;0
"25/05/2025";"18:30:00";"70";"Com vítima";"169,000";"BR-116/RJ";"Decrescente";"Queda de moto";0;0;0;1;0;0;0;0;0;0;0;1;0;0;0
"25/05/2025";"19:19:00";"73";"Com vítima";"423,000";"BR-116/MG";"Decrescente";"Colisão transversal";1;0;0;0;0;1;0;0;0;0;1;2;0;0;0
"25/05/2025";"19:35:00";"77";"Com vítima";"8,000";"BR-493/RJ";"Decrescente";"Queda de moto";0;0;0;1;0;0;0;0;0;0;0;2;0;0;0
"25/05/2025";"20:31:00";"88";"Sem vítima";"100,000";"BR-116/RJ";"Crescente";"Saída de pista";1;0;0;0;0;0;0;0;0;0;1;0;0;0;0
"25/05/2025";"23:00:00";"118";"Com vítima";"202,000";"BR-116/RJ";"Decrescente";"Capotamento";1;0;0;0;0;0;0;0;0;0;0;3;0;0;0
"26/05/2025";"00:10:00";"1";"Sem vítima";"190,000";"BR-116/RJ";"Decrescente";"Acidentes de outra natureza";1;0;0;0;0;0;0;0;0;0;2;0;0;0;0
"26/05/2025";"00:55:00";"3";"Com vítima";"103,000";"BR-116/RJ";"Crescente";"Colisão frontal";0;0;1;1;0;0;0;0;0;0;1;0;0;1;1
"26/05/2025";"06:42:00";"25";"Com vítima";"414,000";"BR-116/MG";"Decrescente";"Queda de moto";0;0;0;1;0;0;0;0;0;0;0;1;0;0;0
"26/05/2025";"06:52:00";"29";"Sem vítima";"63,000";"BR-493/RJ";"Crescente";"Choque";1;0;0;0;0;0;0;0;0;0;1;0;0;0;0
"26/05/2025";"07:00:00";"40";"Sem vítima";"51,000";"BR-493/RJ";"Decrescente";"Colisão traseira";1;0;0;0;0;0;0;0;0;0;1;0;0;0;0
"26/05/2025";"07:07:00";"32";"Com vítima";"65,000";"BR-493/RJ";"Decrescente";"Colisão traseira";0;0;0;1;0;1;0;0;0;0;1;0;1;0;0
"26/05/2025";"07:10:00";"33";"Com vítima";"537,000";"BR-116/MG";"Crescente";"Colisão transversal";2;0;0;0;0;0;0;0;0;0;0;3;0;0;0
"26/05/2025";"08:40:00";"46";"Sem vítima";"748,900";"BR-116/MG";"Crescente";"Colisão lateral em sentido contrário";2;0;0;0;0;0;0;0;0;0;5;0;0;0;0
"26/05/2025";"08:45:00";"47";"Com vítima";"16,400";"BR-116/RJ";"Decrescente";"Colisão frontal";0;0;1;0;0;0;0;0;0;1;1;3;1;0;0
"26/05/2025";"09:10:00";"54";"Com vítima";"185,480";"BR-116/RJ";"Decrescente";"Colisão traseira";0;0;0;2;0;0;0;0;0;0;2;1;0;0;0
"26/05/2025";"09:23:00";"62";"Sem vítima";"533,000";"BR-116/MG";"Crescente";"Colisão traseira";2;0;0;0;0;0;0;0;0;0;2;0;0;0;0
"26/05/2025";"10:04:00";"74";"Sem vítima";"21,700";"BR-493/RJ";"Crescente";"Colisão traseira";0;0;0;0;1;1;0;0;0;0;2;0;0;0;0
"26/05/2025";"11:17:00";"84";"Com vítima";"136,000";"BR-116/RJ";"Decrescente";"Colisão traseira";1;0;0;1;0;0;0;0;0;0;1;1;0;0;0
"26/05/2025";"16:07:00";"133";"Com vítima";"192,000";"BR-116/RJ";"Decrescente";"Atropelamento de pedestre";1;0;0;0;0;0;0;0;0;0;2;0;0;1;0
"26/05/2025";"17:16:00";"146";"Com vítima";"171,000";"BR-116/RJ";"Crescente";"Engavetamento";2;0;1;0;0;0;0;0;0;0;0;5;0;0;0
"26/05/2025";"17:27:00";"148";"Com vítima";"185,000";"BR-116/RJ";"Crescente";"Colisão traseira";1;0;0;1;0;0;0;0;0;0;1;1;0;0;0
"26/05/2025";"18:04:00";"152";"Com vítima";"5,000";"BR-465/RJ";"Crescente";"Colisão frontal";1;0;0;1;0;0;0;0;0;0;1;2;0;0;0
"26/05/2025";"18:30:00";"153";"Com vítima";"620,000";"BR-116/MG";"Crescente";"Colisão frontal";0;0;0;0;0;1;0;0;0;0;1;0;0;1;0
"26/05/2025";"19:21:00";"165";"Sem vítima";"53,558";"BR-493/RJ";"Crescente";"Choque";0;0;0;0;0;0;0;0;0;1;1;0;0;0;0
"27/05/2025";"05:42:00";"187";"Sem vítima";"141,000";"BR-116/RJ";"Crescente";"Colisão traseira";0;0;0;0;1;0;0;0;0;0;1;0;0;0;0
"27/05/2025";"07:13:00";"205";"Com vítima";"184,000";"BR-116/RJ";"Decrescente";"Colisão traseira";1;0;0;1;0;0;0;0;0;0;1;1;0;0;0
"27/05/2025";"08:35:00";"221";"Sem vítima";"555,000";"BR-116/MG";"Crescente";"Choque";1;0;0;0;0;0;0;0;0;0;1;0;0;0;0
"27/05/2025";"09:21:00";"226";"Com vítima";"173,959";"BR-116/RJ";"Decrescente";"Queda de moto";0;0;0;1;0;0;0;0;0;0;0;1;0;0;0
"27/05/2025";"09:43:00";"232";"Com vítima";"173,200";"BR-116/RJ";"Decrescente";"Tombamento";0;0;1;0;0;0;0;0;0;0;0;2;1;0;0
"27/05/2025";"10:12:00";"242";"Com vítima";"522,000";"BR-116/MG";"Crescente";"Colisão traseira";2;0;0;0;0;0;0;0;0;0;0;2;0;0;0
"27/05/2025";"13:18:00";"274";"Com vítima";"183,000";"BR-116/RJ";"Crescente";"Colisão traseira";1;0;0;1;0;0;0;0;0;0;1;0;1;0;0
"27/05/2025";"14:05:00";"290";"Com vítima";"186,000";"BR-116/RJ";"Decrescente";"Queda de moto";0;0;0;1;0;0;0;0;0;0;0;2;0;0;0
"27/05/2025";"14:08:00";"291";"Sem vítima";"180,000";"BR-116/RJ";"Decrescente";"Choque";0;0;1;0;0;0;0;0;0;0;2;0;0;0;0
"27/05/2025";"15:17:00";"302";"Com vítima";"59,000";"BR-493/RJ";"Crescente";"Colisão traseira";1;0;0;0;0;1;0;0;0;0;1;0;1;0;0
"27/05/2025";"15:32:00";"310";"Sem vítima";"438,000";"BR-116/MG";"Decrescente";"Choque";1;0;0;0;0;0;0;0;0;0;1;0;0;0;0
"27/05/2025";"18:28:00";"344";"Com vítima";"413,000";"BR-116/MG";"Decrescente";"Colisão lateral no mesmo sentido";1;0;0;1;0;0;0;0;0;0;1;1;0;0;0
"27/05/2025";"19:00:00";"347";"Com vítima";"180,000";"BR-116/RJ";"Crescente";"Engavetamento";4;0;0;0;0;0;0;0;0;0;0;4;0;0;0
"28/05/2025";"00:22:00";"99";"Com vítima";"174,000";"BR-116/RJ";"Crescente";"Queda de moto";0;0;0;1;0;0;0;0;0;0;0;2;0;0;0
"28/05/2025";"08:08:00";"209";"Com vítima";"414,445";"BR-116/MG";"Crescente";"Colisão transversal";0;0;0;2;0;0;0;0;0;0;0;3;0;0;0
"28/05/2025";"12:05:00";"262";"Com vítima";"4,250";"BR-465/RJ";"Crescente";"Colisão traseira";1;0;0;1;0;0;0;0;0;0;1;0;1;0;0
"28/05/2025";"12:56:00";"274";"Com vítima";"527,893";"BR-116/MG";"Decrescente";"Colisão traseira";0;0;0;2;0;0;0;0;0;0;0;2;0;0;0
"28/05/2025";"13:31:00";"283";"Com vítima";"176,573";"BR-116/RJ";"Decrescente";"Colisão traseira";0;0;0;2;0;0;0;0;0;0;1;0;1;0;0
"28/05/2025";"14:27:00";"292";"Sem vítima";"19,000";"BR-493/RJ";"Crescente";"Queda de moto";0;0;0;0;0;1;0;0;0;0;1;0;0;0;0
"28/05/2025";"15:59:00";"315";"Sem vítima";"185,700";"BR-116/RJ";"Crescente";"Colisão traseira";1;0;0;1;0;0;0;0;0;0;2;0;0;0;0
"28/05/2025";"16:32:00";"326";"Com vítima";"211,000";"BR-116/RJ";"Crescente";"Colisão traseira";0;0;0;1;0;1;0;0;0;0;1;1;0;0;0
"28/05/2025";"18:29:00";"347";"Com vítima";"181,000";"BR-116/RJ";"Crescente";"Queda de moto";0;0;0;1;0;0;0;0;0;0;0;0;1;0;0
"28/05/2025";"20:06:00";"364";"Sem vítima";"108,000";"BR-116/RJ";"Decrescente";"Colisão transversal";2;0;0;0;0;0;0;0;0;0;3;0;0;0;0
"28/05/2025";"20:19:00";"367";"Com vítima";"105,000";"BR-493/RJ";"Decrescente";"Capotamento";1;0;0;0;0;0;0;0;0;0;0;1;0;0;0
"29/05/2025";"04:41:00";"184";"Com vítima";"147,700";"BR-116/RJ";"Crescente";"Colisão traseira";0;0;0;1;1;0;0;0;0;0;1;1;0;0;0
"29/05/2025";"06:06:00";"187";"Com vítima";"2,846";"BR-493/RJ";"Decrescente";"Atropelamento de pedestre";0;0;0;1;0;0;0;0;0;0;0;0;2;0;1
"29/05/2025";"07:26:00";"199";"Sem vítima";"85,925";"BR-116/RJ";"Decrescente";"Choque";1;0;0;0;0;0;0;0;0;0;1;0;0;0;0
"29/05/2025";"07:34:00";"201";"Sem vítima";"4,693";"BR-465/RJ";"Crescente";"Colisão transversal";0;0;0;1;0;0;0;0;0;1;2;0;0;0;0
"29/05/2025";"07:59:00";"210";"Com vítima";"416,880";"BR-116/MG";"Crescente";"Colisão transversal";0;1;0;1;0;0;0;0;0;0;0;1;0;0;0
"29/05/2025";"11:27:00";"248";"Com vítima";"101,950";"BR-116/RJ";"Decrescente";"Colisão lateral em sentido contrário";1;0;0;0;0;1;0;0;0;0;1;0;1;0;0
"29/05/2025";"12:44:00";"258";"Com vítima";"171,000";"BR-116/RJ";"Decrescente";"Colisão traseira";2;0;0;0;0;0;0;0;0;0;2;1;0;0;0
"29/05/2025";"12:47:00";"261";"Sem vítima";"484,984";"BR-116/MG";"Decrescente";"Colisão traseira";1;0;0;0;0;1;0;0;0;0;2;0;0;0;0
"29/05/2025";"13:14:00";"268";"Com vítima";"187,480";"BR-116/RJ";"Decrescente";"Colisão traseira";1;0;0;0;0;1;0;0;0;0;1;0;1;0;0
"29/05/2025";"14:29:00";"278";"Sem vítima";"429,190";"BR-116/MG";"Crescente";"Colisão traseira";1;0;0;0;0;1;0;0;0;0;4;0;0;0;0
"29/05/2025";"15:05:00";"286";"Sem vítima";"698,682";"BR-116/MG";"Crescente";"Colisão lateral no mesmo sentido";1;0;1;0;0;0;0;0;0;0;3;0;0;0;0
"29/05/2025";"15:39:00";"289";"Sem vítima";"191,000";"BR-116/RJ";"Crescente";"Colisão lateral no mesmo sentido";1;0;0;0;0;1;0;0;0;0;3;0;0;0;0
"29/05/2025";"17:25:00";"312";"Com vítima";"723,103";"BR-116/MG";"Decrescente";"Colisão lateral em sentido contrário";1;0;1;0;0;0;0;0;0;0;1;1;0;0;0
"29/05/2025";"17:57:00";"317";"Com vítima";"667,000";"BR-116/MG";"Decrescente";"Colisão lateral em sentido contrário";2;0;0;0;0;0;0;0;0;0;1;2;0;0;0
"29/05/2025";"21:18:00";"343";"Sem vítima";"490,000";"BR-116/MG";"Crescente";"Choque";1;0;0;0;0;0;0;0;0;0;2;0;0;0;0
"30/05/2025";"00:38:00";"56";"Com vítima";"741,800";"BR-116/MG";"Decrescente";"Colisão traseira";1;0;0;1;0;0;0;0;0;0;1;0;0;0;1
"30/05/2025";"05:46:00";"183";"Sem vítima";"502,020";"BR-116/MG";"Crescente";"Queda de moto";0;0;0;1;0;0;0;0;0;0;2;0;0;0;0
"30/05/2025";"07:59:00";"207";"Sem vítima";"19,000";"BR-493/RJ";"Decrescente";"Choque";0;0;1;0;0;0;0;0;0;0;1;0;0;0;0
"30/05/2025";"08:23:00";"216";"Com vítima";"99,099";"BR-116/RJ";"Decrescente";"Colisão frontal";2;0;0;0;0;0;0;0;0;0;3;2;1;0;0
"30/05/2025";"09:08:00";"221";"Com vítima";"146,000";"BR-116/RJ";"Crescente";"Colisão lateral no mesmo sentido";1;0;0;2;0;0;0;0;0;0;3;2;0;0;0
"30/05/2025";"12:49:00";"263";"Com vítima";"5,000";"BR-465/RJ";"Crescente";"Colisão frontal";2;0;0;0;0;0;0;0;0;0;0;3;0;0;0
"30/05/2025";"12:50:00";"255";"Sem vítima";"148,000";"BR-116/RJ";"Crescente";"Colisão traseira";0;0;0;0;0;2;0;0;0;0;2;0;0;0;0
"30/05/2025";"15:45:00";"304";"Sem vítima";"0,000";"BR-493/RJ";"Decrescente";"Colisão transversal";1;0;0;1;0;0;0;0;0;0;4;0;0;0;0
"30/05/2025";"18:26:00";"331";"Sem vítima";"468,800";"BR-116/MG";"Decrescente";"Colisão lateral no mesmo sentido";0;0;0;0;0;2;0;0;0;0;2;0;0;0;0
"30/05/2025";"18:41:00";"334";"Sem vítima";"612,000";"BR-116/MG";"Crescente";"Colisão traseira";0;0;1;0;0;1;0;0;0;0;2;0;0;0;0
"30/05/2025";"19:08:00";"341";"Sem vítima";"108,761";"BR-116/RJ";"Decrescente";"Colisão transversal";2;0;0;0;0;0;0;0;0;0;2;0;0;0;0
"30/05/2025";"19:59:00";"347";"Sem vítima";"815,000";"BR-116/MG";"Crescente";"Saída de pista";0;0;1;0;0;0;0;0;0;0;1;0;0;0;0
"30/05/2025";"20:11:00";"353";"Sem vítima";"212,000";"BR-116/RJ";"Decrescente";"Colisão traseira";0;0;1;0;0;1;0;0;0;0;2;0;0;0;0
"30/05/2025";"20:33:00";"359";"Com vítima";"583,000";"BR-116/MG";"Crescente";"Colisão traseira";1;0;0;0;0;1;0;0;0;0;1;0;1;0;0
"30/05/2025";"21:04:00";"362";"Sem vítima";"802,000";"BR-116/MG";"Decrescente";"Choque";1;0;0;0;0;0;0;0;0;0;3;0;0;0;0
"30/05/2025";"22:20:00";"368";"Sem vítima";"105,000";"BR-493/RJ";"Decrescente";"Choque";1;0;0;0;0;0;0;0;0;0;1;0;0;0;0
"31/05/2025";"00:37:00";"60";"Sem vítima";"178,000";"BR-116/RJ";"Decrescente";"Colisão traseira";0;0;0;1;0;0;0;0;0;1;2;0;0;0;0
"31/05/2025";"02:29:00";"155";"Com vítima";"83,870";"BR-116/RJ";"Decrescente";"Capotamento";1;0;0;0;0;0;0;0;0;0;0;1;1;0;0
"31/05/2025";"07:20:00";"187";"Sem vítima";"97,000";"BR-116/RJ";"Crescente";"Colisão lateral em sentido contrário";1;0;0;0;0;1;0;0;0;0;2;0;0;0;0
"31/05/2025";"07:53:00";"190";"Sem vítima";"530,000";"BR-116/MG";"Decrescente";"Colisão traseira";2;0;0;0;0;0;0;0;0;0;5;0;0;0;0
"31/05/2025";"08:09:00";"196";"Sem vítima";"178,700";"BR-116/RJ";"Decrescente";"Choque";1;0;0;0;0;0;0;0;0;0;1;0;0;0;0
"31/05/2025";"09:48:00";"212";"Com vítima";"178,000";"BR-116/RJ";"Decrescente";"Queda de moto";0;0;0;1;0;0;0;0;0;0;0;2;0;0;0
"31/05/2025";"12:08:00";"240";"Com vítima";"173,679";"BR-116/RJ";"Decrescente";"Queda de moto";0;0;0;1;0;0;0;0;0;0;0;2;0;0;0
"31/05/2025";"12:22:00";"243";"Com vítima";"496,000";"BR-116/MG";"Decrescente";"Colisão frontal";1;0;0;1;0;0;0;0;0;0;1;1;0;0;0
"31/05/2025";"14:02:00";"254";"Com vítima";"174,000";"BR-116/RJ";"Crescente";"Queda de moto";0;0;0;1;0;0;0;0;0;0;0;1;0;0;0
"31/05/2025";"16:29:00";"274";"Com vítima";"555,000";"BR-116/MG";"Crescente";"Queda de moto";0;0;0;1;0;0;0;0;0;0;1;1;0;0;0
"31/05/2025";"17:29:00";"281";"Com vítima";"183,000";"BR-116/RJ";"Crescente";"Queda de moto";0;0;0;1;0;0;0;0;0;0;0;1;0;0;0
"31/05/2025";"17:41:00";"284";"Com vítima";"0,500";"BR-493/RJ";"Crescente";"Colisão lateral em sentido contrário";0;0;0;1;0;1;0;0;0;0;1;2;0;0;0
"31/05/2025";"18:23:00";"290";"Com vítima";"716,000";"BR-116/MG";"Crescente";"Queda de moto";0;0;0;1;0;0;0;0;0;0;0;1;0;0;0
"31/05/2025";"20:39:00";"309";"Com vítima";"676,395";"BR-116/MG";"Decrescente";"Colisão frontal";1;0;0;0;0;1;0;0;0;0;0;1;0;0;2
"31/05/2025";"22:46:00";"324";"Com vítima";"520,000";"BR-116/MG";"Decrescente";"Capotamento";1;0;0;0;0;0;0;0;0;0;0;1;0;0;0
"01/06/2025";"01:51:00";"41";"Com vítima";"5,000";"BR-465/RJ";"Crescente";"Colisão frontal";1;0;0;1;0;0;0;0;0;0;1;0;1;1;0
"01/06/2025";"01:55:00";"42";"Sem vítima";"185,000";"BR-116/RJ";"Decrescente";"Tombamento";0;0;0;0;0;0;0;0;0;1;1;0;0;0;0
"01/06/2025";"05:47:00";"55";"Com vítima";"185,913";"BR-116/RJ";"Decrescente";"Atropelamento de pedestre";1;0;0;0;0;0;0;0;0;0;1;1;0;0;0
"01/06/2025";"07:46:00";"65";"Com vítima";"56,000";"BR-493/RJ";"Decrescente";"Capotamento";1;0;0;0;0;0;0;0;0;0;0;0;1;0;0
"01/06/2025";"09:12:00";"83";"Com vítima";"67,450";"BR-116/RJ";"Decrescente";"Queda de moto";0;0;0;1;0;0;0;0;0;0;0;1;0;0;0
"01/06/2025";"10:02:00";"90";"Com vítima";"457,000";"BR-116/MG";"Decrescente";"Colisão transversal";0;0;0;0;0;1;0;0;0;1;4;0;1;0;0
"01/06/2025";"11:13:00";"104";"Com vítima";"173,231";"BR-116/RJ";"Decrescente";"Colisão lateral no mesmo sentido";1;0;0;1;0;0;0;0;0;0;1;1;0;0;0
"01/06/2025";"11:34:00";"108";"Com vítima";"21,121";"BR-465/RJ";"Decrescente";"Colisão lateral no mesmo sentido";1;0;0;1;0;0;0;0;0;0;1;0;1;0;0
"01/06/2025";"12:04:00";"113";"Com vítima";"20,000";"BR-465/RJ";"Decrescente";"Queda de moto";0;0;0;1;0;0;0;0;0;0;0;1;0;0;0
"01/06/2025";"15:01:00";"138";"Sem vítima";"753,000";"BR-116/MG";"Decrescente";"Choque";1;0;0;0;0;0;0;0;0;0;1;0;0;0;0
"01/06/2025";"15:18:00";"140";"Sem vítima";"185,000";"BR-116/RJ";"Decrescente";"Choque";1;0;0;0;0;0;0;0;0;0;1;0;0;0;0
"01/06/2025";"16:17:00";"150";"Com vítima";"135,000";"BR-116/RJ";"Crescente";"Saída de pista";1;0;0;0;0;0;0;0;0;0;0;1;1;0;0
"01/06/2025";"16:59:00";"159";"Com vítima";"574,000";"BR-116/MG";"Crescente";"Tombamento";0;0;0;0;0;1;0;0;0;0;0;1;0;0;0
"01/06/2025";"18:44:00";"172";"Com vítima";"115,699";"BR-116/RJ";"Decrescente";"Colisão traseira";2;0;0;0;0;0;0;0;0;0;1;2;1;0;0
"01/06/2025";"19:01:00";"176";"Com vítima";"132,707";"BR-116/RJ";"Decrescente";"Capotamento";1;0;0;0;0;0;0;0;0;0;0;2;0;0;0
"01/06/2025";"20:10:00";"184";"Sem vítima";"40,418";"BR-116/RJ";"Decrescente";"Saída de pista";1;0;0;0;0;0;0;0;0;0;6;0;0;0;0
"01/06/2025";"20:41:00";"191";"Com vítima";"652,000";"BR-116/MG";"Decrescente";"Colisão lateral em sentido contrário";0;0;0;1;0;1;0;0;0;0;1;1;0;0;0
"01/06/2025";"21:52:00";"200";"Com vítima";"571,665";"BR-116/MG";"Crescente";"Colisão lateral em sentido contrário";1;0;1;0;0;1;0;0;0;0;2;0;1;0;0
"01/06/2025";"23:56:00";"210";"Sem vítima";"99,353";"BR-116/RJ";"Decrescente";"Choque";0;0;0;0;0;0;0;0;0;1;21;0;0;0;0
"02/06/2025";"00:19:00";"28";"Sem vítima";"11,000";"BR-465/RJ";"Crescente";"Choque";1;0;0;0;0;0;0;0;0;0;1;0;0;0;0
"02/06/2025";"01:54:00";"91";"Com vítima";"62,492";"BR-493/RJ";"Crescente";"Capotamento";1;0;0;0;0;0;0;0;0;0;0;1;0;0;0
"02/06/2025";"03:52:00";"137";"Sem vítima";"10,000";"BR-493/RJ";"Decrescente";"Atropelamento de animal";1;0;0;0;0;0;0;0;0;0;1;0;0;0;0
"02/06/2025";"05:54:00";"145";"Com vítima";"172,507";"BR-116/RJ";"Crescente";"Capotamento";0;0;0;0;0;0;0;0;0;2;8;1;1;0;0
"02/06/2025";"06:39:00";"147";"Sem vítima";"711,454";"BR-116/MG";"Decrescente";"Tombamento";0;0;0;0;0;1;0;0;0;0;1;0;0;0;0
"02/06/2025";"06:50:00";"174";"Sem vítima";"632,320";"BR-116/MG";"Decrescente";"Atropelamento de animal";1;0;0;0;0;0;0;0;0;0;1;0;0;0;0
"02/06/2025";"12:20:00";"227";"Sem vítima";"107,675";"BR-493/RJ";"Decrescente";"Tombamento";1;0;0;0;0;1;0;0;0;0;2;0;0;0;0
"02/06/2025";"13:07:00";"240";"Sem vítima";"412,000";"BR-116/MG";"Decrescente";"Colisão traseira";2;0;0;0;0;0;0;0;0;0;2;0;0;0;0
"02/06/2025";"15:15:00";"267";"Sem vítima";"44,882";"BR-116/RJ";"Crescente";"Choque";1;0;0;0;0;0;0;0;0;0;1;0;0;0;0
"02/06/2025";"15:46:00";"274";"Sem vítima";"8,550";"BR-465/RJ";"Decrescente";"Colisão lateral em sentido contrário";1;0;0;0;0;1;0;0;0;0;3;0;0;0;0
"02/06/2025";"17:43:00";"294";"Com vítima";"107,471";"BR-493/RJ";"Decrescente";"Atropelamento de animal";1;0;0;0;0;0;0;0;0;0;3;1;0;0;0
"02/06/2025";"18:07:00";"299";"Com vítima";"69,000";"BR-116/RJ";"Decrescente";"Colisão lateral no mesmo sentido";0;0;0;2;0;0;0;0;0;0;0;1;0;1;0
"02/06/2025";"18:33:00";"302";"Com vítima";"66,000";"BR-493/RJ";"Crescente";"Atropelamento de pedestre";0;0;1;0;0;0;0;0;0;0;0;1;0;0;1
"02/06/2025";"19:55:00";"309";"Com vítima";"105,000";"BR-493/RJ";"Decrescente";"Choque";1;0;0;0;0;0;0;0;0;0;0;3;0;0;0
"02/06/2025";"20:20:00";"312";"Sem vítima";"13,000";"BR-493/RJ";"Decrescente";"Colisão traseira";2;0;0;0;0;0;0;0;0;0;3;0;0;0;0