data;horario;n_da_ocorrencia;tipo_de_ocorrencia;km;trecho;sentido;tipo_de_acidente;automovel;bicicleta;caminhao;moto;onibus;outros;tracao_animal;transporte_de_cargas_especiais;trator_maquinas;utilitarios;ilesos;levemente_feridos;moderadamente_feridos;gravemente_feridos;mortos
"13/06/2025";"12:16:00";"223";"Sem vítima";"710,000";"BR-116/MG";"Crescente";"Choque";0;0;1;0;0;0;0;0;0;0;1;0;0;0;0
"13/06/2025";"12:37:00";"227";"Sem vítima";"74,000";"BR-493/RJ";"Decrescente";"Choque";0;0;1;0;0;1;0;0;0;0;2;0;0;0;0
"13/06/2025";"15:22:00";"252";"Com vítima";"105,000";"BR-116/RJ";"Crescente";"Atropelamento de ciclista";0;1;0;0;0;1;0;0;0;0;1;0;1;0;0
"13/06/2025";"15:35:00";"257";"Com vítima";"5,000";"BR-465/RJ";"Crescente";"Atropelamento de ciclista";0;1;1;0;0;0;0;0;0;0;1;1;0;0;0
"13/06/2025";"18:12:00";"288";"Sem vítima";"182,881";"BR-116/RJ";"Decrescente";"Colisão lateral no mesmo sentido";1;0;0;1;0;0;0;0;0;0;2;0;0;0;0
"13/06/2025";"18:36:00";"294";"Com vítima";"19,800";"BR-465/RJ";"Decrescente";"Colisão transversal";1;0;0;1;0;0;0;0;0;0;0;1;2;0;0
"13/06/2025";"19:09:00";"306";"Sem vítima";"96,800";"BR-493/RJ";"Crescente";"Choque";0;0;0;0;0;1;0;0;0;0;1;0;0;0;0
"13/06/2025";"21:58:00";"334";"Com vítima";"137,100";"BR-116/RJ";"Crescente";"Colisão lateral no mesmo sentido";1;0;0;1;0;0;0;0;0;0;1;0;1;0;0
"14/06/2025";"00:13:00";"42";"Com vítima";"598,855";"BR-116/MG";"Decrescente";"Colisão frontal";2;0;0;0;0;0;0;0;0;0;0;1;5;0;0
"14/06/2025";"01:56:00";"78";"Com vítima";"534,700";"BR-116/MG";"Crescente";"Colisão transversal";2;0;0;0;0;0;0;0;0;0;0;4;0;1;1
"14/06/2025";"05:25:00";"105";"Com vítima";"204,150";"BR-116/RJ";"Decrescente";"Colisão traseira";1;0;0;1;0;0;0;0;0;0;1;1;0;0;0
"14/06/2025";"15:40:00";"206";"Com vítima";"108,760";"BR-116/RJ";"Decrescente";"Choque";0;0;0;1;0;0;0;0;0;0;0;0;1;0;0
"14/06/2025";"16:34:00";"219";"Sem vítima";"79,000";"BR-116/RJ";"Decrescente";"Colisão traseira";2;0;0;0;0;0;0;0;0;0;2;0;0;0;0
"14/06/2025";"18:40:00";"239";"Com vítima";"525,000";"BR-116/MG";"Crescente";"Saída de pista";1;0;0;0;0;0;0;0;0;0;0;4;0;0;0
"14/06/2025";"19:11:00";"246";"Com vítima";"82,140";"BR-116/RJ";"Crescente";"Atropelamento de pedestre";0;0;0;1;0;0;0;0;0;0;0;1;1;1;0
"14/06/2025";"19:47:00";"254";"Com vítima";"129,000";"BR-116/RJ";"Crescente";"Colisão lateral no mesmo sentido";2;0;0;0;0;1;0;0;0;0;1;2;0;0;0
"15/06/2025";"06:33:00";"30";"Sem vítima";"517,000";"BR-116/MG";"Crescente";"Colisão lateral em sentido contrário";2;0;0;0;0;0;0;0;0;0;2;0;0;0;0
"15/06/2025";"07:45:00";"43";"Sem vítima";"195,000";"BR-116/RJ";"Crescente";"Capotamento";1;0;0;0;0;0;0;0;0;0;1;0;0;0;0
"15/06/2025";"10:20:00";"66";"Com vítima";"614,000";"BR-116/MG";"Decrescente";"Colisão traseira";1;0;0;0;0;1;0;0;0;0;1;0;4;0;0
"15/06/2025";"11:03:00";"72";"Com vítima";"173,000";"BR-116/RJ";"Decrescente";"Colisão lateral no mesmo sentido";1;0;0;1;0;0;0;0;0;0;3;2;0;0;0
"15/06/2025";"12:11:00";"83";"Sem vítima";"9,000";"BR-465/RJ";"Decrescente";"Saída de pista";1;0;0;0;0;0;0;0;0;0;3;0;0;0;0
"15/06/2025";"15:02:00";"110";"Com vítima";"109,000";"BR-116/RJ";"Crescente";"Colisão lateral no mesmo sentido";2;0;0;0;0;0;0;0;0;0;2;1;0;0;0
"15/06/2025";"17:42:00";"147";"Com vítima";"87,000";"BR-116/RJ";"Crescente";"Atropelamento de pedestre";1;0;0;0;0;0;0;0;0;0;3;0;1;0;0
"15/06/2025";"18:16:00";"153";"Com vítima";"169,800";"BR-116/RJ";"Decrescente";"Queda de moto";0;0;0;1;0;0;0;0;0;0;0;1;0;0;0
"15/06/2025";"18:33:00";"157";"Sem vítima";"144,100";"BR-116/RJ";"Crescente";"Colisão traseira";2;0;0;0;0;0;0;0;0;0;5;0;0;0;0
"15/06/2025";"19:00:00";"163";"Com vítima";"474,000";"BR-116/MG";"Crescente";"Queda de moto";0;0;0;1;0;0;0;0;0;0;0;0;0;1;0
"15/06/2025";"19:27:00";"166";"Com vítima";"190,331";"BR-116/RJ";"Crescente";"Colisão traseira";0;0;0;2;0;0;0;0;0;0;1;1;0;0;0
"15/06/2025";"20:26:00";"180";"Com vítima";"108,000";"BR-116/RJ";"Decrescente";"Colisão transversal";2;0;0;0;0;0;0;0;0;0;0;5;0;0;0
"15/06/2025";"21:13:00";"186";"Com vítima";"460,000";"BR-116/MG";"Decrescente";"Colisão lateral em sentido contrário";1;0;0;0;0;1;0;0;0;0;1;1;0;1;0
"15/06/2025";"21:33:00";"188";"Com vítima";"184,250";"BR-116/RJ";"Crescente";"Colisão traseira";0;0;0;2;0;0;0;0;0;0;0;2;1;0;0
"15/06/2025";"21:44:00";"191";"Com vítima";"20,500";"BR-465/RJ";"Decrescente";"Colisão frontal";1;0;0;1;0;0;0;0;0;0;2;0;1;0;0
"15/06/2025";"23:00:00";"203";"Com vítima";"584,000";"BR-116/MG";"Decrescente";"Choque";1;0;0;0;0;0;0;0;0;0;0;1;0;0;0
"15/06/2025";"23:40:00";"205";"Com vítima";"108,000";"BR-116/RJ";"Crescente";"Colisão traseira";2;0;0;0;0;0;0;0;0;0;0;7;0;0;0
"16/06/2025";"00:22:00";"42";"Sem vítima";"136,000";"BR-116/RJ";"Crescente";"Choque";1;0;0;0;0;0;0;0;0;0;1;0;0;0;0
"16/06/2025";"02:49:00";"87";"Com vítima";"201,831";"BR-116/RJ";"Decrescente";"Choque";0;0;1;0;0;0;0;0;0;0;0;1;0;0;0
"16/06/2025";"07:09:00";"127";"Com vítima";"185,622";"BR-116/RJ";"Decrescente";"Colisão lateral no mesmo sentido";0;0;1;1;0;0;0;0;0;0;1;1;0;0;0
"16/06/2025";"07:14:00";"129";"Com vítima";"202,000";"BR-116/RJ";"Decrescente";"Colisão traseira";0;0;1;1;0;0;0;0;0;0;1;0;1;0;0
"16/06/2025";"08:16:00";"139";"Com vítima";"211,550";"BR-116/RJ";"Decrescente";"Tombamento";0;0;0;0;0;1;0;0;0;0;0;0;0;0;1
"16/06/2025";"08:22:00";"140";"Sem vítima";"585,000";"BR-116/MG";"Decrescente";"Colisão traseira";2;0;0;0;0;0;0;0;0;0;2;0;0;0;0
"16/06/2025";"08:35:00";"143";"Sem vítima";"496,657";"BR-116/MG";"Crescente";"Colisão lateral no mesmo sentido";1;0;1;0;0;0;0;0;0;0;2;0;0;0;0
"16/06/2025";"08:41:00";"146";"Sem vítima";"171,800";"BR-116/RJ";"Decrescente";"Colisão lateral no mesmo sentido";1;0;0;1;0;0;0;0;0;0;3;0;0;0;0
"16/06/2025";"09:26:00";"159";"Sem vítima";"8,000";"BR-493/RJ";"Decrescente";"Colisão traseira";0;0;1;0;0;1;0;0;0;0;2;0;0;0;0
"16/06/2025";"09:46:00";"163";"Sem vítima";"203,800";"BR-116/RJ";"Decrescente";"Engavetamento";2;0;2;0;0;1;0;0;0;1;6;0;0;0;0
"16/06/2025";"11:09:00";"176";"Sem vítima";"174,000";"BR-116/RJ";"Decrescente";"Engavetamento";2;0;1;0;0;0;0;0;0;0;3;0;0;0;0
"16/06/2025";"16:23:00";"236";"Com vítima";"48,295";"BR-493/RJ";"Crescente";"Colisão lateral no mesmo sentido";0;0;0;1;1;0;0;0;0;0;1;2;0;0;0
"16/06/2025";"16:47:00";"241";"Com vítima";"421,966";"BR-116/MG";"Decrescente";"Colisão lateral no mesmo sentido";1;0;0;1;0;0;0;0;0;0;0;0;2;0;0
"16/06/2025";"16:51:00";"243";"Sem vítima";"186,000";"BR-116/RJ";"Decrescente";"Colisão traseira";2;0;0;0;0;0;0;0;0;0;5;0;0;0;0
"16/06/2025";"18:59:00";"262";"Com vítima";"187,000";"BR-116/RJ";"Decrescente";"Colisão traseira";0;0;0;2;0;0;0;0;0;0;1;0;1;0;0
"17/06/2025";"02:47:00";"162";"Com vítima";"172,400";"BR-116/RJ";"Decrescente";"Atropelamento de pedestre";0;0;1;0;0;0;0;0;0;0;1;0;0;0;1
"17/06/2025";"07:35:00";"187";"Sem vítima";"0,000";"BR-493/RJ";"Crescente";"Colisão lateral no mesmo sentido";1;0;0;1;0;0;0;0;0;0;2;0;0;0;0
"17/06/2025";"09:23:00";"203";"Com vítima";"20,628";"BR-493/RJ";"Decrescente";"Colisão transversal";0;0;0;1;0;1;0;0;0;0;1;1;0;0;0
"17/06/2025";"09:37:00";"206";"Sem vítima";"185,600";"BR-116/RJ";"Crescente";"Colisão lateral no mesmo sentido";0;0;1;0;0;0;0;0;0;1;3;0;0;0;0
"17/06/2025";"11:23:00";"227";"Sem vítima";"172,000";"BR-116/RJ";"Decrescente";"Engavetamento";2;0;0;0;0;0;0;0;0;1;4;0;0;0;0
"17/06/2025";"13:40:00";"252";"Com vítima";"131,000";"BR-116/RJ";"Decrescente";"Colisão traseira";0;0;0;1;0;1;0;0;0;0;1;1;0;0;0
"17/06/2025";"13:41:00";"254";"Sem vítima";"104,437";"BR-493/RJ";"Decrescente";"Colisão traseira";1;0;1;0;0;0;0;0;0;0;2;0;0;0;0
"17/06/2025";"16:28:00";"290";"Com vítima";"176,000";"BR-116/RJ";"Decrescente";"Engavetamento";2;0;0;1;0;0;0;0;0;0;3;1;0;0;0
"17/06/2025";"16:47:00";"293";"Sem vítima";"21,100";"BR-493/RJ";"Decrescente";"Colisão traseira";0;0;1;0;0;0;0;0;0;1;2;0;0;0;0
"17/06/2025";"16:49:00";"294";"Sem vítima";"119,196";"BR-493/RJ";"Crescente";"Queda de moto";0;0;0;1;0;0;0;0;0;0;2;0;0;0;0
"17/06/2025";"17:36:00";"302";"Com vítima";"182,000";"BR-116/RJ";"Crescente";"Queda de moto";0;0;0;1;0;0;0;0;0;0;0;1;1;0;0
"17/06/2025";"17:53:00";"307";"Com vítima";"20,763";"BR-465/RJ";"Crescente";"Colisão lateral no mesmo sentido";1;0;0;1;0;0;0;0;0;0;0;3;0;0;0
"17/06/2025";"18:07:00";"309";"Com vítima";"127,000";"BR-116/RJ";"Decrescente";"Colisão lateral no mesmo sentido";1;0;0;0;1;0;0;0;0;0;18;3;0;0;0
"17/06/2025";"18:11:00";"310";"Com vítima";"581,000";"BR-116/MG";"Decrescente";"Atropelamento de ciclista";0;1;0;0;0;0;0;0;0;0;0;1;0;0;0
"17/06/2025";"18:20:00";"311";"Com vítima";"412,000";"BR-116/MG";"Decrescente";"Colisão lateral no mesmo sentido";0;0;0;2;0;0;0;0;0;0;0;3;0;0;0
"17/06/2025";"18:29:00";"313";"Sem vítima";"139,000";"BR-116/RJ";"Decrescente";"Choque";1;0;0;0;0;0;0;0;0;0;1;0;0;0;0
"17/06/2025";"18:41:00";"314";"Sem vítima";"172,000";"BR-116/RJ";"Crescente";"Queda de moto";0;0;0;1;0;0;0;0;0;0;1;0;0;0;0
"17/06/2025";"21:34:00";"328";"Sem vítima";"421,000";"BR-116/MG";"Decrescente";"Colisão lateral no mesmo sentido";2;0;0;0;0;0;0;0;0;0;2;0;0;0;0
"18/06/2025";"00:10:00";"8";"Com vítima";"573,870";"BR-116/MG";"Decrescente";"Tombamento";0;0;1;0;0;0;0;0;0;0;0;0;0;0;1
"18/06/2025";"04:27:00";"181";"Sem vítima";"638,170";"BR-116/MG";"Crescente";"Tombamento";0;0;0;0;0;1;0;0;0;0;1;0;0;0;0
"18/06/2025";"04:51:00";"182";"Sem vítima";"802,370";"BR-116/MG";"Decrescente";"Tombamento";0;0;1;0;0;0;0;0;0;0;1;0;0;0;0
"18/06/2025";"06:19:00";"187";"Sem vítima";"173,000";"BR-116/RJ";"Crescente";"Colisão traseira";2;0;0;0;0;0;0;0;0;0;2;0;0;0;0
"18/06/2025";"06:23:00";"188";"Sem vítima";"129,000";"BR-116/RJ";"Decrescente";"Colisão lateral no mesmo sentido";0;0;0;0;1;0;0;0;0;1;2;0;0;0;0
"18/06/2025";"06:58:00";"190";"Sem vítima";"214,000";"BR-116/RJ";"Decrescente";"Colisão lateral no mesmo sentido";1;0;0;0;0;1;0;0;0;0;2;0;0;0;0
"18/06/2025";"08:30:00";"204";"Com vítima";"57,000";"BR-493/RJ";"Decrescente";"Colisão traseira";0;0;0;1;0;1;0;0;0;0;1;1;0;0;0
"18/06/2025";"08:55:00";"208";"Sem vítima";"584,000";"BR-116/MG";"Crescente";"Colisão traseira";0;0;1;0;0;0;0;0;0;1;2;0;0;0;0
"18/06/2025";"09:21:00";"216";"Com vítima";"15,000";"BR-465/RJ";"Decrescente";"Colisão lateral em sentido contrário";1;0;0;1;0;0;0;0;0;0;1;1;1;0;0
"18/06/2025";"10:21:00";"235";"Sem vítima";"87,325";"BR-116/RJ";"Crescente";"Tombamento";0;0;1;0;0;0;0;0;0;0;1;0;0;0;0
"18/06/2025";"10:35:00";"239";"Com vítima";"815,000";"BR-116/MG";"Crescente";"Colisão frontal";1;0;0;1;0;0;0;0;0;0;1;0;1;0;0
"18/06/2025";"11:05:00";"248";"Sem vítima";"209,000";"BR-116/RJ";"Crescente";"Choque";1;0;0;0;0;0;0;0;0;0;2;0;0;0;0
"18/06/2025";"11:09:00";"246";"Com vítima";"433,000";"BR-116/MG";"Decrescente";"Queda de moto";0;0;0;1;0;0;0;0;0;0;0;1;0;0;0
"18/06/2025";"18:38:00";"324";"Com vítima";"621,000";"BR-116/MG";"Decrescente";"Atropelamento de animal";0;0;0;1;0;0;0;0;0;0;0;1;0;0;0
"18/06/2025";"18:54:00";"328";"Sem vítima";"413,320";"BR-116/MG";"Crescente";"Colisão lateral no mesmo sentido";1;0;0;1;0;0;0;0;0;0;2;0;0;0;0
"18/06/2025";"20:15:00";"350";"Com vítima";"414,000";"BR-116/MG";"Decrescente";"Colisão transversal";1;0;0;1;0;0;0;0;0;0;2;1;0;0;0
"18/06/2025";"20:30:00";"359";"Sem vítima";"599,000";"BR-116/MG";"Crescente";"Colisão traseira";2;0;0;0;0;0;0;0;0;0;2;0;0;0;0
"18/06/2025";"21:15:00";"372";"Sem vítima";"147,000";"BR-116/RJ";"Decrescente";"Colisão lateral no mesmo sentido";1;0;0;0;0;1;0;0;0;0;3;0;0;0;0
"18/06/2025";"21:34:00";"374";"Com vítima";"22,000";"BR-493/RJ";"Crescente";"Choque";1;0;0;0;0;0;0;0;0;0;0;3;0;0;0
"19/06/2025";"09:55:00";"217";"Sem vítima";"13,000";"BR-493/RJ";"Crescente";"Colisão traseira";0;0;1;0;0;1;0;0;0;0;4;0;0;0;0
"19/06/2025";"10:46:00";"231";"Com vítima";"148,300";"BR-116/RJ";"Crescente";"Colisão traseira";1;0;0;1;0;0;0;0;0;0;2;1;0;0;0
"19/06/2025";"11:57:00";"251";"Com vítima";"187,000";"BR-116/RJ";"Decrescente";"Engavetamento";3;0;0;0;0;0;0;0;0;0;2;1;0;0;0
"19/06/2025";"12:18:00";"258";"Com vítima";"497,000";"BR-116/MG";"Crescente";"Queda de moto";0;0;0;1;0;0;0;0;0;0;0;1;0;0;0
"19/06/2025";"12:48:00";"265";"Sem vítima";"187,000";"BR-116/RJ";"Decrescente";"Engavetamento";3;0;0;0;0;0;0;0;0;0;3;0;0;0;0
"19/06/2025";"14:16:00";"279";"Sem vítima";"550,000";"BR-116/MG";"Crescente";"Engavetamento";2;0;1;0;0;0;0;0;0;1;4;0;0;0;0
"19/06/2025";"14:42:00";"283";"Com vítima";"793,000";"BR-116/MG";"Crescente";"Acidentes de outra natureza";1;0;0;0;0;0;0;0;0;0;0;0;1;3;0
"19/06/2025";"17:00:00";"304";"Sem vítima";"17,000";"BR-493/RJ";"Decrescente";"Capotamento";1;0;0;0;0;0;0;0;0;0;1;0;0;0;0
"19/06/2025";"18:34:00";"322";"Com vítima";"609,360";"BR-116/MG";"Decrescente";"Colisão frontal";1;0;0;0;0;1;0;0;0;0;2;0;0;1;0
"19/06/2025";"18:48:00";"327";"Sem vítima";"133,151";"BR-116/RJ";"Decrescente";"Saída de pista";1;0;0;0;0;0;0;0;0;0;2;0;0;0;0
"19/06/2025";"20:49:00";"348";"Com vítima";"0,000";"BR-493/RJ";"Crescente";"Colisão lateral em sentido contrário";1;0;0;1;0;0;0;0;0;0;0;2;0;0;0
"19/06/2025";"20:58:00";"350";"Com vítima";"413,000";"BR-116/MG";"Decrescente";"Queda de moto";0;0;0;1;0;0;0;0;0;0;0;0;1;0;0
"19/06/2025";"20:59:00";"351";"Sem vítima";"0,000";"BR-493/RJ";"Crescente";"Colisão traseira";2;0;0;0;0;0;0;0;0;0;4;0;0;0;0
"20/06/2025";"07:59:00";"94";"Com vítima";"189,317";"BR-116/RJ";"Decrescente";"Engavetamento";0;0;2;0;0;0;0;0;0;1;3;1;1;0;0
"20/06/2025";"08:16:00";"97";"Com vítima";"190,363";"BR-116/RJ";"Decrescente";"Engavetamento";4;0;0;0;0;0;0;0;0;0;4;1;0;0;0
"20/06/2025";"11:28:00";"136";"Com vítima";"410,000";"BR-116/MG";"Decrescente";"Colisão traseira";0;0;0;1;0;1;0;0;0;0;1;1;0;0;0
"20/06/2025";"12:15:00";"145";"Com vítima";"20,550";"BR-465/RJ";"Crescente";"Colisão transversal";1;0;0;1;0;0;0;0;0;0;1;0;1;0;0
"20/06/2025";"14:51:00";"181";"Com vítima";"172,000";"BR-116/RJ";"Crescente";"Colisão lateral no mesmo sentido";1;0;0;1;0;0;0;0;0;0;1;1;0;0;0
"20/06/2025";"15:36:00";"189";"Com vítima";"213,000";"BR-116/RJ";"Crescente";"Colisão lateral no mesmo sentido";1;0;0;1;0;0;0;0;0;0;1;1;0;0;0
"20/06/2025";"15:59:00";"196";"Sem vítima";"108,189";"BR-116/RJ";"Crescente";"Colisão traseira";2;0;0;0;0;0;0;0;0;0;5;0;0;0;0
"20/06/2025";"17:02:00";"209";"Com vítima";"595,000";"BR-116/MG";"Decrescente";"Queda de moto";0;0;0;1;0;0;0;0;0;0;0;0;1;0;0
"20/06/2025";"18:50:00";"228";"Com vítima";"105,000";"BR-493/RJ";"Decrescente";"Choque";1;0;0;0;0;0;0;0;0;0;0;2;0;0;0
"20/06/2025";"20:34:00";"238";"Sem vítima";"816,000";"BR-116/MG";"Crescente";"Saída de pista";1;0;0;0;0;0;0;0;0;0;1;0;0;0;0
"20/06/2025";"21:07:00";"240";"Sem vítima";"796,250";"BR-116/MG";"Decrescente";"Atropelamento de animal";1;0;0;0;0;0;0;0;0;0;1;0;0;0;0
"20/06/2025";"21:22:00";"242";"Sem vítima";"22,000";"BR-493/RJ";"Crescente";"Saída de pista";0;0;1;0;0;0;0;0;0;0;1;0;0;0;0
"20/06/2025";"21:26:00";"243";"Sem vítima";"176,000";"BR-116/RJ";"Crescente";"Colisão traseira";0;0;0;1;0;0;0;0;0;1;2;0;0;0;0
"20/06/2025";"23:48:00";"256";"Sem vítima";"103,845";"BR-116/RJ";"Crescente";"Tombamento";0;0;1;0;0;0;0;0;0;0;1;0;0;0;0
"21/06/2025";"01:49:00";"12";"Sem vítima";"458,000";"BR-116/MG";"Decrescente";"Saída de pista";1;0;0;0;0;0;0;0;0;0;2;0;0;0;0
"21/06/2025";"03:22:00";"17";"Sem vítima";"180,000";"BR-116/RJ";"Decrescente";"Colisão traseira";0;0;0;1;1;0;0;0;0;0;4;0;0;0;0
"21/06/2025";"10:55:00";"69";"Com vítima";"469,148";"BR-116/MG";"Decrescente";"Colisão frontal";2;0;0;0;0;0;0;0;0;0;0;2;0;0;0
"21/06/2025";"11:35:00";"76";"Com vítima";"23,481";"BR-493/RJ";"Decrescente";"Colisão frontal";1;0;0;1;0;0;0;0;0;0;1;0;0;1;0
"21/06/2025";"14:54:00";"103";"Sem vítima";"118,168";"BR-116/RJ";"Crescente";"Colisão traseira";2;0;0;0;0;0;0;0;0;0;2;0;0;0;0
"21/06/2025";"16:12:00";"122";"Sem vítima";"583,570";"BR-116/MG";"Crescente";"Tombamento";0;0;0;0;0;1;0;0;0;0;1;0;0;0;0
"21/06/2025";"17:00:00";"135";"Com vítima";"21,800";"BR-465/RJ";"Decrescente";"Colisão transversal";1;0;0;1;0;0;0;0;0;0;1;0;2;0;0
"21/06/2025";"19:52:00";"161";"Com vítima";"0,165";"BR-493/RJ";"Decrescente";"Engavetamento";3;0;0;0;0;0;0;0;0;0;1;4;0;0;0
"21/06/2025";"21:38:00";"174";"Com vítima";"583,570";"BR-116/MG";"Decrescente";"Colisão traseira";1;0;0;1;0;0;0;0;0;0;1;0;1;0;0
"22/06/2025";"01:34:00";"14";"Com vítima";"174,000";"BR-116/RJ";"Crescente";"Queda de moto";0;0;0;1;0;0;0;0;0;0;0;0;0;1;0
"22/06/2025";"03:35:00";"23";"Com vítima";"494,852";"BR-116/MG";"Crescente";"Colisão frontal";1;0;0;1;0;0;0;0;0;0;1;0;0;1;0
"22/06/2025";"04:38:00";"27";"Com vítima";"61,000";"BR-493/RJ";"Crescente";"Queda de moto";0;0;0;1;0;0;0;0;0;0;0;1;0;0;0
"22/06/2025";"05:22:00";"28";"Sem vítima";"533,343";"BR-116/MG";"Decrescente";"Queda de moto";0;0;0;1;0;0;0;0;0;0;1;0;0;0;0
"22/06/2025";"08:21:00";"46";"Com vítima";"48,200";"BR-493/RJ";"Crescente";"Queda de moto";0;0;0;1;0;0;0;0;0;0;0;1;1;0;0
"22/06/2025";"08:55:00";"54";"Com vítima";"515,309";"BR-116/MG";"Decrescente";"Saída de pista";0;0;1;0;0;0;0;0;0;0;1;0;1;0;0
"22/06/2025";"11:59:00";"90";"Sem vítima";"4,322";"BR-465/RJ";"Crescente";"Colisão transversal";2;0;0;0;0;0;0;0;0;0;2;0;0;0;0
"22/06/2025";"12:27:00";"95";"Sem vítima";"134,654";"BR-116/RJ";"Decrescente";"Choque";1;0;0;0;0;0;0;0;0;0;1;0;0;0;0
"22/06/2025";"12:54:00";"102";"Com vítima";"1,478";"BR-465/RJ";"Crescente";"Colisão lateral no mesmo sentido";1;0;0;1;0;0;0;0;0;0;3;1;1;0;0
"22/06/2025";"15:25:00";"138";"Sem vítima";"187,400";"BR-116/RJ";"Decrescente";"Colisão lateral no mesmo sentido";2;0;0;0;0;0;0;0;0;0;5;0;0;0;0
"22/06/2025";"15:37:00";"142";"Sem vítima";"192,437";"BR-116/RJ";"Decrescente";"Engavetamento";4;0;0;0;0;0;0;0;0;0;8;0;0;0;0
"22/06/2025";"16:28:00";"148";"Com vítima";"4,193";"BR-493/RJ";"Crescente";"Choque";1;0;0;0;0;0;0;0;0;0;1;4;0;0;0
"22/06/2025";"16:59:00";"156";"Com vítima";"83,544";"BR-116/RJ";"Decrescente";"Colisão transversal";0;0;0;1;0;1;0;0;0;0;1;0;1;0;0
"22/06/2025";"17:35:00";"166";"Com vítima";"19,000";"BR-465/RJ";"Decrescente";"Colisão transversal";1;0;0;1;0;0;0;0;0;0;1;1;0;0;0
"22/06/2025";"17:48:00";"168";"Com vítima";"521,000";"BR-116/MG";"Decrescente";"Colisão transversal";1;0;0;1;0;0;0;0;0;0;2;0;1;0;0
"22/06/2025";"18:02:00";"170";"Com vítima";"482,779";"BR-116/MG";"Crescente";"Colisão traseira";1;0;0;1;0;0;0;0;0;0;1;0;0;0;1
"22/06/2025";"18:48:00";"176";"Com vítima";"172,000";"BR-116/RJ";"Decrescente";"Colisão traseira";1;0;0;1;0;0;0;0;0;0;1;2;0;0;0
"22/06/2025";"20:10:00";"196";"Com vítima";"39,000";"BR-116/RJ";"Crescente";"Colisão lateral no mesmo sentido";0;0;0;1;0;0;0;0;0;0;0;1;1;0;0
"22/06/2025";"21:05:00";"206";"Com vítima";"180,000";"BR-116/RJ";"Decrescente";"Acidentes de outra natureza";1;0;0;0;0;0;0;0;0;0;0;2;0;0;0
"22/06/2025";"21:30:00";"209";"Com vítima";"22,000";"BR-493/RJ";"Decrescente";"Queda de moto";0;0;0;1;0;0;0;0;0;0;0;0;0;1;0
"22/06/2025";"21:39:00";"210";"Com vítima";"111,000";"BR-116/RJ";"Decrescente";"Colisão traseira";2;0;0;0;0;0;0;0;0;0;0;3;0;0;0
"22/06/2025";"22:01:00";"213";"Sem vítima";"185,000";"BR-116/RJ";"Crescente";"Choque";1;0;0;0;0;0;0;0;0;0;4;0;0;0;0
"23/06/2025";"00:59:00";"4";"Com vítima";"108,000";"BR-116/RJ";"Decrescente";"Queda de moto";0;0;0;1;0;0;0;0;0;0;1;3;0;0;0
"23/06/2025";"02:31:00";"13";"Sem vítima";"702,385";"BR-116/MG";"Decrescente";"Colisão transversal";1;0;1;0;0;0;0;0;0;0;4;0;0;0;0
"23/06/2025";"05:40:00";"24";"Sem vítima";"112,000";"BR-493/RJ";"Decrescente";"Choque";1;0;0;0;0;0;0;0;0;0;1;0;0;0;0
"23/06/2025";"07:04:00";"32";"Sem vítima";"173,000";"BR-116/RJ";"Crescente";"Colisão traseira";2;0;0;0;0;0;0;0;0;0;3;0;0;0;0
"23/06/2025";"10:23:00";"76";"Com vítima";"64,000";"BR-493/RJ";"Crescente";"Queda de moto";0;0;1;1;0;0;0;0;0;0;1;0;2;0;0
"23/06/2025";"11:06:00";"80";"Com vítima";"183,000";"BR-116/RJ";"Crescente";"Colisão lateral no mesmo sentido";1;0;0;1;0;0;0;0;0;0;1;0;1;0;0
"23/06/2025";"12:33:00";"97";"Com vítima";"701,400";"BR-116/MG";"Crescente";"Colisão transversal";1;0;0;1;0;0;0;0;0;0;1;1;0;0;0
"23/06/2025";"12:40:00";"98";"Com vítima";"29,276";"BR-116/RJ";"Crescente";"Colisão lateral em sentido contrário";0;0;2;0;0;0;0;0;0;0;2;0;0;1;1
"23/06/2025";"13:37:00";"109";"Sem vítima";"187,000";"BR-116/RJ";"Decrescente";"Choque";1;0;0;0;0;0;0;0;0;0;1;0;0;0;0
"23/06/2025";"16:40:00";"150";"Com vítima";"81,000";"BR-116/RJ";"Decrescente";"Atropelamento de pedestre";1;0;0;0;0;0;0;0;0;0;1;0;0;1;0
"23/06/2025";"16:50:00";"154";"Com vítima";"12,000";"BR-493/RJ";"Crescente";"Capotamento";1;0;0;0;0;0;0;0;0;0;0;1;0;0;0
"23/06/2025";"17:02:00";"152";"Sem vítima";"185,500";"BR-116/RJ";"Crescente";"Queda de moto";0;0;0;1;0;0;0;0;0;0;1;0;0;0;0