data;horario;n_da_ocorrencia;tipo_de_ocorrencia;km;trecho;sentido;tipo_de_acidente;automovel;bicicleta;caminhao;moto;onibus;outros;tracao_animal;transporte_de_cargas_especiais;trator_maquinas;utilitarios;ilesos;levemente_feridos;moderadamente_feridos;gravemente_feridos;mortos
"23/06/2025";"18:01:00";"168";"Sem vítima";"2,500";"BR-116/RJ";"Decrescente";"Colisão traseira";1;0;0;0;0;1;0;0;0;0;3;0;0;0;0
"23/06/2025";"18:51:00";"174";"Com vítima";"23,200";"BR-493/RJ";"Crescente";"Atropelamento de pedestre";1;0;0;0;0;0;0;0;0;0;1;0;1;0;0
"23/06/2025";"19:30:00";"183";"Com vítima";"773,000";"BR-116/MG";"Crescente";"Atropelamento de pedestre";0;0;1;0;0;0;0;0;0;0;1;0;0;1;0
"23/06/2025";"20:06:00";"191";"Sem vítima";"55,000";"BR-116/RJ";"Crescente";"Colisão lateral no mesmo sentido";0;0;2;0;0;0;0;0;0;0;2;0;0;0;0
"23/06/2025";"20:08:00";"192";"Com vítima";"79,000";"BR-116/RJ";"Decrescente";"Atropelamento de pedestre";1;0;0;0;0;0;0;0;0;0;1;0;1;0;0
"23/06/2025";"23:30:00";"216";"Com vítima";"58,000";"BR-493/RJ";"Crescente";"Colisão traseira";1;0;0;1;0;0;0;0;0;0;1;0;1;0;0
"24/06/2025";"05:21:00";"17";"Com vítima";"13,500";"BR-465/RJ";"Decrescente";"Colisão frontal";0;0;0;2;0;0;0;0;0;0;1;1;0;0;0
"24/06/2025";"06:12:00";"22";"Com vítima";"170,000";"BR-116/RJ";"Decrescente";"Queda de moto";0;0;0;1;0;0;0;0;0;0;0;0;2;0;0
"24/06/2025";"09:22:00";"63";"Sem vítima";"593,000";"BR-116/MG";"Decrescente";"Colisão lateral no mesmo sentido";1;0;0;0;0;1;0;0;0;0;2;0;0;0;0
"24/06/2025";"11:36:00";"80";"Com vítima";"183,600";"BR-116/RJ";"Crescente";"Colisão lateral no mesmo sentido";0;0;0;1;0;0;0;0;0;1;2;1;0;0;0
"24/06/2025";"13:40:00";"100";"Sem vítima";"21,000";"BR-493/RJ";"Decrescente";"Colisão transversal";1;0;0;0;0;1;0;0;0;0;2;0;0;0;0
"24/06/2025";"14:49:00";"107";"Com vítima";"119,377";"BR-116/RJ";"Decrescente";"Colisão traseira";1;0;0;0;0;1;0;0;0;0;1;1;1;0;0
"24/06/2025";"15:03:00";"109";"Sem vítima";"447,000";"BR-116/MG";"Decrescente";"Colisão traseira";1;0;0;0;0;0;0;0;0;0;1;0;0;0;0
"24/06/2025";"15:42:00";"116";"Sem vítima";"178,000";"BR-116/RJ";"Decrescente";"Choque";1;0;0;0;0;0;0;0;0;0;1;0;0;0;0
"24/06/2025";"16:25:00";"121";"Sem vítima";"65,756";"BR-493/RJ";"Decrescente";"Choque";0;0;1;0;0;0;0;0;0;0;2;0;0;0;0
"24/06/2025";"19:21:00";"157";"Com vítima";"541,367";"BR-116/MG";"Crescente";"Atropelamento de animal";0;0;0;1;0;0;0;0;0;0;0;0;1;0;0
"24/06/2025";"19:30:00";"158";"Sem vítima";"541,367";"BR-116/MG";"Crescente";"Atropelamento de animal";1;0;0;0;0;0;0;0;0;0;1;0;0;0;0
"25/06/2025";"01:57:00";"8";"Com vítima";"29,281";"BR-116/RJ";"Decrescente";"Tombamento";0;0;1;0;0;0;0;0;0;0;0;1;0;0;0
"25/06/2025";"03:20:00";"15";"Sem vítima";"100,000";"BR-116/RJ";"Crescente";"Choque";1;0;0;0;0;0;0;0;0;0;1;0;0;0;0
"25/06/2025";"03:50:00";"16";"Com vítima";"813,998";"BR-116/MG";"Decrescente";"Tombamento";0;0;1;0;0;0;0;0;0;0;0;1;0;0;0
"25/06/2025";"06:57:00";"28";"Sem vítima";"20,500";"BR-465/RJ";"Crescente";"Engavetamento";3;0;0;0;0;0;0;0;0;0;4;0;0;0;0
"25/06/2025";"10:17:00";"62";"Sem vítima";"570,000";"BR-116/MG";"Crescente";"Saída de pista";1;0;0;0;0;0;0;0;0;0;1;0;0;0;0
"25/06/2025";"15:02:00";"110";"Sem vítima";"183,200";"BR-116/RJ";"Crescente";"Colisão traseira";2;0;0;0;0;0;0;0;0;0;3;0;0;0;0
"25/06/2025";"16:37:00";"140";"Sem vítima";"175,889";"BR-116/RJ";"Crescente";"Colisão traseira";2;0;0;0;0;0;0;0;0;0;4;0;0;0;0
"25/06/2025";"16:48:00";"142";"Sem vítima";"521,892";"BR-116/MG";"Crescente";"Colisão traseira";1;0;0;1;0;0;0;0;0;0;2;0;0;0;0
"25/06/2025";"18:45:00";"156";"Com vítima";"171,000";"BR-116/RJ";"Crescente";"Colisão traseira";1;0;0;1;0;0;0;0;0;0;1;2;2;0;0
"25/06/2025";"22:42:00";"183";"Com vítima";"210,000";"BR-116/RJ";"Decrescente";"Saída de pista";1;0;0;0;0;0;0;0;0;0;0;1;0;0;0
"25/06/2025";"23:03:00";"185";"Com vítima";"6,000";"BR-465/RJ";"Crescente";"Capotamento";1;0;0;0;0;0;0;0;0;0;0;1;0;0;0
"26/06/2025";"05:24:00";"145";"Sem vítima";"118,200";"BR-116/RJ";"Crescente";"Colisão traseira";0;0;0;0;1;1;0;0;0;0;2;0;0;0;0
"26/06/2025";"07:15:00";"157";"Com vítima";"415,764";"BR-116/MG";"Crescente";"Colisão transversal";0;0;0;2;0;0;0;0;0;0;0;1;1;0;0
"26/06/2025";"10:23:00";"197";"Sem vítima";"762,995";"BR-116/MG";"Decrescente";"Choque";0;0;0;0;0;0;0;0;0;1;1;0;0;0;0
"26/06/2025";"10:50:00";"198";"Com vítima";"621,641";"BR-116/MG";"Decrescente";"Queda de moto";0;0;0;1;0;0;0;0;0;0;0;2;0;0;0
"26/06/2025";"16:36:00";"266";"Sem vítima";"182,324";"BR-116/RJ";"Crescente";"Queda de moto";0;0;0;1;0;0;0;0;0;0;2;0;0;0;0
"26/06/2025";"17:29:00";"277";"Com vítima";"805,857";"BR-116/MG";"Crescente";"Capotamento";1;0;0;0;0;0;0;0;0;0;0;0;1;0;0
"26/06/2025";"17:43:00";"279";"Com vítima";"20,334";"BR-493/RJ";"Decrescente";"Colisão lateral no mesmo sentido";1;0;0;1;0;0;0;0;0;0;1;0;1;0;0
"26/06/2025";"18:05:00";"281";"Com vítima";"580,000";"BR-116/MG";"Decrescente";"Colisão transversal";1;0;0;1;0;0;0;0;0;0;0;2;1;0;0
"26/06/2025";"18:25:00";"286";"Com vítima";"194,000";"BR-116/RJ";"Decrescente";"Colisão traseira";1;0;0;1;0;0;0;0;0;0;0;2;1;0;0
"26/06/2025";"18:52:00";"291";"Sem vítima";"23,000";"BR-116/RJ";"Decrescente";"Engavetamento";1;0;2;0;0;0;0;0;0;0;3;0;0;0;0
"26/06/2025";"20:36:00";"307";"Com vítima";"146,859";"BR-116/RJ";"Crescente";"Atropelamento de ciclista";0;1;0;0;0;1;0;0;0;0;1;0;1;0;0
"26/06/2025";"20:38:00";"311";"Com vítima";"15,000";"BR-465/RJ";"Decrescente";"Colisão transversal";1;0;0;1;0;0;0;0;0;0;0;3;0;0;0
"27/06/2025";"09:12:00";"171";"Sem vítima";"31,430";"BR-116/RJ";"Decrescente";"Colisão traseira";0;0;2;0;0;0;0;0;0;0;2;0;0;0;0
"27/06/2025";"09:26:00";"173";"Com vítima";"766,000";"BR-116/MG";"Decrescente";"Colisão traseira";1;0;0;1;0;0;0;0;0;0;1;0;1;0;0
"27/06/2025";"13:46:00";"237";"Sem vítima";"184,000";"BR-116/RJ";"Crescente";"Colisão lateral no mesmo sentido";1;0;0;1;0;0;0;0;0;0;2;0;0;0;0
"27/06/2025";"14:02:00";"244";"Sem vítima";"456,000";"BR-116/MG";"Crescente";"Colisão lateral em sentido contrário";2;0;0;0;0;0;0;0;0;0;4;0;0;0;0
"27/06/2025";"14:32:00";"253";"Com vítima";"20,000";"BR-465/RJ";"Decrescente";"Colisão lateral no mesmo sentido";1;0;0;1;0;0;0;0;0;0;1;0;1;0;0
"27/06/2025";"15:33:00";"271";"Com vítima";"187,000";"BR-116/RJ";"Decrescente";"Colisão traseira";1;0;0;1;0;0;0;0;0;0;4;1;0;0;0
"27/06/2025";"17:11:00";"294";"Com vítima";"692,232";"BR-116/MG";"Decrescente";"Capotamento";0;0;0;0;0;1;0;0;0;0;0;1;0;0;0
"27/06/2025";"18:28:00";"312";"Sem vítima";"8,000";"BR-493/RJ";"Crescente";"Colisão traseira";2;0;0;0;0;0;0;0;0;0;4;0;0;0;0
"27/06/2025";"22:52:00";"356";"Com vítima";"139,000";"BR-116/RJ";"Decrescente";"Atropelamento de animal";1;0;0;0;0;0;0;0;0;0;0;3;0;0;0
"28/06/2025";"05:26:00";"113";"Com vítima";"184,000";"BR-116/RJ";"Decrescente";"Colisão lateral no mesmo sentido";1;0;0;1;0;0;0;0;0;0;2;0;1;0;0
"28/06/2025";"05:40:00";"114";"Com vítima";"115,000";"BR-116/RJ";"Decrescente";"Queda de moto";0;0;0;1;0;0;0;0;0;0;0;0;0;1;0
"28/06/2025";"06:43:00";"123";"Sem vítima";"55,000";"BR-493/RJ";"Crescente";"Saída de pista";0;0;1;0;0;0;0;0;0;0;1;0;0;0;0
"28/06/2025";"08:55:00";"155";"Sem vítima";"137,000";"BR-116/RJ";"Decrescente";"Colisão lateral no mesmo sentido";1;0;1;0;0;0;0;0;0;0;3;0;0;0;0
"28/06/2025";"12:08:00";"192";"Sem vítima";"414,000";"BR-116/MG";"Decrescente";"Colisão lateral no mesmo sentido";1;0;0;0;0;0;0;0;0;0;2;0;0;0;0
"28/06/2025";"13:39:00";"213";"Sem vítima";"16,000";"BR-493/RJ";"Decrescente";"Engavetamento";3;0;0;0;0;0;0;0;0;0;3;0;0;0;0
"28/06/2025";"14:50:00";"228";"Sem vítima";"3,000";"BR-465/RJ";"Crescente";"Capotamento";0;0;0;0;0;0;0;0;0;1;2;0;0;0;0
"28/06/2025";"15:02:00";"232";"Sem vítima";"541,000";"BR-116/MG";"Decrescente";"Saída de pista";1;0;0;0;0;0;0;0;0;0;2;0;0;0;0
"28/06/2025";"16:08:00";"249";"Com vítima";"172,000";"BR-116/RJ";"Crescente";"Colisão traseira";0;0;1;1;0;0;0;0;0;0;0;1;1;0;0
"28/06/2025";"19:55:00";"296";"Com vítima";"581,303";"BR-116/MG";"Decrescente";"Capotamento";1;0;0;0;0;0;0;0;0;0;0;1;1;0;0
"28/06/2025";"21:06:00";"308";"Sem vítima";"131,000";"BR-116/RJ";"Decrescente";"Atropelamento de animal";1;0;0;0;0;0;0;0;0;0;1;0;0;0;0
"28/06/2025";"21:11:00";"309";"Sem vítima";"181,000";"BR-116/RJ";"Crescente";"Queda de moto";0;0;0;1;0;1;0;0;0;0;2;0;0;0;0
"28/06/2025";"22:13:00";"317";"Com vítima";"1,000";"BR-465/RJ";"Decrescente";"Atropelamento de ciclista";0;1;0;1;0;0;0;0;0;0;0;0;2;0;0
"28/06/2025";"22:15:00";"318";"Com vítima";"109,000";"BR-116/RJ";"Crescente";"Atropelamento de animal";0;0;0;1;0;0;0;0;0;0;0;1;0;0;0
"28/06/2025";"23:59:00";"331";"Com vítima";"500,334";"BR-116/MG";"Decrescente";"Capotamento";1;0;0;0;0;0;0;0;0;0;0;2;0;0;0
"29/06/2025";"00:03:00";"2";"Sem vítima";"179,000";"BR-116/RJ";"Decrescente";"Capotamento";1;0;0;0;0;0;0;0;0;0;2;0;0;0;0
"29/06/2025";"01:43:00";"32";"Com vítima";"18,000";"BR-465/RJ";"Decrescente";"Colisão frontal";1;0;0;1;0;0;0;0;0;0;0;1;1;0;0
"29/06/2025";"01:58:00";"34";"Com vítima";"191,800";"BR-116/RJ";"Decrescente";"Saída de pista";1;0;0;0;0;0;0;0;0;0;0;1;0;0;0
"29/06/2025";"04:34:00";"42";"Com vítima";"628,635";"BR-116/MG";"Decrescente";"Choque";0;0;0;1;0;0;0;0;0;0;0;0;0;0;1
"29/06/2025";"05:59:00";"49";"Com vítima";"103,800";"BR-493/RJ";"Decrescente";"Tombamento";0;0;0;0;0;1;0;0;0;0;0;1;0;0;0
"29/06/2025";"07:20:00";"63";"Com vítima";"79,000";"BR-493/RJ";"Decrescente";"Queda de moto";0;0;0;1;0;0;0;0;0;0;0;0;2;0;0
"29/06/2025";"10:49:00";"95";"Com vítima";"19,526";"BR-465/RJ";"Crescente";"Colisão lateral no mesmo sentido";1;0;0;1;0;0;0;0;0;0;1;2;0;0;0
"29/06/2025";"11:45:00";"105";"Com vítima";"97,129";"BR-116/RJ";"Crescente";"Tombamento";0;0;0;0;0;1;0;0;0;0;0;1;0;0;0
"29/06/2025";"14:30:00";"127";"Com vítima";"3,000";"BR-493/RJ";"Decrescente";"Queda de moto";1;0;0;0;0;0;0;0;0;0;0;2;0;0;0
"29/06/2025";"14:47:00";"133";"Com vítima";"15,000";"BR-465/RJ";"Decrescente";"Atropelamento de pedestre";0;0;0;0;0;1;0;0;0;0;1;0;1;0;0
"29/06/2025";"15:20:00";"137";"Sem vítima";"186,000";"BR-116/RJ";"Decrescente";"Colisão lateral no mesmo sentido";2;0;0;0;0;1;0;0;0;0;4;0;0;0;0
"29/06/2025";"15:40:00";"144";"Com vítima";"57,000";"BR-493/RJ";"Decrescente";"Capotamento";1;0;0;0;0;0;0;0;0;0;0;2;3;1;0
"29/06/2025";"15:55:00";"149";"Sem vítima";"188,566";"BR-116/RJ";"Decrescente";"Capotamento";1;0;0;0;0;0;0;0;0;0;3;0;0;0;0
"29/06/2025";"15:59:00";"150";"Sem vítima";"189,678";"BR-116/RJ";"Decrescente";"Engavetamento";3;0;0;0;0;0;0;0;0;0;6;0;0;0;0
"29/06/2025";"18:01:00";"170";"Sem vítima";"108,000";"BR-493/RJ";"Crescente";"Atropelamento de animal";1;0;0;0;0;0;0;0;0;0;2;0;0;0;0
"29/06/2025";"22:28:00";"206";"Com vítima";"186,000";"BR-116/RJ";"Decrescente";"Choque";2;0;0;0;0;0;0;0;0;0;0;2;0;0;0
"29/06/2025";"22:52:00";"208";"Com vítima";"19,000";"BR-465/RJ";"Crescente";"Capotamento";1;0;0;0;0;0;0;0;0;0;0;5;0;0;0
"30/06/2025";"00:22:00";"32";"Com vítima";"195,000";"BR-116/RJ";"Crescente";"Atropelamento de animal";1;0;0;0;0;0;0;0;0;0;0;2;0;0;0
"30/06/2025";"02:09:00";"102";"Com vítima";"549,612";"BR-116/MG";"Crescente";"Colisão traseira";1;0;0;1;0;0;0;0;0;0;1;0;0;1;0
"30/06/2025";"02:54:00";"115";"Com vítima";"54,000";"BR-493/RJ";"Crescente";"Choque";1;0;0;0;0;0;0;0;0;0;0;1;0;0;0
"30/06/2025";"08:15:00";"177";"Sem vítima";"146,367";"BR-116/RJ";"Crescente";"Colisão traseira";2;0;0;0;0;0;0;0;0;0;4;0;0;0;0
"30/06/2025";"08:36:00";"182";"Sem vítima";"188,000";"BR-116/RJ";"Decrescente";"Colisão traseira";2;0;0;0;0;0;0;0;0;0;3;0;0;0;0
"30/06/2025";"10:50:00";"211";"Sem vítima";"534,829";"BR-116/MG";"Crescente";"Tombamento";0;0;0;0;0;1;0;0;0;0;1;0;0;0;0
"30/06/2025";"13:35:00";"248";"Com vítima";"19,000";"BR-465/RJ";"Decrescente";"Colisão transversal";1;0;0;1;0;0;0;0;0;0;1;0;1;0;0
"30/06/2025";"15:19:00";"276";"Sem vítima";"184,000";"BR-116/RJ";"Decrescente";"Engavetamento";1;0;0;0;0;2;0;0;0;0;1;0;0;0;0
"30/06/2025";"17:33:00";"298";"Com vítima";"416,815";"BR-116/MG";"Decrescente";"Colisão lateral no mesmo sentido";1;0;0;1;0;0;0;0;0;0;0;2;0;0;0
"30/06/2025";"18:20:00";"306";"Com vítima";"60,300";"BR-116/RJ";"Decrescente";"Choque";1;0;0;0;0;0;0;0;0;0;0;1;0;0;0
"30/06/2025";"18:41:00";"312";"Com vítima";"87,900";"BR-493/RJ";"Crescente";"Colisão transversal";1;0;0;1;0;0;0;0;0;0;1;1;1;0;0
"30/06/2025";"19:14:00";"319";"Com vítima";"180,000";"BR-116/RJ";"Crescente";"Atropelamento de pedestre";0;0;0;1;0;1;0;0;0;0;0;1;0;0;0
"30/06/2025";"19:26:00";"322";"Sem vítima";"534,000";"BR-116/MG";"Decrescente";"Colisão traseira";1;0;0;0;0;1;0;0;0;0;2;0;0;0;0
"30/06/2025";"19:33:00";"325";"Com vítima";"5,000";"BR-465/RJ";"Crescente";"Colisão transversal";1;0;0;1;0;0;0;0;0;0;0;1;1;0;0
"30/06/2025";"21:11:00";"340";"Sem vítima";"666,000";"BR-116/MG";"Crescente";"Choque";0;0;0;0;0;1;0;0;0;0;1;0;0;0;0
"30/06/2025";"22:56:00";"349";"Sem vítima";"410,690";"BR-116/MG";"Decrescente";"Queda de moto";0;0;0;1;0;0;0;0;0;0;2;0;0;0;0
"01/07/2025";"08:20:00";"195";"Sem vítima";"186,562";"BR-116/RJ";"Decrescente";"Colisão traseira";1;0;0;1;0;0;0;0;0;0;2;0;0;0;0
"01/07/2025";"08:37:00";"198";"Com vítima";"144,567";"BR-116/RJ";"Crescente";"Atropelamento de ciclista";1;1;0;0;0;0;0;0;0;0;1;0;0;0;0
"01/07/2025";"10:34:00";"231";"Com vítima";"415,485";"BR-116/MG";"Decrescente";"Colisão transversal";1;0;0;1;0;0;0;0;0;0;1;1;0;0;0
"01/07/2025";"12:05:00";"251";"Sem vítima";"20,400";"BR-465/RJ";"Decrescente";"Colisão transversal";1;0;0;1;0;0;0;0;0;0;2;0;0;0;0
"01/07/2025";"12:50:00";"257";"Sem vítima";"183,668";"BR-116/RJ";"Crescente";"Colisão lateral no mesmo sentido";0;0;0;2;0;0;0;0;0;0;2;0;0;0;0
"01/07/2025";"14:18:00";"271";"Sem vítima";"815,467";"BR-116/MG";"Decrescente";"Choque";1;0;0;0;0;0;0;0;0;0;1;0;0;0;0
"01/07/2025";"14:27:00";"274";"Sem vítima";"41,000";"BR-116/RJ";"Decrescente";"Colisão traseira";0;0;0;1;0;0;0;0;0;1;2;0;0;0;0
"01/07/2025";"16:31:00";"296";"Sem vítima";"60,904";"BR-493/RJ";"Crescente";"Acidentes de outra natureza";1;0;0;0;0;0;0;0;0;0;1;0;0;0;0
"01/07/2025";"16:52:00";"301";"Sem vítima";"98,326";"BR-116/RJ";"Decrescente";"Choque";1;0;0;0;0;0;0;0;0;0;1;0;0;0;0
"01/07/2025";"17:58:00";"312";"Com vítima";"184,000";"BR-116/RJ";"Decrescente";"Queda de moto";0;0;0;1;0;0;0;0;0;0;0;1;0;0;0
"01/07/2025";"18:52:00";"320";"Sem vítima";"95,000";"BR-493/RJ";"Decrescente";"Saída de pista";1;0;0;0;0;0;0;0;0;0;1;0;0;0;0
"01/07/2025";"20:04:00";"332";"Com vítima";"189,000";"BR-116/RJ";"Crescente";"Colisão traseira";1;0;0;0;1;0;0;0;0;0;1;1;1;0;0
"01/07/2025";"22:13:00";"351";"Sem vítima";"52,000";"BR-493/RJ";"Crescente";"Choque";1;0;0;0;0;0;0;0;0;0;2;0;0;0;0
"01/07/2025";"22:31:00";"355";"Sem vítima";"579,000";"BR-116/MG";"Decrescente";"Capotamento";1;0;0;0;0;0;0;0;0;0;1;0;0;0;0
"02/07/2025";"03:32:00";"112";"Sem vítima";"191,000";"BR-116/RJ";"Crescente";"Atropelamento de animal";0;0;0;0;0;0;0;0;0;1;1;0;0;0;0
"02/07/2025";"06:31:00";"157";"Com vítima";"25,000";"BR-493/RJ";"Decrescente";"Queda de moto";0;0;0;1;0;0;0;0;0;0;0;0;1;0;0
"02/07/2025";"10:55:00";"207";"Sem vítima";"661,150";"BR-116/MG";"Crescente";"Tombamento";0;0;0;0;0;1;0;0;0;0;1;0;0;0;0
"02/07/2025";"14:02:00";"245";"Com vítima";"171,000";"BR-116/RJ";"Crescente";"Colisão lateral no mesmo sentido";0;0;1;0;1;0;0;0;0;0;3;0;1;0;0
"02/07/2025";"14:28:00";"249";"Sem vítima";"55,000";"BR-116/RJ";"Decrescente";"Queda de moto";0;0;0;1;0;0;0;0;0;0;2;0;0;0;0
"02/07/2025";"16:07:00";"269";"Sem vítima";"412,000";"BR-116/MG";"Decrescente";"Colisão transversal";2;0;0;0;0;0;0;0;0;0;2;0;0;0;0
"02/07/2025";"16:58:00";"284";"Com vítima";"104,000";"BR-116/RJ";"Crescente";"Colisão transversal";2;0;0;0;0;0;0;0;0;0;0;3;0;0;0
"02/07/2025";"17:03:00";"285";"Sem vítima";"109,000";"BR-116/RJ";"Decrescente";"Saída de pista";1;0;0;0;0;0;0;0;0;0;1;0;0;0;0
"02/07/2025";"18:15:00";"293";"Com vítima";"651,434";"BR-116/MG";"Crescente";"Atropelamento de pedestre";0;0;0;1;0;0;0;0;0;0;0;1;0;1;0
"02/07/2025";"18:36:00";"297";"Sem vítima";"95,000";"BR-493/RJ";"Crescente";"Choque";0;0;0;0;0;0;0;0;0;1;1;0;0;0;0
"02/07/2025";"18:59:00";"303";"Com vítima";"520,420";"BR-116/MG";"Decrescente";"Atropelamento de animal";0;0;0;1;0;0;0;0;0;0;0;1;0;0;0
"02/07/2025";"19:03:00";"304";"Sem vítima";"181,000";"BR-116/RJ";"Decrescente";"Choque";1;0;0;0;0;0;0;0;0;0;1;0;0;0;0
"02/07/2025";"19:04:00";"305";"Sem vítima";"412,602";"BR-116/MG";"Decrescente";"Colisão traseira";1;0;0;1;0;0;0;0;0;0;3;0;0;0;0
"02/07/2025";"20:45:00";"319";"Sem vítima";"102,000";"BR-116/RJ";"Crescente";"Choque";1;0;0;0;0;0;0;0;0;0;1;0;0;0;0
"02/07/2025";"20:49:00";"321";"Com vítima";"95,000";"BR-493/RJ";"Crescente";"Colisão lateral no mesmo sentido";3;0;0;0;0;0;0;0;0;0;0;3;1;0;0
"02/07/2025";"21:26:00";"326";"Sem vítima";"417,491";"BR-116/MG";"Decrescente";"Colisão traseira";2;0;0;0;0;0;0;0;0;0;3;0;0;0;0
"03/07/2025";"01:24:00";"80";"Sem vítima";"86,300";"BR-493/RJ";"Crescente";"Atropelamento de animal";1;0;0;0;0;0;0;0;0;0;1;0;0;0;0
"03/07/2025";"01:26:00";"82";"Sem vítima";"86,000";"BR-493/RJ";"Decrescente";"Atropelamento de animal";0;0;1;0;0;0;0;0;0;0;1;0;0;0;0
"03/07/2025";"07:13:00";"200";"Com vítima";"140,000";"BR-116/RJ";"Crescente";"Colisão traseira";2;0;0;0;0;0;0;0;0;0;3;0;1;0;0
"03/07/2025";"09:46:00";"232";"Com vítima";"810,693";"BR-116/MG";"Crescente";"Capotamento";0;0;1;0;0;0;0;0;0;0;0;1;0;0;0
"03/07/2025";"10:27:00";"239";"Sem vítima";"53,000";"BR-493/RJ";"Decrescente";"Atropelamento de animal";1;0;0;0;0;0;0;0;0;0;2;0;0;0;0
"03/07/2025";"10:46:00";"243";"Sem vítima";"4,375";"BR-465/RJ";"Crescente";"Atropelamento de ciclista";0;1;0;1;0;0;0;0;0;0;2;0;0;0;0
"03/07/2025";"11:07:00";"247";"Sem vítima";"762,600";"BR-116/MG";"Crescente";"Colisão traseira";1;0;0;1;0;0;0;0;0;0;2;0;0;0;0
"03/07/2025";"12:17:00";"255";"Sem vítima";"201,000";"BR-116/RJ";"Decrescente";"Capotamento";1;0;0;0;0;0;0;0;0;0;1;0;0;0;0
"03/07/2025";"13:21:00";"267";"Sem vítima";"186,000";"BR-116/RJ";"Decrescente";"Colisão traseira";0;0;0;2;0;0;0;0;0;0;2;0;0;0;0
"03/07/2025";"16:03:00";"289";"Com vítima";"585,800";"BR-116/MG";"Decrescente";"Colisão lateral no mesmo sentido";1;0;0;1;0;0;0;0;0;0;1;1;0;0;0
"03/07/2025";"16:09:00";"293";"Com vítima";"790,500";"BR-116/MG";"Crescente";"Tombamento";0;0;1;0;0;0;0;0;0;0;0;2;0;0;0
"03/07/2025";"16:41:00";"299";"Com vítima";"638,000";"BR-116/MG";"Crescente";"Queda de moto";0;0;0;1;0;0;0;0;0;0;0;0;1;0;0
"03/07/2025";"16:55:00";"301";"Sem vítima";"186,600";"BR-116/RJ";"Decrescente";"Engavetamento";3;0;0;0;0;0;0;0;0;0;3;0;0;0;0
"03/07/2025";"17:01:00";"303";"Com vítima";"577,000";"BR-116/MG";"Decrescente";"Queda de moto";0;0;0;1;0;0;0;0;0;0;0;1;1;0;0
"03/07/2025";"17:14:00";"306";"Sem vítima";"90,800";"BR-116/RJ";"Crescente";"Choque";1;0;0;0;0;0;0;0;0;0;4;0;0;0;0
"03/07/2025";"20:40:00";"338";"Sem vítima";"89,000";"BR-493/RJ";"Decrescente";"Choque";1;0;0;0;0;0;0;0;0;0;1;0;0;0;0
"03/07/2025";"21:40:00";"347";"Sem vítima";"0,900";"BR-493/RJ";"Decrescente";"Colisão traseira";1;0;0;0;1;0;0;0;0;0;2;0;0;0;0
"04/07/2025";"00:45:00";"96";"Com vítima";"136,766";"BR-116/RJ";"Crescente";"Atropelamento de animal";0;0;1;0;0;0;0;0;0;0;0;1;0;0;0
"04/07/2025";"02:06:00";"153";"Com vítima";"531,607";"BR-116/MG";"Crescente";"Choque";0;0;0;1;0;0;0;0;0;0;0;1;0;0;0
"04/07/2025";"02:22:00";"157";"Com vítima";"145,000";"BR-116/RJ";"Crescente";"Colisão traseira";1;0;0;1;0;0;0;0;0;0;0;3;0;0;0
"04/07/2025";"03:59:00";"187";"Sem vítima";"58,000";"BR-116/RJ";"Decrescente";"Choque";1;0;0;0;0;0;0;0;0;0;1;0;0;0;0
"04/07/2025";"05:37:00";"234";"Sem vítima";"175,800";"BR-116/RJ";"Decrescente";"Engavetamento";3;0;0;0;1;0;0;0;0;0;4;0;0;0;0
"04/07/2025";"07:05:00";"244";"Sem vítima";"185,160";"BR-116/RJ";"Decrescente";"Engavetamento";3;0;0;0;0;0;0;0;0;0;4;0;0;0;0
"04/07/2025";"07:40:00";"250";"Com vítima";"701,790";"BR-116/MG";"Crescente";"Colisão transversal";1;0;0;1;0;0;0;0;0;0;1;2;0;0;0
"04/07/2025";"07:45:00";"251";"Sem vítima";"25,528";"BR-116/RJ";"Decrescente";"Tombamento";0;0;0;0;0;1;0;0;0;0;1;0;0;0;0
"04/07/2025";"08:11:00";"257";"Sem vítima";"521,546";"BR-116/MG";"Crescente";"Engavetamento";3;0;0;0;0;0;0;0;0;0;3;0;0;0;0
"04/07/2025";"08:22:00";"260";"Sem vítima";"136,902";"BR-116/RJ";"Crescente";"Colisão lateral no mesmo sentido";1;0;0;0;0;1;0;0;0;0;2;0;0;0;0
"04/07/2025";"08:24:00";"261";"Sem vítima";"20,289";"BR-465/RJ";"Decrescente";"Colisão lateral no mesmo sentido";0;0;0;1;0;0;0;0;0;1;2;0;0;0;0
"04/07/2025";"08:52:00";"268";"Sem vítima";"779,754";"BR-116/MG";"Crescente";"Tombamento";0;0;0;0;0;1;0;0;0;0;1;0;0;0;0