data;horario;n_da_ocorrencia;tipo_de_ocorrencia;km;trecho;sentido;tipo_de_acidente;automovel;bicicleta;caminhao;moto;onibus;outros;tracao_animal;transporte_de_cargas_especiais;trator_maquinas;utilitarios;ilesos;levemente_feridos;moderadamente_feridos;gravemente_feridos;mortos
"04/07/2025";"10:18:00";"287";"Sem vítima";"90,350";"BR-116/RJ";"Crescente";"Saída de pista";1;0;0;0;0;0;0;0;0;0;2;0;0;0;0
"04/07/2025";"11:38:00";"303";"Com vítima";"774,084";"BR-116/MG";"Decrescente";"Tombamento";0;0;0;0;0;1;0;0;0;0;0;0;1;0;0
"04/07/2025";"14:48:00";"339";"Sem vítima";"754,929";"BR-116/MG";"Crescente";"Colisão traseira";1;0;0;0;0;0;0;0;0;1;2;0;0;0;0
"04/07/2025";"16:19:00";"359";"Sem vítima";"687,083";"BR-116/MG";"Decrescente";"Choque";1;0;0;0;0;0;0;0;0;0;1;0;0;0;0
"04/07/2025";"17:02:00";"365";"Sem vítima";"21,000";"BR-465/RJ";"Crescente";"Colisão traseira";0;0;0;2;0;0;0;0;0;0;2;0;0;0;0
"04/07/2025";"17:14:00";"366";"Sem vítima";"196,279";"BR-116/RJ";"Crescente";"Choque";0;0;0;0;0;1;0;0;0;0;1;0;0;0;0
"04/07/2025";"18:53:00";"377";"Com vítima";"705,000";"BR-116/MG";"Decrescente";"Colisão lateral no mesmo sentido";0;0;1;1;0;0;0;0;0;0;1;0;1;0;0
"04/07/2025";"19:43:00";"386";"Sem vítima";"583,000";"BR-116/MG";"Decrescente";"Atropelamento de animal";0;0;1;0;0;0;0;0;0;0;2;0;0;0;0
"04/07/2025";"19:43:00";"387";"Sem vítima";"184,000";"BR-116/RJ";"Crescente";"Queda de moto";0;0;0;1;0;0;0;0;0;0;1;0;0;0;0
"04/07/2025";"20:06:00";"394";"Com vítima";"19,900";"BR-465/RJ";"Decrescente";"Queda de moto";0;0;0;1;0;0;0;0;0;0;0;1;0;0;0
"05/07/2025";"01:13:00";"99";"Sem vítima";"515,000";"BR-116/MG";"Decrescente";"Saída de pista";1;0;0;0;0;0;0;0;0;0;1;0;0;0;0
"05/07/2025";"03:01:00";"160";"Com vítima";"96,000";"BR-493/RJ";"Crescente";"Atropelamento de animal";1;0;0;0;0;0;0;0;0;0;0;3;0;0;0
"05/07/2025";"03:39:00";"163";"Sem vítima";"413,000";"BR-116/MG";"Decrescente";"Colisão lateral no mesmo sentido";1;0;0;1;0;0;0;0;0;0;2;0;0;0;0
"05/07/2025";"06:11:00";"166";"Com vítima";"3,044";"BR-465/RJ";"Crescente";"Queda de moto";0;0;0;1;0;0;0;0;0;0;0;0;1;0;0
"05/07/2025";"07:31:00";"177";"Com vítima";"118,200";"BR-116/RJ";"Decrescente";"Queda de moto";0;0;0;1;0;0;0;0;0;0;0;0;1;0;0
"05/07/2025";"08:39:00";"189";"Sem vítima";"4,000";"BR-465/RJ";"Crescente";"Colisão lateral no mesmo sentido";0;0;0;1;0;1;0;0;0;0;3;0;0;0;0
"05/07/2025";"09:05:00";"196";"Sem vítima";"186,000";"BR-116/RJ";"Decrescente";"Colisão traseira";1;0;0;0;0;1;0;0;0;0;4;0;0;0;0
"05/07/2025";"09:27:00";"198";"Sem vítima";"15,000";"BR-493/RJ";"Decrescente";"Colisão traseira";1;0;1;0;0;0;0;0;0;0;3;0;0;0;0
"05/07/2025";"10:16:00";"206";"Com vítima";"21,686";"BR-465/RJ";"Decrescente";"Colisão transversal";1;0;0;1;0;0;0;0;0;0;1;1;1;0;0
"05/07/2025";"10:23:00";"207";"Sem vítima";"195,699";"BR-116/RJ";"Decrescente";"Colisão lateral no mesmo sentido";0;0;1;0;0;0;0;0;0;1;2;0;0;0;0
"05/07/2025";"11:05:00";"211";"Sem vítima";"187,528";"BR-116/RJ";"Decrescente";"Colisão traseira";2;0;0;0;0;0;0;0;0;0;2;0;0;0;0
"05/07/2025";"11:17:00";"214";"Sem vítima";"187,623";"BR-116/RJ";"Decrescente";"Colisão traseira";0;0;1;0;0;1;0;0;0;0;3;0;0;0;0
"05/07/2025";"15:41:00";"273";"Com vítima";"606,239";"BR-116/MG";"Decrescente";"Colisão transversal";1;0;0;1;0;0;0;0;0;0;3;1;0;0;0
"05/07/2025";"16:22:00";"285";"Com vítima";"19,400";"BR-465/RJ";"Crescente";"Colisão lateral no mesmo sentido";1;0;0;1;0;0;0;0;0;0;1;1;0;0;0
"05/07/2025";"17:07:00";"295";"Sem vítima";"195,634";"BR-116/RJ";"Crescente";"Choque";1;0;0;0;0;0;0;0;0;1;2;0;0;0;0
"05/07/2025";"17:33:00";"300";"Sem vítima";"112,000";"BR-493/RJ";"Crescente";"Colisão traseira";1;0;0;0;0;1;0;0;0;0;2;0;0;0;0
"05/07/2025";"18:08:00";"303";"Com vítima";"113,000";"BR-493/RJ";"Crescente";"Choque";1;0;0;0;0;0;0;0;0;0;0;4;0;0;0
"05/07/2025";"19:22:00";"315";"Com vítima";"186,950";"BR-116/RJ";"Crescente";"Atropelamento de ciclista";0;1;0;0;0;1;0;0;0;0;1;0;0;0;0
"05/07/2025";"19:33:00";"317";"Com vítima";"795,000";"BR-116/MG";"Decrescente";"Queda de moto";0;0;0;1;0;0;0;0;0;0;0;1;0;0;0
"05/07/2025";"19:56:00";"322";"Sem vítima";"175,000";"BR-116/RJ";"Decrescente";"Colisão traseira";1;0;0;1;0;0;0;0;0;0;2;0;0;0;0
"05/07/2025";"20:52:00";"332";"Sem vítima";"48,800";"BR-493/RJ";"Decrescente";"Queda de moto";0;0;0;1;0;0;0;0;0;0;1;0;0;0;0
"05/07/2025";"21:15:00";"337";"Com vítima";"136,000";"BR-116/RJ";"Crescente";"Capotamento";1;0;0;0;0;0;0;0;0;0;0;0;1;0;0
"05/07/2025";"22:04:00";"341";"Com vítima";"555,000";"BR-116/MG";"Decrescente";"Queda de moto";0;0;0;1;0;0;0;0;0;0;0;2;0;0;0
"05/07/2025";"22:33:00";"343";"Com vítima";"141,600";"BR-116/RJ";"Crescente";"Colisão traseira";1;0;0;0;1;0;0;0;0;0;0;1;0;0;1
"06/07/2025";"00:10:00";"1";"Com vítima";"111,000";"BR-116/RJ";"Decrescente";"Saída de pista";1;0;0;0;0;0;0;0;0;0;0;1;0;0;0
"06/07/2025";"01:03:00";"16";"Com vítima";"23,000";"BR-493/RJ";"Crescente";"Colisão lateral no mesmo sentido";2;0;0;0;0;0;0;0;0;0;3;1;0;0;0
"06/07/2025";"02:09:00";"18";"Sem vítima";"97,000";"BR-493/RJ";"Decrescente";"Saída de pista";1;0;0;0;0;0;0;0;0;0;1;0;0;0;0
"06/07/2025";"05:47:00";"34";"Sem vítima";"639,704";"BR-116/MG";"Crescente";"Choque";1;0;0;0;0;0;0;0;0;0;2;0;0;0;0
"06/07/2025";"11:23:00";"80";"Com vítima";"688,510";"BR-116/MG";"Crescente";"Tombamento";0;0;0;0;0;1;0;0;0;0;0;0;1;0;0
"06/07/2025";"12:36:00";"93";"Com vítima";"24,000";"BR-116/RJ";"Crescente";"Colisão lateral no mesmo sentido";1;0;0;1;0;0;0;0;0;0;1;1;0;0;0
"06/07/2025";"14:02:00";"111";"Com vítima";"80,500";"BR-116/RJ";"Decrescente";"Colisão lateral no mesmo sentido";1;0;0;1;0;0;0;0;0;0;1;1;0;0;0
"06/07/2025";"14:12:00";"116";"Com vítima";"171,917";"BR-116/RJ";"Crescente";"Atropelamento de ciclista";1;1;0;0;0;0;0;0;0;0;1;0;0;0;0
"06/07/2025";"15:18:00";"127";"Com vítima";"585,653";"BR-116/MG";"Crescente";"Colisão lateral em sentido contrário";2;0;0;0;0;0;0;0;0;0;1;0;1;0;0
"06/07/2025";"15:25:00";"131";"Sem vítima";"547,300";"BR-116/MG";"Decrescente";"Queda de moto";0;0;0;1;0;0;0;0;0;0;1;0;0;0;0
"06/07/2025";"15:49:00";"137";"Com vítima";"608,268";"BR-116/MG";"Decrescente";"Colisão transversal";1;0;0;1;0;0;0;0;0;0;1;1;0;0;0
"06/07/2025";"16:35:00";"145";"Com vítima";"135,000";"BR-116/RJ";"Crescente";"Colisão lateral no mesmo sentido";1;0;0;1;0;0;0;0;0;0;1;1;0;0;0
"06/07/2025";"18:03:00";"153";"Com vítima";"57,000";"BR-493/RJ";"Crescente";"Engavetamento";3;0;0;0;0;0;0;0;0;0;0;8;0;0;0
"06/07/2025";"18:32:00";"158";"Sem vítima";"635,000";"BR-116/MG";"Decrescente";"Saída de pista";1;0;0;0;0;0;0;0;0;0;1;0;0;0;0
"06/07/2025";"20:15:00";"172";"Com vítima";"203,900";"BR-116/RJ";"Crescente";"Tombamento";0;0;0;0;0;1;0;0;0;0;0;1;0;0;0
"06/07/2025";"20:16:00";"173";"Com vítima";"622,000";"BR-116/MG";"Crescente";"Capotamento";1;0;0;0;0;0;0;0;0;0;0;0;1;0;0
"06/07/2025";"22:34:00";"186";"Sem vítima";"527,000";"BR-116/MG";"Decrescente";"Colisão lateral no mesmo sentido";1;0;0;1;0;0;0;0;0;0;4;0;0;0;0
"06/07/2025";"23:24:00";"190";"Com vítima";"118,200";"BR-116/RJ";"Crescente";"Queda de moto";0;0;0;1;0;0;0;0;0;0;0;2;0;0;0
"07/07/2025";"01:24:00";"109";"Com vítima";"411,000";"BR-116/MG";"Decrescente";"Queda de moto";0;0;0;1;0;0;0;0;0;0;0;0;0;1;0
"07/07/2025";"03:20:00";"173";"Com vítima";"774,511";"BR-116/MG";"Crescente";"Tombamento";0;0;2;0;0;0;0;0;0;0;1;0;1;0;0
"07/07/2025";"06:16:00";"185";"Com vítima";"702,000";"BR-116/MG";"Decrescente";"Colisão transversal";1;0;0;1;0;0;0;0;0;0;1;1;0;0;0
"07/07/2025";"06:47:00";"188";"Com vítima";"179,000";"BR-116/RJ";"Decrescente";"Colisão lateral no mesmo sentido";0;0;0;1;1;0;0;0;0;0;1;2;0;0;0
"07/07/2025";"07:02:00";"197";"Sem vítima";"179,000";"BR-116/RJ";"Decrescente";"Colisão lateral no mesmo sentido";0;0;0;1;1;0;0;0;0;0;2;0;0;0;0
"07/07/2025";"07:22:00";"195";"Sem vítima";"146,000";"BR-116/RJ";"Crescente";"Colisão traseira";1;0;0;0;0;1;0;0;0;0;4;0;0;0;0
"07/07/2025";"07:59:00";"204";"Sem vítima";"147,000";"BR-116/RJ";"Crescente";"Choque";0;0;0;1;0;0;0;0;0;1;2;0;0;0;0
"07/07/2025";"08:17:00";"208";"Sem vítima";"522,000";"BR-116/MG";"Crescente";"Colisão traseira";1;0;0;1;0;0;0;0;0;0;2;0;0;0;0
"07/07/2025";"08:54:00";"214";"Sem vítima";"96,000";"BR-116/RJ";"Decrescente";"Colisão traseira";1;0;1;0;0;0;0;0;0;0;3;0;0;0;0
"07/07/2025";"09:26:00";"219";"Com vítima";"173,000";"BR-116/RJ";"Crescente";"Acidentes de outra natureza";0;0;1;0;0;0;0;0;0;1;1;0;1;0;0
"07/07/2025";"10:04:00";"225";"Com vítima";"184,100";"BR-116/RJ";"Decrescente";"Colisão lateral no mesmo sentido";1;0;0;1;0;0;0;0;0;0;1;2;0;0;0
"07/07/2025";"10:09:00";"227";"Com vítima";"722,000";"BR-116/MG";"Decrescente";"Saída de pista";1;0;0;0;0;0;0;0;0;0;0;1;0;0;0
"07/07/2025";"12:10:00";"243";"Com vítima";"681,000";"BR-116/MG";"Decrescente";"Engavetamento";2;0;0;0;0;0;0;0;0;1;3;1;0;0;0
"07/07/2025";"13:26:00";"252";"Sem vítima";"418,000";"BR-116/MG";"Crescente";"Colisão transversal";1;0;0;0;0;0;0;0;0;0;1;0;0;0;0
"07/07/2025";"15:20:00";"270";"Com vítima";"107,000";"BR-116/RJ";"Crescente";"Colisão traseira";1;0;0;1;0;0;0;0;0;0;2;1;0;0;0
"07/07/2025";"15:46:00";"275";"Com vítima";"455,000";"BR-116/MG";"Decrescente";"Colisão frontal";1;0;0;0;0;1;0;0;0;0;0;1;1;0;0
"07/07/2025";"16:01:00";"278";"Sem vítima";"169,000";"BR-116/RJ";"Decrescente";"Colisão lateral no mesmo sentido";1;0;0;0;1;0;0;0;0;0;2;0;0;0;0
"07/07/2025";"16:21:00";"284";"Com vítima";"554,000";"BR-116/MG";"Decrescente";"Queda de moto";0;0;0;1;0;0;0;0;0;0;0;1;0;0;0
"07/07/2025";"17:54:00";"303";"Sem vítima";"457,000";"BR-116/MG";"Decrescente";"Choque";1;0;0;0;0;0;0;0;0;0;1;0;0;0;0
"07/07/2025";"18:09:00";"304";"Com vítima";"180,400";"BR-116/RJ";"Crescente";"Colisão lateral no mesmo sentido";1;0;0;1;0;0;0;0;0;0;1;0;2;0;0
"07/07/2025";"18:35:00";"312";"Com vítima";"19,970";"BR-116/RJ";"Decrescente";"Atropelamento de ciclista";0;1;0;1;0;0;0;0;0;0;0;1;0;0;0
"07/07/2025";"18:39:00";"313";"Sem vítima";"573,084";"BR-116/MG";"Decrescente";"Colisão traseira";0;0;0;0;1;1;0;0;0;0;4;0;0;0;0
"07/07/2025";"18:47:00";"316";"Sem vítima";"1,500";"BR-465/RJ";"Decrescente";"Engavetamento";2;0;2;0;0;0;0;0;0;0;4;0;0;0;0
"07/07/2025";"18:58:00";"320";"Com vítima";"193,000";"BR-116/RJ";"Decrescente";"Colisão traseira";1;0;0;1;0;0;0;0;0;0;2;0;1;0;0
"08/07/2025";"00:51:00";"71";"Com vítima";"174,000";"BR-116/RJ";"Decrescente";"Choque";0;0;0;1;0;0;0;0;0;0;0;1;1;0;0
"08/07/2025";"02:32:00";"183";"Com vítima";"11,100";"BR-465/RJ";"Decrescente";"Atropelamento de animal";0;0;0;1;0;0;0;0;0;0;0;0;1;0;0
"08/07/2025";"06:08:00";"216";"Com vítima";"704,200";"BR-116/MG";"Crescente";"Atropelamento de ciclista";0;1;0;1;0;0;0;0;0;0;1;0;0;0;0
"08/07/2025";"07:32:00";"227";"Com vítima";"22,000";"BR-493/RJ";"Decrescente";"Colisão lateral no mesmo sentido";0;0;0;1;0;0;0;0;0;0;0;1;0;0;0
"08/07/2025";"07:45:00";"231";"Sem vítima";"148,000";"BR-116/RJ";"Crescente";"Engavetamento";3;0;0;0;0;0;0;0;0;0;4;0;0;0;0
"08/07/2025";"08:05:00";"238";"Sem vítima";"144,000";"BR-116/RJ";"Crescente";"Engavetamento";3;0;0;0;0;0;0;0;0;0;3;0;0;0;0
"08/07/2025";"08:07:00";"240";"Com vítima";"183,500";"BR-116/RJ";"Decrescente";"Colisão lateral no mesmo sentido";0;1;0;0;1;0;0;0;0;0;1;0;0;0;0
"08/07/2025";"12:08:00";"295";"Sem vítima";"775,000";"BR-116/MG";"Decrescente";"Colisão lateral no mesmo sentido";1;0;1;0;0;0;0;0;0;0;2;0;0;0;0
"08/07/2025";"13:28:00";"304";"Com vítima";"79,000";"BR-116/RJ";"Crescente";"Colisão transversal";1;0;0;1;0;0;0;0;0;0;1;0;1;0;0
"08/07/2025";"14:26:00";"317";"Com vítima";"176,000";"BR-116/RJ";"Crescente";"Colisão traseira";0;0;0;2;0;0;0;0;0;0;1;1;1;0;0
"08/07/2025";"14:33:00";"320";"Sem vítima";"812,000";"BR-116/MG";"Decrescente";"Saída de pista";1;0;0;0;0;0;0;0;0;0;2;0;0;0;0
"08/07/2025";"14:48:00";"324";"Com vítima";"8,000";"BR-465/RJ";"Crescente";"Colisão lateral em sentido contrário";1;0;0;1;0;0;0;0;0;0;1;0;1;0;0
"08/07/2025";"18:13:00";"347";"Com vítima";"700,000";"BR-116/MG";"Decrescente";"Queda de moto";0;0;0;1;0;0;0;0;0;0;0;1;0;0;0
"08/07/2025";"18:17:00";"350";"Com vítima";"138,167";"BR-116/RJ";"Decrescente";"Atropelamento de ciclista";1;1;0;0;0;0;0;0;0;0;1;0;0;0;0
"08/07/2025";"19:11:00";"360";"Sem vítima";"96,850";"BR-493/RJ";"Crescente";"Choque";1;0;0;0;0;0;0;0;0;0;1;0;0;0;0
"08/07/2025";"21:31:00";"385";"Sem vítima";"558,000";"BR-116/MG";"Decrescente";"Atropelamento de animal";1;0;0;0;0;0;0;0;0;0;4;0;0;0;0
"08/07/2025";"22:46:00";"391";"Com vítima";"192,500";"BR-116/RJ";"Crescente";"Colisão traseira";1;0;1;0;0;0;0;0;0;0;1;1;0;0;0
"09/07/2025";"02:04:00";"158";"Com vítima";"133,083";"BR-116/RJ";"Decrescente";"Choque";1;0;0;0;0;0;0;0;0;0;0;1;0;0;0
"09/07/2025";"03:53:00";"199";"Sem vítima";"22,000";"BR-493/RJ";"Crescente";"Saída de pista";1;0;0;0;0;0;0;0;0;0;1;0;0;0;0
"09/07/2025";"05:35:00";"202";"Sem vítima";"98,000";"BR-116/RJ";"Crescente";"Queda de moto";0;0;0;1;0;0;0;0;0;0;1;0;0;0;0
"09/07/2025";"09:35:00";"248";"Com vítima";"608,500";"BR-116/MG";"Decrescente";"Queda de moto";0;0;0;1;0;0;0;0;0;0;0;0;1;0;0
"09/07/2025";"11:12:00";"268";"Sem vítima";"187,000";"BR-116/RJ";"Decrescente";"Colisão traseira";2;0;0;0;0;0;0;0;0;0;4;0;0;0;0
"09/07/2025";"11:17:00";"270";"Sem vítima";"50,150";"BR-116/RJ";"Crescente";"Colisão lateral em sentido contrário";2;0;0;0;0;0;0;0;0;0;4;0;0;0;0
"09/07/2025";"14:18:00";"310";"Sem vítima";"14,800";"BR-465/RJ";"Crescente";"Colisão transversal";1;0;0;1;0;0;0;0;0;0;2;0;0;0;0
"09/07/2025";"14:55:00";"319";"Com vítima";"421,000";"BR-116/MG";"Decrescente";"Colisão transversal";2;0;0;0;0;0;0;0;0;0;3;0;1;0;0
"09/07/2025";"15:29:00";"328";"Com vítima";"175,000";"BR-116/RJ";"Decrescente";"Colisão lateral no mesmo sentido";1;0;0;1;0;0;0;0;0;0;1;0;2;0;0
"09/07/2025";"18:19:00";"357";"Com vítima";"54,000";"BR-493/RJ";"Crescente";"Queda de moto";0;0;0;1;0;0;0;0;0;0;0;0;1;0;0
"09/07/2025";"18:52:00";"364";"Com vítima";"527,000";"BR-116/MG";"Crescente";"Colisão traseira";1;0;0;0;0;1;0;0;0;0;1;1;0;0;0
"09/07/2025";"19:00:00";"365";"Com vítima";"171,000";"BR-116/RJ";"Crescente";"Queda de moto";0;0;0;1;0;0;0;0;0;0;0;0;1;0;0
"09/07/2025";"19:38:00";"375";"Com vítima";"175,000";"BR-116/RJ";"Crescente";"Colisão lateral no mesmo sentido";1;0;1;0;0;0;0;0;0;0;0;2;0;0;0
"09/07/2025";"20:32:00";"380";"Com vítima";"176,000";"BR-116/RJ";"Crescente";"Engavetamento";3;0;0;0;0;0;0;0;0;0;0;4;0;0;0
"10/07/2025";"04:28:00";"211";"Com vítima";"181,000";"BR-116/RJ";"Crescente";"Colisão traseira";1;0;1;0;0;0;0;0;0;0;0;2;0;0;0
"10/07/2025";"11:11:00";"278";"Sem vítima";"784,000";"BR-116/MG";"Decrescente";"Colisão lateral no mesmo sentido";0;0;0;0;0;2;0;0;0;0;2;0;0;0;0
"10/07/2025";"11:25:00";"281";"Sem vítima";"7,968";"BR-465/RJ";"Decrescente";"Colisão lateral no mesmo sentido";1;0;0;0;0;1;0;0;0;0;2;0;0;0;0
"10/07/2025";"12:28:00";"294";"Com vítima";"420,877";"BR-116/MG";"Decrescente";"Colisão frontal";1;0;1;0;0;0;0;0;0;0;1;0;0;1;0
"10/07/2025";"14:30:00";"323";"Sem vítima";"442,500";"BR-116/MG";"Crescente";"Tombamento";0;0;1;0;0;0;0;0;0;0;1;0;0;0;0
"10/07/2025";"14:36:00";"325";"Sem vítima";"795,441";"BR-116/MG";"Crescente";"Colisão lateral em sentido contrário";2;0;0;0;0;0;0;0;0;0;6;0;0;0;0
"10/07/2025";"18:22:00";"377";"Com vítima";"175,000";"BR-116/RJ";"Decrescente";"Colisão traseira";1;0;0;1;0;0;0;0;0;0;0;3;0;0;0
"10/07/2025";"18:58:00";"384";"Com vítima";"210,000";"BR-116/RJ";"Decrescente";"Colisão lateral no mesmo sentido";1;0;0;1;0;0;0;0;0;0;0;2;0;0;0
"10/07/2025";"19:13:00";"387";"Com vítima";"104,000";"BR-493/RJ";"Crescente";"Colisão traseira";2;0;0;0;0;0;0;0;0;0;0;0;2;0;0
"10/07/2025";"19:38:00";"390";"Com vítima";"6,000";"BR-493/RJ";"Decrescente";"Atropelamento de ciclista";0;1;0;1;0;0;0;0;0;0;0;1;0;0;0
"10/07/2025";"20:40:00";"397";"Sem vítima";"55,000";"BR-493/RJ";"Decrescente";"Saída de pista";1;0;0;0;0;0;0;0;0;0;2;0;0;0;0
"10/07/2025";"21:14:00";"402";"Sem vítima";"517,000";"BR-116/MG";"Decrescente";"Queda de moto";0;0;0;1;0;0;0;0;0;0;1;0;0;0;0
"10/07/2025";"22:10:00";"406";"Com vítima";"410,000";"BR-116/MG";"Crescente";"Colisão traseira";1;0;0;1;0;0;0;0;0;0;2;1;0;0;0
"11/07/2025";"05:14:00";"209";"Sem vítima";"211,800";"BR-116/RJ";"Crescente";"Colisão traseira";1;0;0;0;0;0;0;0;0;0;1;0;0;0;0
"11/07/2025";"06:07:00";"212";"Sem vítima";"22,000";"BR-493/RJ";"Crescente";"Choque";0;0;1;0;0;0;0;0;0;0;3;0;0;0;0
"11/07/2025";"10:48:00";"266";"Com vítima";"142,000";"BR-116/RJ";"Decrescente";"Queda de moto";0;0;0;1;0;0;0;0;0;0;0;1;1;0;0
"11/07/2025";"10:55:00";"268";"Com vítima";"186,000";"BR-116/RJ";"Crescente";"Capotamento";1;0;0;0;0;1;0;0;0;0;2;1;0;0;0
"11/07/2025";"12:23:00";"283";"Com vítima";"81,650";"BR-116/RJ";"Decrescente";"Colisão traseira";1;0;0;1;0;0;0;0;0;0;1;1;0;0;0
"11/07/2025";"12:34:00";"285";"Com vítima";"186,000";"BR-116/RJ";"Decrescente";"Colisão traseira";1;0;0;0;0;0;0;0;0;1;4;0;1;0;0
"11/07/2025";"12:39:00";"288";"Sem vítima";"179,700";"BR-116/RJ";"Crescente";"Engavetamento";1;0;0;0;0;2;0;0;0;0;4;0;0;0;0
"11/07/2025";"13:26:00";"298";"Com vítima";"172,000";"BR-116/RJ";"Decrescente";"Engavetamento";4;0;0;0;0;0;0;0;0;0;3;0;1;0;0
"11/07/2025";"13:51:00";"303";"Com vítima";"704,000";"BR-116/MG";"Decrescente";"Atropelamento de ciclista";1;1;0;0;0;0;0;0;0;0;1;0;0;0;0
"11/07/2025";"17:44:00";"342";"Com vítima";"537,218";"BR-116/MG";"Decrescente";"Atropelamento de pedestre";0;0;0;1;0;0;0;0;0;0;0;1;1;0;0
"11/07/2025";"17:55:00";"344";"Sem vítima";"551,000";"BR-116/MG";"Decrescente";"Choque";1;0;0;0;0;0;0;0;0;0;1;0;0;0;0
"11/07/2025";"18:20:00";"348";"Sem vítima";"145,000";"BR-116/RJ";"Decrescente";"Engavetamento";2;0;1;0;0;0;0;0;0;0;4;0;0;0;0
"11/07/2025";"18:23:00";"349";"Com vítima";"170,000";"BR-116/RJ";"Crescente";"Engavetamento";4;0;0;0;0;0;0;0;0;0;0;4;0;0;0
"11/07/2025";"18:24:00";"350";"Com vítima";"2,800";"BR-465/RJ";"Crescente";"Colisão traseira";2;0;0;0;0;0;0;0;0;0;0;2;1;0;0
"11/07/2025";"18:30:00";"353";"Com vítima";"106,000";"BR-493/RJ";"Crescente";"Saída de pista";1;0;0;0;0;0;0;0;0;0;0;0;2;1;0
"11/07/2025";"18:37:00";"354";"Com vítima";"500,000";"BR-116/MG";"Decrescente";"Colisão traseira";0;0;0;2;0;0;0;0;0;0;1;0;1;0;0
"11/07/2025";"19:08:00";"361";"Sem vítima";"19,600";"BR-465/RJ";"Decrescente";"Colisão frontal";1;0;0;1;0;0;0;0;0;0;2;0;0;0;0
"11/07/2025";"19:28:00";"367";"Com vítima";"170,000";"BR-116/RJ";"Crescente";"Colisão lateral no mesmo sentido";0;0;1;1;0;0;0;0;0;0;1;1;0;0;0
"11/07/2025";"19:46:00";"370";"Sem vítima";"147,000";"BR-116/RJ";"Decrescente";"Colisão traseira";2;0;0;0;0;0;0;0;0;0;2;0;0;0;0
"11/07/2025";"20:03:00";"374";"Sem vítima";"657,563";"BR-116/MG";"Decrescente";"Colisão lateral em sentido contrário";1;0;1;0;0;1;0;0;0;0;3;0;0;0;0
"11/07/2025";"20:06:00";"375";"Com vítima";"5,600";"BR-465/RJ";"Crescente";"Colisão frontal";0;0;0;2;0;0;0;0;0;0;0;0;2;0;0
"11/07/2025";"21:54:00";"401";"Sem vítima";"762,000";"BR-116/MG";"Crescente";"Colisão traseira";2;0;0;0;0;0;0;0;0;0;2;0;0;0;0
"12/07/2025";"00:40:00";"70";"Sem vítima";"16,412";"BR-493/RJ";"Decrescente";"Saída de pista";1;0;0;0;0;0;0;0;0;0;1;0;0;0;0
"12/07/2025";"01:52:00";"126";"Com vítima";"176,000";"BR-116/RJ";"Decrescente";"Colisão traseira";2;0;0;0;0;0;0;0;0;0;0;3;0;0;0
"12/07/2025";"01:57:00";"128";"Sem vítima";"2,000";"BR-493/RJ";"Crescente";"Atropelamento de animal";1;0;0;0;0;0;0;0;0;0;1;0;0;0;0
"12/07/2025";"06:33:00";"152";"Sem vítima";"605,395";"BR-116/MG";"Crescente";"Colisão lateral no mesmo sentido";2;0;0;0;0;0;0;0;0;0;2;0;0;0;0
"12/07/2025";"06:34:00";"153";"Sem vítima";"789,232";"BR-116/MG";"Decrescente";"Choque";1;0;0;0;0;0;0;0;0;0;2;0;0;0;0
"12/07/2025";"09:33:00";"178";"Com vítima";"617,432";"BR-116/MG";"Crescente";"Colisão lateral em sentido contrário";0;0;0;1;0;1;0;0;0;0;0;1;0;0;1
"12/07/2025";"10:07:00";"184";"Com vítima";"107,000";"BR-116/RJ";"Decrescente";"Colisão lateral no mesmo sentido";0;0;1;1;0;0;0;0;0;0;1;1;0;0;0
"12/07/2025";"12:32:00";"209";"Sem vítima";"186,000";"BR-116/RJ";"Decrescente";"Colisão traseira";1;0;0;1;0;0;0;0;0;0;2;0;0;0;0
"12/07/2025";"14:04:00";"222";"Sem vítima";"183,000";"BR-116/RJ";"Crescente";"Engavetamento";2;0;1;0;0;0;0;0;0;0;5;0;0;0;0
"12/07/2025";"14:16:00";"226";"Sem vítima";"446,723";"BR-116/MG";"Crescente";"Choque";0;0;1;0;0;0;0;0;0;0;1;0;0;0;0
"12/07/2025";"16:00:00";"241";"Sem vítima";"412,000";"BR-116/MG";"Decrescente";"Colisão traseira";1;0;0;1;0;0;0;0;0;0;2;0;0;0;0
"12/07/2025";"16:54:00";"253";"Com vítima";"174,000";"BR-116/RJ";"Decrescente";"Engavetamento";3;0;0;0;0;0;0;0;0;0;0;4;0;0;0
"12/07/2025";"18:38:00";"275";"Sem vítima";"414,000";"BR-116/MG";"Decrescente";"Colisão transversal";0;0;0;1;0;1;0;0;0;0;2;0;0;0;0