data;horario;n_da_ocorrencia;tipo_de_ocorrencia;km;trecho;sentido;tipo_de_acidente;automovel;bicicleta;caminhao;moto;onibus;outros;tracao_animal;transporte_de_cargas_especiais;trator_maquinas;utilitarios;ilesos;levemente_feridos;moderadamente_feridos;gravemente_feridos;mortos
"22/07/2025";"18:42:00";"342";"Sem vítima";"22,000";"BR-493/RJ";"Decrescente";"Choque";1;0;0;0;0;1;0;0;0;0;6;0;0;0;0
"22/07/2025";"19:44:00";"356";"Com vítima";"127,000";"BR-116/RJ";"Decrescente";"Queda de moto";1;0;0;1;0;1;0;0;0;0;0;3;1;0;0
"22/07/2025";"23:52:00";"383";"Sem vítima";"1,975";"BR-465/RJ";"Decrescente";"Atropelamento de animal";1;0;0;0;0;0;0;0;0;0;3;0;0;0;0
"23/07/2025";"01:05:00";"109";"Sem vítima";"177,000";"BR-116/RJ";"Crescente";"Engavetamento";2;0;0;0;0;0;0;0;0;1;3;0;0;0;0
"23/07/2025";"02:32:00";"211";"Com vítima";"0,858";"BR-493/RJ";"Crescente";"Colisão frontal";1;0;0;0;0;1;0;0;0;0;1;0;0;0;1
"23/07/2025";"05:24:00";"218";"Sem vítima";"81,774";"BR-493/RJ";"Decrescente";"Choque";0;0;0;0;0;0;0;0;0;1;1;0;0;0;0
"23/07/2025";"07:12:00";"223";"Com vítima";"688,569";"BR-116/MG";"Crescente";"Tombamento";0;0;0;0;0;1;0;0;0;0;0;0;1;0;0
"23/07/2025";"08:07:00";"237";"Sem vítima";"414,000";"BR-116/MG";"Decrescente";"Colisão transversal";1;0;0;1;0;0;0;0;0;0;2;0;0;0;0
"23/07/2025";"08:20:00";"240";"Sem vítima";"148,100";"BR-116/RJ";"Crescente";"Colisão traseira";1;0;1;0;0;0;0;0;0;0;2;0;0;0;0
"23/07/2025";"08:29:00";"245";"Sem vítima";"103,500";"BR-493/RJ";"Decrescente";"Saída de pista";1;0;0;0;0;0;0;0;0;0;1;0;0;0;0
"23/07/2025";"10:29:00";"265";"Com vítima";"180,630";"BR-116/RJ";"Crescente";"Queda de moto";0;0;0;1;0;1;0;0;0;0;0;1;0;0;0
"23/07/2025";"13:30:00";"300";"Sem vítima";"20,587";"BR-116/RJ";"Decrescente";"Choque";0;0;1;0;0;0;0;0;0;0;1;0;0;0;0
"23/07/2025";"17:58:00";"364";"Com vítima";"5,600";"BR-465/RJ";"Decrescente";"Colisão lateral em sentido contrário";2;0;0;0;0;0;0;0;0;0;0;1;1;0;0
"23/07/2025";"18:26:00";"370";"Com vítima";"52,000";"BR-493/RJ";"Decrescente";"Queda de moto";0;0;0;1;0;0;0;0;0;0;0;1;0;0;0
"23/07/2025";"19:12:00";"376";"Com vítima";"192,000";"BR-116/RJ";"Decrescente";"Queda de moto";0;0;0;1;0;0;0;0;0;0;0;1;0;0;0
"23/07/2025";"21:52:00";"400";"Com vítima";"100,000";"BR-116/RJ";"Crescente";"Choque";1;0;0;0;0;0;0;0;0;0;2;1;0;0;0
"23/07/2025";"22:22:00";"405";"Com vítima";"520,000";"BR-116/MG";"Decrescente";"Colisão transversal";1;0;0;0;0;0;0;0;0;1;1;5;0;0;0
"24/07/2025";"01:31:00";"126";"Sem vítima";"9,000";"BR-465/RJ";"Crescente";"Colisão traseira";1;0;1;0;0;0;0;0;0;0;2;0;0;0;0
"24/07/2025";"04:32:00";"204";"Sem vítima";"49,000";"BR-493/RJ";"Decrescente";"Atropelamento de animal";0;0;0;0;0;1;0;0;0;0;1;0;0;0;0
"24/07/2025";"07:00:00";"217";"Com vítima";"13,000";"BR-493/RJ";"Decrescente";"Colisão lateral no mesmo sentido";1;0;0;1;0;0;0;0;0;0;1;0;1;0;0
"24/07/2025";"10:02:00";"249";"Com vítima";"210,311";"BR-116/RJ";"Crescente";"Capotamento";1;0;0;0;0;0;0;0;0;0;3;1;1;0;0
"24/07/2025";"10:41:00";"254";"Com vítima";"48,500";"BR-493/RJ";"Decrescente";"Queda de moto";0;0;0;1;0;0;0;0;0;0;0;1;0;0;0
"24/07/2025";"10:58:00";"260";"Sem vítima";"414,375";"BR-116/MG";"Decrescente";"Colisão traseira";1;0;0;1;0;0;0;0;0;0;2;0;0;0;0
"24/07/2025";"11:21:00";"264";"Sem vítima";"210,000";"BR-116/RJ";"Crescente";"Colisão traseira";1;0;1;1;0;0;0;0;0;0;3;0;0;0;0
"24/07/2025";"12:01:00";"268";"Com vítima";"108,141";"BR-116/RJ";"Crescente";"Atropelamento de pedestre";1;0;0;0;0;0;0;0;0;0;3;1;0;0;0
"24/07/2025";"18:19:00";"333";"Sem vítima";"677,000";"BR-116/MG";"Decrescente";"Choque";1;0;0;0;0;0;0;0;0;0;1;0;0;0;0
"24/07/2025";"18:36:00";"335";"Com vítima";"700,874";"BR-116/MG";"Decrescente";"Colisão traseira";1;0;0;1;0;0;0;0;0;0;1;0;1;0;0
"24/07/2025";"18:47:00";"339";"Sem vítima";"96,000";"BR-493/RJ";"Crescente";"Saída de pista";0;0;0;0;0;0;0;0;0;1;1;0;0;0;0
"24/07/2025";"18:50:00";"340";"Com vítima";"703,000";"BR-116/MG";"Decrescente";"Colisão traseira";0;0;0;1;0;1;0;0;0;0;1;1;0;0;0
"24/07/2025";"19:52:00";"351";"Sem vítima";"106,000";"BR-493/RJ";"Decrescente";"Saída de pista";1;0;0;0;0;0;0;0;0;0;1;0;0;0;0
"24/07/2025";"20:07:00";"352";"Sem vítima";"146,000";"BR-116/RJ";"Decrescente";"Colisão traseira";1;0;0;0;1;0;0;0;0;0;2;0;0;0;0
"24/07/2025";"20:12:00";"353";"Sem vítima";"75,000";"BR-116/RJ";"Crescente";"Choque";1;0;0;0;0;0;0;0;0;0;1;0;0;0;0
"24/07/2025";"20:39:00";"358";"Com vítima";"146,000";"BR-116/RJ";"Decrescente";"Queda de moto";0;0;0;1;0;0;0;0;0;0;1;1;0;0;0
"24/07/2025";"21:31:00";"364";"Sem vítima";"8,000";"BR-465/RJ";"Crescente";"Colisão traseira";1;0;0;0;1;0;0;0;0;0;2;0;0;0;0
"24/07/2025";"22:31:00";"368";"Com vítima";"18,000";"BR-465/RJ";"Crescente";"Queda de moto";0;0;0;1;0;0;0;0;0;0;0;1;0;0;0
"24/07/2025";"22:36:00";"369";"Com vítima";"96,000";"BR-493/RJ";"Crescente";"Saída de pista";1;0;0;0;0;0;0;0;0;0;0;2;0;0;0
"25/07/2025";"03:01:00";"202";"Sem vítima";"105,000";"BR-116/RJ";"Crescente";"Choque";0;0;1;0;0;0;0;0;0;0;2;0;0;0;0
"25/07/2025";"06:12:00";"241";"Sem vítima";"196,000";"BR-116/RJ";"Decrescente";"Colisão lateral no mesmo sentido";1;0;0;1;0;0;0;0;0;0;2;0;0;0;0
"25/07/2025";"10:06:00";"285";"Sem vítima";"10,000";"BR-116/RJ";"Decrescente";"Colisão traseira";1;0;0;0;0;1;0;0;0;0;2;0;0;0;0
"25/07/2025";"12:24:00";"302";"Sem vítima";"52,000";"BR-493/RJ";"Decrescente";"Colisão traseira";1;0;1;0;0;0;0;0;0;0;2;0;0;0;0
"25/07/2025";"12:52:00";"312";"Com vítima";"185,500";"BR-116/RJ";"Crescente";"Colisão traseira";1;0;0;1;0;0;0;0;0;0;2;1;0;0;0
"25/07/2025";"16:32:00";"350";"Sem vítima";"107,000";"BR-116/RJ";"Crescente";"Saída de pista";0;0;0;0;0;0;0;0;0;1;3;0;0;0;0
"25/07/2025";"16:36:00";"351";"Sem vítima";"409,000";"BR-116/MG";"Decrescente";"Colisão lateral no mesmo sentido";1;0;0;1;0;0;0;0;0;0;2;0;0;0;0
"25/07/2025";"18:04:00";"365";"Sem vítima";"93,500";"BR-493/RJ";"Decrescente";"Choque";0;0;1;0;0;0;0;0;0;0;2;0;0;0;0
"25/07/2025";"18:06:00";"366";"Sem vítima";"0,200";"BR-465/RJ";"Decrescente";"Colisão traseira";1;0;0;1;0;0;0;0;0;0;2;0;0;0;0
"25/07/2025";"18:22:00";"370";"Com vítima";"607,000";"BR-116/MG";"Crescente";"Colisão frontal";0;0;0;2;0;0;0;0;0;0;0;0;2;0;0
"25/07/2025";"18:24:00";"371";"Sem vítima";"196,000";"BR-116/RJ";"Decrescente";"Choque";0;0;0;0;0;0;0;0;0;1;3;0;0;0;0
"25/07/2025";"18:29:00";"373";"Sem vítima";"69,000";"BR-493/RJ";"Decrescente";"Choque";1;0;0;0;0;0;0;0;0;0;1;0;0;0;0
"25/07/2025";"18:39:00";"378";"Com vítima";"78,000";"BR-116/RJ";"Decrescente";"Queda de moto";0;0;0;1;0;0;0;0;0;0;0;2;0;0;0
"25/07/2025";"18:54:00";"382";"Sem vítima";"74,000";"BR-493/RJ";"Crescente";"Choque";1;0;0;0;0;0;0;0;0;0;5;0;0;0;0
"25/07/2025";"19:02:00";"386";"Sem vítima";"25,000";"BR-493/RJ";"Crescente";"Colisão traseira";0;0;0;0;0;1;0;0;0;1;2;0;0;0;0
"25/07/2025";"19:21:00";"394";"Com vítima";"408,900";"BR-116/MG";"Crescente";"Atropelamento de pedestre";1;0;0;0;0;0;0;0;0;0;0;1;1;0;0
"25/07/2025";"19:29:00";"396";"Sem vítima";"65,000";"BR-493/RJ";"Decrescente";"Colisão traseira";2;0;0;0;0;0;0;0;0;0;3;0;0;0;0
"25/07/2025";"19:35:00";"360";"Sem vítima";"488,700";"BR-116/MG";"Decrescente";"Colisão lateral no mesmo sentido";1;0;0;0;0;1;0;0;0;0;2;0;0;0;0
"25/07/2025";"20:41:00";"412";"Com vítima";"17,000";"BR-465/RJ";"Decrescente";"Colisão traseira";2;0;0;0;0;0;0;0;0;0;0;1;1;0;0
"25/07/2025";"20:48:00";"414";"Com vítima";"702,000";"BR-116/MG";"Decrescente";"Colisão transversal";1;0;0;1;0;0;0;0;0;0;1;0;2;0;0
"25/07/2025";"20:49:00";"416";"Sem vítima";"96,000";"BR-493/RJ";"Crescente";"Saída de pista";0;0;1;0;0;0;0;0;0;0;1;0;0;0;0
"25/07/2025";"22:26:00";"447";"Sem vítima";"743,000";"BR-116/MG";"Decrescente";"Choque";1;0;0;0;0;0;0;0;0;0;1;0;0;0;0
"25/07/2025";"23:22:00";"461";"Sem vítima";"178,000";"BR-116/RJ";"Crescente";"Colisão lateral no mesmo sentido";1;0;0;0;1;0;0;0;0;0;3;0;0;0;0
"26/07/2025";"03:23:00";"87";"Com vítima";"170,950";"BR-116/RJ";"Decrescente";"Choque";1;0;0;0;0;0;0;0;0;0;0;1;0;0;0
"26/07/2025";"04:40:00";"93";"Com vítima";"496,000";"BR-116/MG";"Crescente";"Queda de moto";0;0;0;1;0;0;0;0;0;0;0;1;0;0;0
"26/07/2025";"08:01:00";"117";"Sem vítima";"185,000";"BR-116/RJ";"Decrescente";"Queda de moto";0;0;0;1;0;0;0;0;0;0;2;0;0;0;0
"26/07/2025";"09:24:00";"138";"Sem vítima";"8,000";"BR-493/RJ";"Decrescente";"Colisão traseira";1;0;0;0;0;1;0;0;0;0;6;0;0;0;0
"26/07/2025";"10:47:00";"155";"Sem vítima";"18,000";"BR-116/RJ";"Crescente";"Choque";1;0;0;0;0;0;0;0;0;0;2;0;0;0;0
"26/07/2025";"11:52:00";"170";"Sem vítima";"10,122";"BR-116/RJ";"Crescente";"Tombamento";0;0;1;0;0;0;0;0;0;0;1;0;0;0;0
"26/07/2025";"12:27:00";"174";"Sem vítima";"14,700";"BR-465/RJ";"Crescente";"Colisão traseira";1;0;0;1;0;0;0;0;0;0;4;0;0;0;0
"26/07/2025";"15:38:00";"216";"Com vítima";"508,000";"BR-116/MG";"Decrescente";"Queda de bicicleta";0;0;0;0;0;1;0;0;0;0;1;0;1;0;0
"26/07/2025";"18:00:00";"252";"Sem vítima";"186,000";"BR-116/RJ";"Decrescente";"Queda de moto";0;0;0;1;0;0;0;0;0;0;2;0;0;0;0
"26/07/2025";"18:32:00";"260";"Com vítima";"179,500";"BR-116/RJ";"Decrescente";"Colisão lateral no mesmo sentido";1;0;0;1;0;0;0;0;0;0;1;1;0;0;0
"26/07/2025";"18:40:00";"261";"Com vítima";"813,350";"BR-116/MG";"Decrescente";"Tombamento";0;0;1;0;0;0;0;0;0;0;0;0;1;0;0
"27/07/2025";"00:14:00";"4";"Com vítima";"14,541";"BR-465/RJ";"Crescente";"Atropelamento de pedestre";1;0;0;0;0;0;0;0;0;0;1;0;0;0;1
"27/07/2025";"05:54:00";"23";"Com vítima";"490,000";"BR-116/MG";"Crescente";"Choque";0;0;0;0;0;0;0;0;0;1;0;1;0;0;0
"27/07/2025";"08:13:00";"46";"Com vítima";"101,000";"BR-116/RJ";"Decrescente";"Queda de moto";0;0;0;1;0;0;0;0;0;0;0;2;0;0;0
"27/07/2025";"09:32:00";"62";"Sem vítima";"67,000";"BR-116/RJ";"Crescente";"Saída de pista";0;0;0;0;0;0;0;0;0;1;2;0;0;0;0
"27/07/2025";"10:20:00";"75";"Com vítima";"90,000";"BR-116/RJ";"Decrescente";"Queda de moto";0;0;0;1;0;0;0;0;0;0;0;1;0;0;0
"27/07/2025";"11:45:00";"88";"Com vítima";"143,000";"BR-116/RJ";"Decrescente";"Queda de moto";0;0;0;1;0;0;0;0;0;0;1;1;0;0;0
"27/07/2025";"12:13:00";"98";"Com vítima";"675,500";"BR-116/MG";"Crescente";"Colisão transversal";2;0;0;0;0;0;0;0;0;0;0;3;2;0;0
"27/07/2025";"14:05:00";"121";"Sem vítima";"83,000";"BR-116/RJ";"Crescente";"Capotamento";1;0;0;0;0;0;0;0;0;0;2;0;0;0;0
"27/07/2025";"17:08:00";"165";"Com vítima";"443,293";"BR-116/MG";"Crescente";"Capotamento";0;0;0;0;0;1;0;0;0;0;0;0;0;3;3
"27/07/2025";"17:17:00";"167";"Com vítima";"522,000";"BR-116/MG";"Crescente";"Colisão transversal";0;0;0;1;0;1;0;0;0;0;1;1;0;0;0
"27/07/2025";"19:31:00";"196";"Sem vítima";"187,700";"BR-116/RJ";"Crescente";"Queda de moto";0;0;0;1;0;0;0;0;0;0;1;0;0;0;0
"27/07/2025";"22:56:00";"236";"Com vítima";"203,750";"BR-116/RJ";"Crescente";"Atropelamento de pedestre";0;0;0;0;1;0;0;0;0;0;0;1;0;0;1
"27/07/2025";"23:26:00";"241";"Com vítima";"416,000";"BR-116/MG";"Crescente";"Colisão frontal";0;0;0;2;0;0;0;0;0;0;0;2;0;0;0
"28/07/2025";"04:29:00";"50";"Sem vítima";"90,266";"BR-116/RJ";"Crescente";"Tombamento";0;0;1;0;0;0;0;0;0;0;2;0;0;0;0
"28/07/2025";"06:16:00";"59";"Com vítima";"93,486";"BR-493/RJ";"Decrescente";"Atropelamento de ciclista";1;1;0;0;0;0;0;0;0;0;1;0;0;0;0
"28/07/2025";"07:44:00";"76";"Sem vítima";"501,000";"BR-116/MG";"Decrescente";"Colisão lateral no mesmo sentido";2;0;0;1;0;0;0;0;0;0;3;0;0;0;0
"28/07/2025";"08:55:00";"85";"Com vítima";"669,000";"BR-116/MG";"Crescente";"Colisão lateral em sentido contrário";2;0;0;0;0;0;0;0;0;0;5;1;1;0;0
"28/07/2025";"15:46:00";"172";"Com vítima";"173,000";"BR-116/RJ";"Crescente";"Atropelamento de pedestre";0;0;0;1;0;0;0;0;0;0;1;1;2;0;0
"28/07/2025";"19:56:00";"223";"Com vítima";"16,000";"BR-493/RJ";"Decrescente";"Colisão traseira";1;0;0;1;0;0;0;0;0;0;0;2;0;0;0
"28/07/2025";"20:24:00";"229";"Com vítima";"185,000";"BR-116/RJ";"Decrescente";"Colisão lateral em sentido contrário";1;0;0;1;0;0;0;0;0;0;1;2;0;0;0
"29/07/2025";"07:04:00";"209";"Com vítima";"415,000";"BR-116/MG";"Crescente";"Colisão lateral no mesmo sentido";1;0;0;1;0;0;0;0;0;0;1;1;0;0;0
"29/07/2025";"12:30:00";"272";"Com vítima";"541,467";"BR-116/MG";"Decrescente";"Acidentes de outra natureza";1;0;0;0;0;0;0;0;0;0;0;2;0;0;0
"29/07/2025";"14:10:00";"290";"Com vítima";"442,584";"BR-116/MG";"Decrescente";"Tombamento";0;0;1;0;0;0;0;0;0;0;0;1;0;0;0
"29/07/2025";"15:38:00";"306";"Sem vítima";"181,999";"BR-116/RJ";"Crescente";"Colisão traseira";1;0;0;1;0;0;0;0;0;0;2;0;0;0;0
"29/07/2025";"16:22:00";"319";"Com vítima";"763,000";"BR-116/MG";"Decrescente";"Colisão lateral em sentido contrário";1;0;0;0;0;1;0;0;0;0;1;1;0;0;0
"29/07/2025";"17:27:00";"330";"Sem vítima";"796,000";"BR-116/MG";"Decrescente";"Choque";1;0;0;0;0;0;0;0;0;0;1;0;0;0;0
"29/07/2025";"22:04:00";"367";"Com vítima";"533,329";"BR-116/MG";"Crescente";"Colisão transversal";1;0;0;1;0;0;0;0;0;0;5;0;1;0;0
"30/07/2025";"01:55:00";"238";"Com vítima";"136,580";"BR-116/RJ";"Decrescente";"Queda de moto";0;0;0;1;0;0;0;0;0;0;0;0;0;0;1
"30/07/2025";"03:07:00";"250";"Sem vítima";"35,327";"BR-116/RJ";"Decrescente";"Saída de pista";0;0;1;0;0;0;0;0;0;0;2;0;0;0;0
"30/07/2025";"05:50:00";"252";"Com vítima";"421,927";"BR-116/MG";"Crescente";"Atropelamento de animal";0;0;0;1;0;0;0;0;0;0;0;0;1;0;0
"30/07/2025";"07:18:00";"266";"Com vítima";"700,600";"BR-116/MG";"Decrescente";"Queda de moto";0;0;0;1;0;0;0;0;0;0;0;1;0;0;0
"30/07/2025";"07:22:00";"267";"Sem vítima";"18,865";"BR-493/RJ";"Decrescente";"Colisão traseira";1;0;0;0;0;1;0;0;0;0;2;0;0;0;0
"30/07/2025";"07:42:00";"274";"Com vítima";"145,827";"BR-116/RJ";"Crescente";"Colisão traseira";0;0;0;1;1;0;0;0;0;0;1;1;0;0;0
"30/07/2025";"08:11:00";"278";"Com vítima";"191,000";"BR-116/RJ";"Decrescente";"Colisão traseira";1;0;0;1;0;0;0;0;0;0;1;0;1;0;0
"30/07/2025";"08:24:00";"280";"Sem vítima";"0,000";"BR-493/RJ";"Crescente";"Atropelamento de animal";1;0;0;0;0;0;0;0;0;0;1;0;0;0;0
"30/07/2025";"08:51:00";"284";"Sem vítima";"145,827";"BR-116/RJ";"Crescente";"Capotamento";1;0;0;0;0;0;0;0;0;0;1;0;0;0;0
"30/07/2025";"09:31:00";"297";"Sem vítima";"192,000";"BR-116/RJ";"Crescente";"Engavetamento";2;0;1;0;0;0;0;0;0;0;3;0;0;0;0
"30/07/2025";"10:25:00";"308";"Sem vítima";"97,877";"BR-116/RJ";"Decrescente";"Tombamento";0;0;1;0;0;0;0;0;0;0;2;0;0;0;0
"30/07/2025";"13:18:00";"338";"Sem vítima";"134,000";"BR-116/RJ";"Decrescente";"Colisão traseira";1;0;0;0;0;1;0;0;0;0;2;0;0;0;0
"30/07/2025";"14:17:00";"349";"Com vítima";"56,000";"BR-116/RJ";"Crescente";"Queda de moto";0;0;0;1;0;0;0;0;0;0;0;1;0;0;0
"30/07/2025";"15:25:00";"360";"Com vítima";"508,718";"BR-116/MG";"Crescente";"Colisão traseira";0;0;2;0;0;0;0;0;0;0;0;2;0;0;0
"30/07/2025";"15:43:00";"364";"Com vítima";"490,000";"BR-116/MG";"Crescente";"Capotamento";1;0;0;0;0;0;0;0;0;0;0;0;1;0;0
"30/07/2025";"17:24:00";"388";"Com vítima";"112,000";"BR-493/RJ";"Crescente";"Choque";1;0;0;0;0;0;0;0;0;0;2;1;0;0;0
"30/07/2025";"17:45:00";"392";"Sem vítima";"212,800";"BR-116/RJ";"Crescente";"Colisão lateral no mesmo sentido";1;0;1;0;0;0;0;0;0;0;2;0;0;0;0
"30/07/2025";"18:09:00";"395";"Sem vítima";"108,000";"BR-116/RJ";"Crescente";"Colisão traseira";2;0;0;0;0;0;0;0;0;0;2;0;0;0;0
"31/07/2025";"07:29:00";"285";"Sem vítima";"145,000";"BR-116/RJ";"Crescente";"Queda de moto";0;0;0;1;0;0;0;0;0;0;1;0;0;0;0
"31/07/2025";"07:59:00";"289";"Com vítima";"8,000";"BR-465/RJ";"Crescente";"Colisão lateral no mesmo sentido";2;0;0;0;0;0;0;0;0;0;1;1;0;0;0
"31/07/2025";"10:52:00";"329";"Com vítima";"182,020";"BR-116/RJ";"Decrescente";"Colisão lateral no mesmo sentido";1;0;1;0;0;0;0;0;0;0;1;1;0;0;0
"31/07/2025";"14:03:00";"366";"Sem vítima";"96,000";"BR-493/RJ";"Decrescente";"Tombamento";1;0;1;0;0;0;0;0;0;0;3;0;0;0;0
"31/07/2025";"17:26:00";"405";"Com vítima";"22,000";"BR-493/RJ";"Decrescente";"Queda de moto";0;0;0;1;0;0;0;0;0;0;0;0;1;0;0
"31/07/2025";"20:41:00";"428";"Sem vítima";"22,000";"BR-116/RJ";"Decrescente";"Colisão traseira";1;0;1;0;0;0;0;0;0;0;2;0;0;0;0
"01/08/2025";"05:18:00";"250";"Com vítima";"139,000";"BR-116/RJ";"Crescente";"Queda de moto";0;0;0;1;0;0;0;0;0;0;0;1;0;0;0
"01/08/2025";"06:16:00";"255";"Com vítima";"185,750";"BR-116/RJ";"Decrescente";"Queda de moto";0;0;0;1;0;0;0;0;0;0;0;1;0;0;0
"01/08/2025";"06:23:00";"257";"Sem vítima";"727,523";"BR-116/MG";"Crescente";"Atropelamento de animal";1;0;0;0;0;0;0;0;0;0;1;0;0;0;0
"01/08/2025";"07:06:00";"265";"Com vítima";"48,300";"BR-493/RJ";"Decrescente";"Tombamento";0;0;0;0;0;1;0;0;0;0;0;1;0;0;0
"01/08/2025";"07:48:00";"271";"Sem vítima";"96,694";"BR-493/RJ";"Decrescente";"Colisão lateral no mesmo sentido";2;0;0;0;0;0;0;0;0;0;5;0;0;0;0
"01/08/2025";"10:31:00";"303";"Sem vítima";"413,450";"BR-116/MG";"Decrescente";"Choque";1;0;1;0;0;0;0;0;0;0;2;0;0;0;0
"01/08/2025";"12:02:00";"319";"Com vítima";"20,735";"BR-465/RJ";"Crescente";"Colisão transversal";1;0;0;2;0;0;0;0;0;0;2;1;0;0;0
"01/08/2025";"14:14:00";"344";"Com vítima";"413,450";"BR-116/MG";"Decrescente";"Colisão traseira";1;0;0;1;0;0;0;0;0;0;1;1;0;0;0
"01/08/2025";"14:32:00";"348";"Com vítima";"413,620";"BR-116/MG";"Decrescente";"Colisão traseira";1;0;0;1;0;0;0;0;0;0;1;1;0;0;0
"01/08/2025";"15:08:00";"355";"Sem vítima";"113,898";"BR-493/RJ";"Decrescente";"Colisão traseira";1;0;1;0;0;0;0;0;0;0;2;0;0;0;0
"01/08/2025";"15:32:00";"363";"Com vítima";"16,505";"BR-493/RJ";"Decrescente";"Colisão transversal";1;0;1;0;0;0;0;0;0;0;1;0;0;1;0
"01/08/2025";"17:47:00";"402";"Sem vítima";"181,300";"BR-116/RJ";"Crescente";"Colisão traseira";2;0;0;0;0;0;0;0;0;0;2;0;0;0;0
"01/08/2025";"18:30:00";"427";"Sem vítima";"97,500";"BR-116/RJ";"Decrescente";"Colisão lateral no mesmo sentido";0;0;0;0;0;2;0;0;0;0;2;0;0;0;0
"01/08/2025";"18:32:00";"409";"Sem vítima";"123,221";"BR-116/RJ";"Decrescente";"Colisão traseira";1;0;1;0;0;0;0;0;0;0;4;0;0;0;0
"01/08/2025";"21:36:00";"448";"Sem vítima";"174,000";"BR-116/RJ";"Decrescente";"Colisão lateral em sentido contrário";2;0;0;0;0;0;0;0;0;0;2;0;0;0;0
"01/08/2025";"22:45:00";"457";"Sem vítima";"67,505";"BR-493/RJ";"Decrescente";"Atropelamento de animal";1;0;0;0;0;1;0;0;0;0;5;0;0;0;0
"01/08/2025";"23:07:00";"461";"Com vítima";"414,000";"BR-116/MG";"Crescente";"Queda de moto";0;0;0;1;0;0;1;0;0;0;0;0;1;0;0
"02/08/2025";"03:47:00";"163";"Sem vítima";"172,600";"BR-116/RJ";"Decrescente";"Saída de pista";1;0;0;0;0;0;0;0;0;0;1;0;0;0;0
"02/08/2025";"08:28:00";"198";"Com vítima";"54,826";"BR-493/RJ";"Decrescente";"Queda de moto";0;0;0;1;0;0;0;0;0;0;0;1;1;0;0
"02/08/2025";"08:59:00";"202";"Com vítima";"606,343";"BR-116/MG";"Decrescente";"Colisão lateral em sentido contrário";1;0;0;1;0;0;0;0;0;0;1;0;1;0;0
"02/08/2025";"09:18:00";"205";"Com vítima";"182,353";"BR-116/RJ";"Crescente";"Colisão lateral no mesmo sentido";1;0;0;2;0;0;0;0;0;0;2;0;1;0;0
"02/08/2025";"09:30:00";"209";"Com vítima";"524,855";"BR-116/MG";"Crescente";"Colisão traseira";1;0;0;1;0;0;0;0;0;0;1;1;0;0;0
"02/08/2025";"09:42:00";"213";"Com vítima";"605,780";"BR-116/MG";"Crescente";"Colisão lateral no mesmo sentido";0;0;0;2;0;0;0;0;0;0;1;0;1;0;0
"02/08/2025";"09:49:00";"216";"Sem vítima";"56,000";"BR-493/RJ";"Crescente";"Saída de pista";0;0;1;0;0;0;0;0;0;0;1;0;0;0;0
"02/08/2025";"09:56:00";"219";"Com vítima";"80,200";"BR-116/RJ";"Decrescente";"Colisão traseira";2;0;0;0;0;0;0;0;0;0;3;1;0;0;0
"02/08/2025";"10:52:00";"230";"Sem vítima";"24,924";"BR-493/RJ";"Decrescente";"Colisão lateral no mesmo sentido";1;0;1;0;0;0;0;0;0;0;2;0;0;0;0
"02/08/2025";"12:22:00";"250";"Com vítima";"0,000";"BR-493/RJ";"Decrescente";"Colisão frontal";0;0;0;1;0;1;0;0;0;0;1;0;1;0;0
"02/08/2025";"17:31:00";"301";"Com vítima";"21,000";"BR-493/RJ";"Decrescente";"Colisão transversal";2;0;0;0;0;0;0;0;0;0;2;1;0;0;0
"02/08/2025";"17:39:00";"302";"Sem vítima";"169,000";"BR-116/RJ";"Crescente";"Colisão traseira";1;0;0;0;0;1;0;0;0;0;2;0;0;0;0
"02/08/2025";"18:28:00";"306";"Sem vítima";"3,950";"BR-465/RJ";"Decrescente";"Saída de pista";1;0;0;0;0;0;0;0;0;0;2;0;0;0;0
"02/08/2025";"18:35:00";"308";"Com vítima";"87,000";"BR-493/RJ";"Crescente";"Colisão traseira";2;0;0;0;0;0;0;0;0;0;2;1;1;0;0
"02/08/2025";"18:39:00";"309";"Com vítima";"506,000";"BR-116/MG";"Crescente";"Atropelamento de pedestre";1;0;0;0;0;0;0;0;0;0;1;0;0;0;1
"02/08/2025";"18:46:00";"313";"Sem vítima";"80,334";"BR-116/RJ";"Decrescente";"Colisão traseira";1;0;0;1;0;0;0;0;0;0;3;0;0;0;0
"02/08/2025";"20:33:00";"327";"Sem vítima";"18,500";"BR-465/RJ";"Crescente";"Saída de pista";1;0;0;0;0;0;0;0;0;0;1;0;0;0;0
"02/08/2025";"22:18:00";"338";"Com vítima";"20,400";"BR-465/RJ";"Decrescente";"Colisão lateral no mesmo sentido";0;0;0;1;0;1;0;0;0;0;1;1;0;0;0