data;horario;n_da_ocorrencia;tipo_de_ocorrencia;km;trecho;sentido;tipo_de_acidente;automovel;bicicleta;caminhao;moto;onibus;outros;tracao_animal;transporte_de_cargas_especiais;trator_maquinas;utilitarios;ilesos;levemente_feridos;moderadamente_feridos;gravemente_feridos;mortos
"12/08/2025";"11:23:00";"273";"Com vítima";"181,533";"BR-116/RJ";"Decrescente";"Queda de moto";0;0;0;1;0;0;0;0;0;0;0;2;0;0;0
"12/08/2025";"11:49:00";"278";"Com vítima";"7,983";"BR-465/RJ";"Crescente";"Queda de moto";0;0;0;1;0;0;0;0;0;0;0;1;1;0;0
"12/08/2025";"16:38:00";"333";"Com vítima";"200,913";"BR-116/RJ";"Decrescente";"Colisão lateral no mesmo sentido";1;1;0;0;0;0;0;0;0;0;1;0;0;0;0
"12/08/2025";"18:33:00";"347";"Sem vítima";"105,000";"BR-493/RJ";"Decrescente";"Choque";1;0;0;0;0;0;0;0;0;0;1;0;0;0;0
"12/08/2025";"19:01:00";"353";"Com vítima";"606,296";"BR-116/MG";"Decrescente";"Colisão transversal";1;0;0;1;0;0;0;0;0;0;0;2;0;0;0
"12/08/2025";"19:47:00";"360";"Sem vítima";"66,000";"BR-116/RJ";"Decrescente";"Atropelamento de animal";0;0;0;1;0;0;0;0;0;0;1;0;0;0;0
"13/08/2025";"01:37:00";"195";"Sem vítima";"212,000";"BR-116/RJ";"Decrescente";"Capotamento";1;0;0;0;0;0;0;0;0;0;1;0;0;0;0
"13/08/2025";"05:24:00";"221";"Sem vítima";"194,000";"BR-116/RJ";"Crescente";"Queda de moto";0;0;0;1;0;0;0;0;0;0;1;0;0;0;0
"13/08/2025";"07:12:00";"237";"Com vítima";"146,000";"BR-116/RJ";"Crescente";"Colisão traseira";1;0;0;1;0;0;0;0;0;0;0;3;0;0;0
"13/08/2025";"07:21:00";"241";"Com vítima";"145,000";"BR-116/RJ";"Crescente";"Colisão traseira";0;0;1;0;0;1;0;0;0;0;0;2;0;0;0
"13/08/2025";"08:40:00";"258";"Com vítima";"60,167";"BR-493/RJ";"Crescente";"Tombamento";0;0;1;0;0;0;0;0;0;0;0;3;0;0;0
"13/08/2025";"09:05:00";"267";"Com vítima";"25,000";"BR-493/RJ";"Decrescente";"Colisão lateral no mesmo sentido";1;0;0;1;0;0;0;0;0;0;1;1;0;0;0
"13/08/2025";"11:10:00";"302";"Com vítima";"103,000";"BR-116/RJ";"Crescente";"Queda de moto";0;0;0;1;0;0;0;0;0;0;0;2;0;0;0
"13/08/2025";"11:20:00";"307";"Sem vítima";"186,000";"BR-116/RJ";"Decrescente";"Colisão traseira";1;0;0;0;0;0;0;0;0;1;2;0;0;0;0
"13/08/2025";"11:26:00";"308";"Sem vítima";"8,000";"BR-493/RJ";"Decrescente";"Saída de pista";0;0;1;0;0;0;0;0;0;0;1;0;0;0;0
"13/08/2025";"11:54:00";"312";"Sem vítima";"186,000";"BR-116/RJ";"Decrescente";"Engavetamento";3;0;0;0;0;0;0;0;0;0;6;0;0;0;0
"13/08/2025";"12:58:00";"322";"Com vítima";"7,800";"BR-465/RJ";"Decrescente";"Colisão transversal";1;0;0;1;0;0;0;0;0;0;1;1;0;0;0
"13/08/2025";"13:10:00";"325";"Sem vítima";"96,000";"BR-493/RJ";"Decrescente";"Saída de pista";1;0;0;0;0;0;0;0;0;0;2;0;0;0;0
"13/08/2025";"13:11:00";"326";"Com vítima";"449,700";"BR-116/MG";"Decrescente";"Queda de moto";0;0;0;1;0;0;0;0;0;0;1;1;0;0;0
"13/08/2025";"14:41:00";"341";"Sem vítima";"22,000";"BR-493/RJ";"Crescente";"Colisão traseira";0;0;0;0;0;2;0;0;0;0;2;0;0;0;0
"13/08/2025";"16:45:00";"374";"Com vítima";"141,000";"BR-116/RJ";"Crescente";"Colisão traseira";0;0;2;0;0;0;0;0;0;0;0;2;0;0;0
"13/08/2025";"18:19:00";"382";"Sem vítima";"141,000";"BR-116/RJ";"Crescente";"Engavetamento";3;0;0;0;0;0;0;0;0;0;3;0;0;0;0
"13/08/2025";"19:41:00";"400";"Com vítima";"100,802";"BR-116/RJ";"Decrescente";"Choque";1;0;0;0;0;0;0;0;0;0;0;1;0;0;0
"13/08/2025";"22:02:00";"438";"Sem vítima";"529,000";"BR-116/MG";"Decrescente";"Saída de pista";1;0;0;0;0;0;0;0;0;0;1;0;0;0;0
"13/08/2025";"22:55:00";"447";"Sem vítima";"142,122";"BR-116/RJ";"Crescente";"Tombamento";0;0;1;0;0;0;0;0;0;0;2;0;0;0;0
"13/08/2025";"23:31:00";"451";"Com vítima";"104,000";"BR-116/RJ";"Decrescente";"Choque";1;0;0;0;0;0;0;0;0;0;0;1;0;0;0
"14/08/2025";"00:13:00";"22";"Com vítima";"24,216";"BR-116/RJ";"Crescente";"Capotamento";1;0;0;0;0;0;0;0;0;0;0;0;2;0;0
"14/08/2025";"01:54:00";"163";"Sem vítima";"8,000";"BR-465/RJ";"Decrescente";"Atropelamento de pedestre";1;0;0;0;0;1;0;0;0;0;2;0;0;0;0
"14/08/2025";"04:29:00";"206";"Com vítima";"17,762";"BR-465/RJ";"Decrescente";"Atropelamento de animal";0;0;0;1;0;0;0;0;0;0;0;0;1;0;0
"14/08/2025";"10:28:00";"275";"Sem vítima";"25,000";"BR-493/RJ";"Decrescente";"Colisão lateral no mesmo sentido";1;0;1;0;0;0;0;0;0;0;2;0;0;0;0
"14/08/2025";"10:48:00";"280";"Com vítima";"20,000";"BR-465/RJ";"Decrescente";"Atropelamento de pedestre";0;0;0;1;0;0;0;0;0;0;1;1;0;0;0
"14/08/2025";"18:10:00";"343";"Com vítima";"2,000";"BR-465/RJ";"Crescente";"Colisão traseira";1;0;0;1;0;0;0;0;0;0;1;1;0;0;0
"14/08/2025";"18:15:00";"345";"Sem vítima";"500,900";"BR-116/MG";"Decrescente";"Capotamento";1;0;0;0;0;0;0;0;0;0;2;0;0;0;0
"14/08/2025";"21:35:00";"381";"Sem vítima";"746,000";"BR-116/MG";"Decrescente";"Queda de moto";0;0;0;1;0;0;0;0;0;0;1;0;0;0;0
"14/08/2025";"22:21:00";"384";"Com vítima";"132,825";"BR-116/RJ";"Crescente";"Queda de moto";0;0;0;1;0;0;0;0;0;0;0;2;0;0;0
"14/08/2025";"23:55:00";"396";"Sem vítima";"489,000";"BR-116/MG";"Crescente";"Capotamento";1;0;0;0;0;0;0;0;0;0;2;0;0;0;0
"15/08/2025";"01:11:00";"167";"Com vítima";"601,000";"BR-116/MG";"Decrescente";"Atropelamento de animal";0;0;0;0;0;0;0;0;0;1;0;4;0;0;0
"15/08/2025";"06:47:00";"255";"Com vítima";"414,190";"BR-116/MG";"Decrescente";"Atropelamento de ciclista";0;1;0;1;0;0;0;0;0;0;1;0;0;0;0
"15/08/2025";"07:17:00";"258";"Com vítima";"180,446";"BR-116/RJ";"Decrescente";"Colisão traseira";0;0;0;2;0;0;0;0;0;0;0;2;0;0;0
"15/08/2025";"07:33:00";"261";"Com vítima";"174,539";"BR-116/RJ";"Crescente";"Queda de moto";0;0;0;1;0;0;0;0;0;0;0;2;0;0;0
"15/08/2025";"07:54:00";"266";"Sem vítima";"190,919";"BR-116/RJ";"Decrescente";"Colisão traseira";0;0;0;2;0;0;0;0;0;0;2;0;0;0;0
"15/08/2025";"08:08:00";"268";"Com vítima";"20,541";"BR-116/RJ";"Decrescente";"Choque";1;0;0;0;0;0;0;0;0;0;2;2;0;0;0
"15/08/2025";"09:34:00";"284";"Com vítima";"5,000";"BR-465/RJ";"Crescente";"Colisão transversal";1;0;0;1;0;0;0;0;0;0;1;1;0;0;0
"15/08/2025";"13:27:00";"335";"Sem vítima";"202,587";"BR-116/RJ";"Crescente";"Choque";1;0;0;0;0;0;0;0;0;0;3;0;0;0;0
"15/08/2025";"14:47:00";"350";"Sem vítima";"115,664";"BR-116/RJ";"Decrescente";"Queda de moto";0;0;0;1;0;0;0;0;0;0;1;0;0;0;0
"15/08/2025";"15:25:00";"356";"Sem vítima";"702,691";"BR-116/MG";"Crescente";"Colisão lateral em sentido contrário";0;0;0;0;0;2;0;0;0;0;2;0;0;0;0
"15/08/2025";"16:15:00";"364";"Sem vítima";"187,000";"BR-116/RJ";"Crescente";"Colisão traseira";1;0;0;0;0;0;0;0;0;0;1;0;0;0;0
"15/08/2025";"17:08:00";"373";"Com vítima";"4,000";"BR-465/RJ";"Crescente";"Colisão frontal";0;0;0;1;0;1;0;0;0;0;0;1;1;0;0
"15/08/2025";"18:47:00";"389";"Com vítima";"695,000";"BR-116/MG";"Decrescente";"Colisão frontal";3;0;0;0;0;0;0;0;0;0;1;4;2;1;0
"15/08/2025";"18:48:00";"390";"Com vítima";"704,000";"BR-116/MG";"Decrescente";"Colisão transversal";1;0;0;1;0;0;0;0;0;0;1;0;1;0;0
"15/08/2025";"19:12:00";"396";"Sem vítima";"702,000";"BR-116/MG";"Decrescente";"Colisão lateral em sentido contrário";0;0;0;1;0;1;0;0;0;0;2;0;0;0;0
"15/08/2025";"19:43:00";"400";"Sem vítima";"12,000";"BR-465/RJ";"Crescente";"Colisão lateral no mesmo sentido";1;0;0;1;0;0;0;0;0;0;2;0;0;0;0
"15/08/2025";"23:34:00";"427";"Com vítima";"638,293";"BR-116/MG";"Decrescente";"Tombamento";0;0;1;0;0;0;0;0;0;0;0;0;0;1;0
"15/08/2025";"23:49:00";"428";"Sem vítima";"13,150";"BR-465/RJ";"Crescente";"Saída de pista";1;0;0;0;0;0;0;0;0;0;2;0;0;0;0
"16/08/2025";"00:05:00";"2";"Sem vítima";"48,247";"BR-116/RJ";"Crescente";"Atropelamento de animal";1;0;0;0;0;0;0;0;0;0;1;0;0;0;0
"16/08/2025";"06:49:00";"170";"Sem vítima";"192,433";"BR-116/RJ";"Crescente";"Capotamento";1;0;0;0;0;0;0;0;0;0;1;0;0;0;0
"16/08/2025";"07:16:00";"178";"Sem vítima";"14,500";"BR-493/RJ";"Crescente";"Atropelamento de ciclista";0;1;0;1;0;0;0;0;0;0;1;0;0;0;0
"16/08/2025";"10:44:00";"223";"Sem vítima";"486,000";"BR-116/MG";"Decrescente";"Acidentes de outra natureza";1;0;0;0;0;0;0;0;0;0;2;0;0;0;0
"16/08/2025";"11:48:00";"233";"Com vítima";"122,000";"BR-493/RJ";"Crescente";"Choque";1;0;0;0;0;0;0;0;0;0;0;1;0;0;0
"16/08/2025";"13:09:00";"240";"Com vítima";"607,309";"BR-116/MG";"Decrescente";"Colisão traseira";2;0;0;0;0;0;0;0;0;0;1;0;2;0;0
"16/08/2025";"18:16:00";"293";"Com vítima";"14,600";"BR-465/RJ";"Decrescente";"Atropelamento de pedestre";1;0;0;0;0;0;0;0;0;0;1;0;1;0;0
"16/08/2025";"18:32:00";"302";"Com vítima";"774,000";"BR-116/MG";"Decrescente";"Tombamento";1;0;0;0;0;1;0;0;0;0;0;5;0;0;0
"16/08/2025";"18:47:00";"305";"Com vítima";"179,700";"BR-116/RJ";"Decrescente";"Atropelamento de pedestre";0;0;0;0;0;1;0;0;0;0;1;0;0;0;1
"16/08/2025";"20:45:00";"319";"Com vítima";"124,304";"BR-116/RJ";"Crescente";"Colisão traseira";1;0;0;1;0;0;0;0;0;0;3;0;1;0;1
"17/08/2025";"02:26:00";"22";"Sem vítima";"96,000";"BR-493/RJ";"Decrescente";"Saída de pista";0;0;0;0;0;0;0;0;0;1;1;0;0;0;0
"17/08/2025";"04:42:00";"28";"Com vítima";"183,800";"BR-116/RJ";"Decrescente";"Colisão lateral no mesmo sentido";2;0;0;0;0;0;0;0;0;0;0;2;0;0;0
"17/08/2025";"06:31:00";"33";"Com vítima";"182,000";"BR-116/RJ";"Crescente";"Queda de moto";0;0;0;1;0;0;0;0;0;0;0;1;0;0;0
"17/08/2025";"08:17:00";"48";"Sem vítima";"68,200";"BR-493/RJ";"Crescente";"Capotamento";1;0;0;0;0;0;0;0;0;0;1;0;0;0;0
"17/08/2025";"09:37:00";"61";"Sem vítima";"773,000";"BR-116/MG";"Crescente";"Colisão traseira";1;0;0;1;0;0;0;0;0;0;3;0;0;0;0
"17/08/2025";"09:54:00";"65";"Sem vítima";"89,400";"BR-116/RJ";"Decrescente";"Choque";1;0;0;0;0;0;0;0;0;0;3;0;0;0;0
"17/08/2025";"10:01:00";"67";"Sem vítima";"94,448";"BR-116/RJ";"Decrescente";"Choque";1;0;0;0;0;0;0;0;0;0;2;0;0;0;0
"17/08/2025";"11:49:00";"86";"Sem vítima";"199,484";"BR-116/RJ";"Crescente";"Choque";2;0;0;0;0;0;0;0;0;0;6;0;0;0;0
"17/08/2025";"13:25:00";"105";"Com vítima";"98,721";"BR-116/RJ";"Crescente";"Queda de moto";0;0;0;1;0;0;0;0;0;0;0;1;0;0;0
"17/08/2025";"14:51:00";"122";"Com vítima";"184,850";"BR-116/RJ";"Crescente";"Colisão traseira";1;0;0;1;0;0;0;0;0;0;1;1;0;0;0
"17/08/2025";"15:12:00";"127";"Sem vítima";"782,000";"BR-116/MG";"Decrescente";"Tombamento";0;0;0;0;0;1;0;0;0;0;1;0;0;0;0
"17/08/2025";"17:09:00";"151";"Sem vítima";"144,289";"BR-116/RJ";"Crescente";"Queda de moto";0;0;0;1;0;0;0;0;0;0;2;0;0;0;0
"17/08/2025";"18:49:00";"172";"Sem vítima";"755,000";"BR-116/MG";"Crescente";"Colisão lateral em sentido contrário";1;0;1;0;0;0;0;0;0;0;2;0;0;0;0
"17/08/2025";"18:54:00";"173";"Com vítima";"193,500";"BR-116/RJ";"Decrescente";"Engavetamento";2;0;0;0;0;1;0;0;0;0;2;0;1;0;0
"17/08/2025";"21:43:00";"193";"Com vítima";"4,000";"BR-493/RJ";"Crescente";"Saída de pista";1;0;0;0;0;0;0;0;0;0;0;1;0;0;0
"17/08/2025";"21:49:00";"195";"Sem vítima";"675,000";"BR-116/MG";"Decrescente";"Saída de pista";1;0;0;0;0;0;0;0;0;0;1;0;0;0;0
"17/08/2025";"22:42:00";"200";"Sem vítima";"518,000";"BR-116/MG";"Decrescente";"Saída de pista";1;0;0;0;0;0;0;0;0;0;2;0;0;0;0
"17/08/2025";"23:21:00";"207";"Com vítima";"19,950";"BR-465/RJ";"Decrescente";"Colisão transversal";3;0;0;0;0;0;0;0;0;0;3;2;0;0;0
"17/08/2025";"23:38:00";"209";"Sem vítima";"183,000";"BR-116/RJ";"Decrescente";"Colisão traseira";1;0;0;1;0;0;0;0;0;0;2;0;0;0;0
"17/08/2025";"23:58:00";"210";"Sem vítima";"2,698";"BR-493/RJ";"Decrescente";"Colisão traseira";1;0;0;0;0;1;0;0;0;0;3;0;0;0;0
"18/08/2025";"04:38:00";"198";"Sem vítima";"204,000";"BR-116/RJ";"Crescente";"Atropelamento de animal";1;0;0;0;0;0;0;0;0;0;1;0;0;0;0
"18/08/2025";"07:27:00";"214";"Sem vítima";"105,000";"BR-116/RJ";"Crescente";"Choque";1;0;0;0;0;0;0;0;0;0;5;0;0;0;0
"18/08/2025";"08:14:00";"226";"Com vítima";"25,000";"BR-493/RJ";"Decrescente";"Colisão transversal";1;0;0;0;0;1;0;0;0;0;1;1;0;0;0
"18/08/2025";"08:34:00";"231";"Com vítima";"113,000";"BR-116/RJ";"Decrescente";"Colisão traseira";1;0;0;1;0;0;0;0;0;0;1;1;0;0;0
"18/08/2025";"10:02:00";"248";"Sem vítima";"12,000";"BR-493/RJ";"Decrescente";"Colisão traseira";0;0;0;1;0;1;0;0;0;0;2;0;0;0;0
"18/08/2025";"10:53:00";"256";"Com vítima";"2,900";"BR-465/RJ";"Decrescente";"Colisão lateral em sentido contrário";1;0;0;1;0;0;0;0;0;0;1;0;1;0;0
"18/08/2025";"11:48:00";"265";"Com vítima";"186,000";"BR-116/RJ";"Crescente";"Queda de moto";0;0;0;1;0;0;0;0;0;0;0;2;0;0;0
"18/08/2025";"15:56:00";"311";"Sem vítima";"450,557";"BR-116/MG";"Decrescente";"Colisão traseira";0;0;1;0;0;1;0;0;0;0;3;0;0;0;0
"18/08/2025";"16:03:00";"314";"Com vítima";"173,000";"BR-116/RJ";"Crescente";"Queda de moto";0;0;0;1;0;0;0;0;0;0;0;1;0;0;0
"18/08/2025";"21:04:00";"369";"Sem vítima";"605,500";"BR-116/MG";"Decrescente";"Colisão traseira";1;0;0;0;0;1;0;0;0;0;2;0;0;0;0
"19/08/2025";"02:42:00";"184";"Sem vítima";"523,000";"BR-116/MG";"Decrescente";"Colisão traseira";0;0;0;0;0;2;0;0;0;0;2;0;0;0;0
"19/08/2025";"05:58:00";"210";"Com vítima";"125,000";"BR-116/RJ";"Crescente";"Colisão traseira";0;0;0;1;0;1;0;0;0;0;1;0;1;0;0
"19/08/2025";"06:31:00";"213";"Sem vítima";"143,000";"BR-116/RJ";"Crescente";"Queda de moto";1;0;0;1;0;0;0;0;0;0;2;0;0;0;0
"19/08/2025";"06:49:00";"216";"Sem vítima";"185,000";"BR-116/RJ";"Crescente";"Colisão traseira";1;0;0;1;0;0;0;0;0;0;2;0;0;0;0
"19/08/2025";"08:29:00";"233";"Com vítima";"68,000";"BR-493/RJ";"Crescente";"Capotamento";1;0;1;0;0;0;0;0;0;0;0;2;0;0;0
"19/08/2025";"12:22:00";"268";"Com vítima";"148,000";"BR-116/RJ";"Decrescente";"Queda de moto";0;0;0;1;0;0;0;0;0;0;0;1;0;0;0
"19/08/2025";"17:19:00";"324";"Sem vítima";"521,000";"BR-116/MG";"Crescente";"Engavetamento";3;0;0;0;0;0;0;0;0;0;3;0;0;0;0
"19/08/2025";"19:06:00";"347";"Sem vítima";"69,000";"BR-493/RJ";"Decrescente";"Saída de pista";1;0;0;0;0;0;0;0;0;0;1;0;0;0;0
"19/08/2025";"20:32:00";"360";"Com vítima";"412,120";"BR-116/MG";"Crescente";"Atropelamento de ciclista";0;1;0;1;0;0;0;0;0;0;0;1;0;0;0
"20/08/2025";"00:10:00";"23";"Com vítima";"656,797";"BR-116/MG";"Decrescente";"Tombamento";0;0;0;0;0;1;0;0;0;0;0;1;0;0;0
"20/08/2025";"04:40:00";"215";"Com vítima";"20,900";"BR-116/RJ";"Decrescente";"Colisão frontal";1;0;1;0;0;0;0;0;0;0;1;0;0;0;1
"20/08/2025";"06:31:00";"226";"Sem vítima";"814,438";"BR-116/MG";"Crescente";"Choque";0;0;0;0;0;0;0;0;0;1;2;0;0;0;0
"20/08/2025";"09:29:00";"258";"Sem vítima";"8,000";"BR-493/RJ";"Decrescente";"Colisão traseira";1;0;1;0;0;0;0;0;0;0;2;0;0;0;0
"20/08/2025";"12:22:00";"287";"Com vítima";"3,000";"BR-493/RJ";"Crescente";"Queda de moto";0;0;0;1;0;0;0;0;0;0;0;2;0;0;0
"20/08/2025";"15:28:00";"316";"Com vítima";"24,385";"BR-493/RJ";"Decrescente";"Colisão transversal";1;0;0;1;0;0;0;0;0;0;1;1;0;0;0
"20/08/2025";"16:12:00";"328";"Com vítima";"201,499";"BR-116/RJ";"Decrescente";"Colisão lateral no mesmo sentido";1;0;0;1;0;0;0;0;0;0;2;1;0;0;0
"20/08/2025";"16:36:00";"335";"Com vítima";"198,059";"BR-116/RJ";"Crescente";"Queda de moto";0;0;0;1;0;0;0;0;0;0;1;1;0;0;0
"20/08/2025";"18:19:00";"354";"Com vítima";"16,000";"BR-465/RJ";"Crescente";"Atropelamento de pedestre";0;0;0;0;0;1;0;0;0;0;1;0;1;0;0
"20/08/2025";"18:46:00";"359";"Sem vítima";"648,000";"BR-116/MG";"Crescente";"Atropelamento de animal";1;0;0;0;0;0;0;0;0;0;1;0;0;0;0
"20/08/2025";"19:00:00";"362";"Com vítima";"5,000";"BR-493/RJ";"Crescente";"Atropelamento de pedestre";0;0;1;0;0;0;0;0;0;0;2;0;0;0;1
"20/08/2025";"19:12:00";"364";"Com vítima";"146,177";"BR-116/RJ";"Decrescente";"Colisão traseira";1;0;0;1;0;0;0;0;0;0;1;1;0;0;0
"20/08/2025";"19:42:00";"370";"Com vítima";"175,200";"BR-116/RJ";"Crescente";"Colisão lateral no mesmo sentido";0;0;0;1;0;1;0;0;0;0;1;1;0;0;0
"21/08/2025";"01:40:00";"143";"Sem vítima";"174,800";"BR-116/RJ";"Crescente";"Choque";1;0;0;0;0;0;0;0;0;0;1;0;0;0;0
"21/08/2025";"03:12:00";"205";"Com vítima";"748,600";"BR-116/MG";"Crescente";"Capotamento";1;0;0;0;0;0;0;0;0;0;1;0;2;0;0
"21/08/2025";"03:16:00";"206";"Sem vítima";"205,000";"BR-116/RJ";"Decrescente";"Choque";0;0;0;0;0;1;0;0;0;0;1;0;0;0;0
"21/08/2025";"03:53:00";"217";"Com vítima";"177,980";"BR-116/RJ";"Decrescente";"Atropelamento de pedestre";1;0;0;0;0;0;0;0;0;0;1;0;0;0;1
"21/08/2025";"05:10:00";"224";"Sem vítima";"815,988";"BR-116/MG";"Decrescente";"Choque";0;0;0;0;0;1;0;0;0;0;1;0;0;0;0
"21/08/2025";"08:11:00";"244";"Com vítima";"20,500";"BR-465/RJ";"Crescente";"Colisão transversal";1;0;0;1;0;0;0;0;0;0;1;0;2;0;0
"21/08/2025";"13:26:00";"300";"Sem vítima";"93,750";"BR-116/RJ";"Crescente";"Choque";1;0;0;0;0;0;0;0;0;0;2;0;0;0;0
"21/08/2025";"16:51:00";"341";"Com vítima";"415,754";"BR-116/MG";"Crescente";"Colisão traseira";1;0;1;0;0;0;0;0;0;0;1;1;0;0;0
"21/08/2025";"17:33:00";"349";"Sem vítima";"91,900";"BR-116/RJ";"Decrescente";"Colisão lateral em sentido contrário";2;0;0;0;0;0;0;0;0;0;3;0;0;0;0
"21/08/2025";"18:57:00";"366";"Sem vítima";"21,900";"BR-465/RJ";"Crescente";"Colisão lateral no mesmo sentido";1;0;0;0;0;1;0;0;0;0;2;0;0;0;0
"21/08/2025";"19:10:00";"370";"Com vítima";"459,000";"BR-116/MG";"Decrescente";"Atropelamento de ciclista";0;1;0;1;0;0;0;0;0;0;0;1;0;0;0
"21/08/2025";"20:17:00";"378";"Com vítima";"113,989";"BR-493/RJ";"Crescente";"Queda de moto";0;0;0;1;0;0;0;0;0;0;0;1;0;0;0
"21/08/2025";"23:12:00";"398";"Sem vítima";"112,600";"BR-493/RJ";"Decrescente";"Choque";1;0;0;0;0;0;0;0;0;0;1;0;0;0;0
"21/08/2025";"23:29:00";"400";"Com vítima";"623,000";"BR-116/MG";"Decrescente";"Acidentes de outra natureza";1;0;0;0;0;0;0;0;0;0;0;1;0;0;0
"22/08/2025";"04:39:00";"213";"Sem vítima";"770,000";"BR-116/MG";"Crescente";"Saída de pista";1;0;0;0;0;0;0;0;0;0;1;0;0;0;0
"22/08/2025";"05:35:00";"215";"Sem vítima";"814,000";"BR-116/MG";"Decrescente";"Atropelamento de animal";0;0;1;0;0;0;0;0;0;0;1;0;0;0;0
"22/08/2025";"05:53:00";"218";"Com vítima";"187,000";"BR-116/RJ";"Decrescente";"Engavetamento";1;0;0;0;0;1;0;0;0;0;2;1;0;0;0
"22/08/2025";"06:10:00";"221";"Sem vítima";"698,331";"BR-116/MG";"Decrescente";"Atropelamento de animal";1;0;0;0;0;0;0;0;0;0;1;0;0;0;0
"22/08/2025";"06:16:00";"222";"Sem vítima";"176,000";"BR-116/RJ";"Decrescente";"Colisão traseira";2;0;0;0;0;0;0;0;0;0;3;0;0;0;0
"22/08/2025";"06:48:00";"231";"Sem vítima";"138,000";"BR-116/RJ";"Decrescente";"Colisão lateral no mesmo sentido";1;0;1;0;0;0;0;0;0;0;2;0;0;0;0
"22/08/2025";"08:50:00";"258";"Sem vítima";"751,000";"BR-116/MG";"Decrescente";"Colisão lateral no mesmo sentido";1;0;0;0;0;0;0;0;0;1;5;0;0;0;0
"22/08/2025";"11:30:00";"293";"Sem vítima";"147,000";"BR-116/RJ";"Crescente";"Colisão lateral no mesmo sentido";1;0;0;0;0;1;0;0;0;0;2;0;0;0;0
"22/08/2025";"16:14:00";"353";"Sem vítima";"25,000";"BR-493/RJ";"Decrescente";"Colisão lateral no mesmo sentido";1;0;1;0;0;0;0;0;0;0;2;0;0;0;0
"22/08/2025";"17:08:00";"362";"Com vítima";"704,000";"BR-116/MG";"Crescente";"Colisão lateral no mesmo sentido";1;0;0;1;0;0;0;0;0;0;1;1;0;0;0
"22/08/2025";"18:32:00";"383";"Sem vítima";"574,000";"BR-116/MG";"Crescente";"Choque";0;0;0;1;0;0;0;0;0;0;1;0;0;0;0
"22/08/2025";"18:39:00";"387";"Com vítima";"3,000";"BR-465/RJ";"Decrescente";"Colisão traseira";2;0;0;0;0;0;0;0;0;0;0;3;0;0;0
"22/08/2025";"18:53:00";"390";"Sem vítima";"539,850";"BR-116/MG";"Crescente";"Choque";0;0;1;0;0;0;0;0;0;0;1;0;0;0;0
"22/08/2025";"19:27:00";"398";"Com vítima";"125,100";"BR-116/RJ";"Decrescente";"Queda de moto";0;0;0;1;0;0;0;0;0;0;0;0;2;0;0
"22/08/2025";"19:39:00";"403";"Sem vítima";"119,800";"BR-116/RJ";"Decrescente";"Colisão lateral no mesmo sentido";2;0;0;0;0;0;0;0;0;0;6;0;0;0;0
"23/08/2025";"00:07:00";"9";"Com vítima";"108,400";"BR-116/RJ";"Decrescente";"Choque";1;0;0;0;0;0;0;0;0;0;0;0;1;0;0
"23/08/2025";"01:36:00";"110";"Sem vítima";"695,000";"BR-116/MG";"Decrescente";"Capotamento";1;0;0;0;0;0;0;0;0;0;1;0;0;0;0
"23/08/2025";"05:08:00";"181";"Com vítima";"146,850";"BR-116/RJ";"Crescente";"Colisão traseira";1;0;1;0;0;0;0;0;0;0;1;0;0;0;1
"23/08/2025";"06:29:00";"192";"Com vítima";"193,700";"BR-116/RJ";"Crescente";"Engavetamento";2;0;0;0;0;1;0;0;0;0;2;1;0;0;0
"23/08/2025";"09:00:00";"217";"Com vítima";"143,000";"BR-116/RJ";"Crescente";"Colisão lateral no mesmo sentido";1;0;0;1;0;0;0;0;0;0;2;0;1;0;0
"23/08/2025";"09:33:00";"225";"Com vítima";"146,000";"BR-116/RJ";"Decrescente";"Queda de moto";0;0;0;1;0;0;0;0;0;1;1;2;0;0;0
"23/08/2025";"11:11:00";"238";"Sem vítima";"551,000";"BR-116/MG";"Decrescente";"Queda de moto";0;0;0;1;0;0;0;0;0;0;1;0;0;0;0
"23/08/2025";"15:17:00";"293";"Sem vítima";"23,000";"BR-493/RJ";"Decrescente";"Colisão traseira";2;0;0;0;0;0;0;0;0;0;8;0;0;0;0
"23/08/2025";"16:36:00";"318";"Com vítima";"95,948";"BR-493/RJ";"Crescente";"Colisão traseira";1;0;0;1;0;0;0;0;0;0;1;0;1;0;0
"23/08/2025";"17:35:00";"333";"Com vítima";"196,000";"BR-116/RJ";"Crescente";"Choque";1;0;0;0;0;0;0;0;0;0;0;1;0;0;0
"23/08/2025";"19:17:00";"348";"Com vítima";"177,000";"BR-116/RJ";"Crescente";"Colisão traseira";2;0;0;0;0;0;0;0;0;0;0;3;0;0;0