data;horario;n_da_ocorrencia;tipo_de_ocorrencia;km;trecho;sentido;tipo_de_acidente;automovel;bicicleta;caminhao;moto;onibus;outros;tracao_animal;transporte_de_cargas_especiais;trator_maquinas;utilitarios;ilesos;levemente_feridos;moderadamente_feridos;gravemente_feridos;mortos
"03/09/2025";"07:04:00";"215";"Sem vítima";"211,000";"BR-116/RJ";"Decrescente";"Colisão traseira";0;0;0;0;0;2;0;0;0;0;2;0;0;0;0
"03/09/2025";"07:36:00";"221";"Com vítima";"171,000";"BR-116/RJ";"Decrescente";"Colisão traseira";1;0;0;1;0;0;0;0;0;0;1;1;0;0;0
"03/09/2025";"08:09:00";"229";"Com vítima";"146,000";"BR-116/RJ";"Crescente";"Queda de moto";0;0;0;1;0;0;0;0;0;0;0;1;0;0;0
"03/09/2025";"10:06:00";"254";"Sem vítima";"97,751";"BR-116/RJ";"Crescente";"Choque";0;0;0;0;0;2;0;0;0;0;2;0;0;0;0
"03/09/2025";"10:58:00";"264";"Com vítima";"184,427";"BR-116/RJ";"Decrescente";"Queda de moto";0;0;0;1;0;0;0;0;0;0;0;2;0;0;0
"03/09/2025";"11:09:00";"267";"Sem vítima";"136,664";"BR-116/RJ";"Decrescente";"Choque";1;0;0;0;0;0;0;0;0;0;1;0;0;0;0
"03/09/2025";"12:55:00";"285";"Sem vítima";"169,400";"BR-116/RJ";"Crescente";"Choque";0;0;1;0;0;0;0;0;0;0;2;0;0;0;0
"03/09/2025";"13:58:00";"293";"Sem vítima";"577,000";"BR-116/MG";"Decrescente";"Choque";1;0;0;0;0;0;0;0;0;0;1;0;0;0;0
"03/09/2025";"18:34:00";"335";"Com vítima";"78,000";"BR-493/RJ";"Decrescente";"Atropelamento de animal";1;0;0;0;0;0;0;0;0;0;0;4;0;0;0
"03/09/2025";"19:16:00";"346";"Com vítima";"38,000";"BR-116/RJ";"Decrescente";"Queda de moto";0;0;0;1;0;0;0;0;0;0;0;1;0;0;0
"03/09/2025";"20:47:00";"357";"Com vítima";"184,000";"BR-116/RJ";"Crescente";"Colisão lateral no mesmo sentido";1;0;0;1;0;0;0;0;0;0;1;1;0;0;0
"03/09/2025";"22:33:00";"367";"Sem vítima";"188,400";"BR-116/RJ";"Crescente";"Colisão lateral no mesmo sentido";1;0;0;0;0;1;0;0;0;0;2;0;0;0;0
"04/09/2025";"06:31:00";"16";"Sem vítima";"0,742";"BR-465/RJ";"Crescente";"Colisão lateral no mesmo sentido";1;0;0;0;0;0;0;0;0;1;2;0;0;0;0
"04/09/2025";"08:56:00";"41";"Sem vítima";"688,614";"BR-116/MG";"Decrescente";"Tombamento";0;0;1;0;0;0;0;0;0;0;1;0;0;0;0
"04/09/2025";"08:59:00";"43";"Com vítima";"186,524";"BR-116/RJ";"Decrescente";"Colisão traseira";1;0;0;1;0;0;0;0;0;0;1;0;0;1;0
"04/09/2025";"13:04:00";"86";"Sem vítima";"174,229";"BR-116/RJ";"Crescente";"Colisão traseira";1;0;0;0;0;1;0;0;0;0;2;0;0;0;0
"04/09/2025";"13:28:00";"93";"Sem vítima";"97,000";"BR-116/RJ";"Crescente";"Choque";0;0;1;0;1;0;0;0;0;0;25;0;0;0;0
"04/09/2025";"14:52:00";"104";"Com vítima";"141,439";"BR-116/RJ";"Decrescente";"Atropelamento de animal";1;0;0;0;0;1;0;0;0;0;1;0;0;0;1
"04/09/2025";"18:06:00";"135";"Com vítima";"181,000";"BR-116/RJ";"Decrescente";"Colisão lateral no mesmo sentido";2;0;0;0;0;0;0;0;0;0;3;1;0;0;0
"04/09/2025";"19:35:00";"148";"Sem vítima";"477,785";"BR-116/MG";"Crescente";"Colisão lateral no mesmo sentido";0;0;1;0;0;1;0;0;0;0;2;0;0;0;0
"04/09/2025";"20:14:00";"152";"Com vítima";"19,000";"BR-493/RJ";"Decrescente";"Colisão lateral no mesmo sentido";2;0;0;0;0;0;0;0;0;0;0;2;0;0;0
"04/09/2025";"21:53:00";"163";"Sem vítima";"192,000";"BR-116/RJ";"Crescente";"Colisão traseira";1;0;0;0;0;1;0;0;0;0;2;0;0;0;0
"05/09/2025";"00:53:00";"114";"Com vítima";"502,209";"BR-116/MG";"Crescente";"Capotamento";1;0;0;0;0;0;0;0;0;0;0;0;0;1;1
"05/09/2025";"06:20:00";"239";"Sem vítima";"172,000";"BR-116/RJ";"Crescente";"Colisão lateral no mesmo sentido";1;0;1;0;0;0;0;0;0;0;2;0;0;0;0
"05/09/2025";"07:05:00";"244";"Com vítima";"1,500";"BR-493/RJ";"Crescente";"Tombamento";0;0;1;0;0;0;0;0;0;0;0;0;0;1;0
"05/09/2025";"07:42:00";"251";"Sem vítima";"550,000";"BR-116/MG";"Decrescente";"Colisão lateral no mesmo sentido";1;0;1;0;0;0;0;0;0;0;2;0;0;0;0
"05/09/2025";"07:48:00";"252";"Sem vítima";"607,000";"BR-116/MG";"Decrescente";"Colisão lateral em sentido contrário";1;0;0;0;0;1;0;0;0;0;2;0;0;0;0
"05/09/2025";"08:09:00";"256";"Sem vítima";"413,000";"BR-116/MG";"Decrescente";"Colisão traseira";1;0;0;0;0;1;0;0;0;0;2;0;0;0;0
"05/09/2025";"13:48:00";"316";"Sem vítima";"7,000";"BR-465/RJ";"Crescente";"Colisão transversal";2;0;0;0;0;0;0;0;0;0;2;0;0;0;0
"05/09/2025";"13:48:00";"317";"Com vítima";"15,000";"BR-465/RJ";"Crescente";"Atropelamento de ciclista";1;1;0;0;0;0;0;0;0;0;1;0;0;0;0
"05/09/2025";"15:16:00";"326";"Com vítima";"809,738";"BR-116/MG";"Decrescente";"Tombamento";0;0;0;0;0;1;0;0;0;0;0;2;0;0;0
"05/09/2025";"15:25:00";"331";"Com vítima";"110,000";"BR-116/RJ";"Crescente";"Colisão traseira";1;0;0;1;0;0;0;0;0;0;1;1;0;0;0
"05/09/2025";"15:30:00";"332";"Com vítima";"765,000";"BR-116/MG";"Crescente";"Colisão transversal";1;0;0;1;0;0;0;0;0;0;2;1;0;0;0
"05/09/2025";"16:08:00";"342";"Sem vítima";"183,000";"BR-116/RJ";"Crescente";"Colisão traseira";1;0;0;0;0;1;0;0;0;0;3;0;0;0;0
"05/09/2025";"16:22:00";"344";"Com vítima";"524,000";"BR-116/MG";"Crescente";"Colisão lateral no mesmo sentido";1;0;0;1;0;0;0;0;0;0;1;2;0;0;0
"05/09/2025";"18:29:00";"363";"Com vítima";"181,000";"BR-116/RJ";"Decrescente";"Atropelamento de pedestre";0;0;0;0;0;1;0;0;0;0;1;0;0;0;1
"05/09/2025";"18:36:00";"364";"Sem vítima";"96,000";"BR-493/RJ";"Decrescente";"Saída de pista";1;0;0;0;0;0;0;0;0;0;2;0;0;0;0
"05/09/2025";"18:42:00";"367";"Com vítima";"24,000";"BR-493/RJ";"Decrescente";"Colisão lateral em sentido contrário";0;0;1;1;0;0;0;0;0;0;1;0;1;0;0
"05/09/2025";"18:43:00";"368";"Com vítima";"62,000";"BR-493/RJ";"Decrescente";"Atropelamento de animal";0;0;0;1;0;0;0;0;0;0;0;0;2;0;0
"05/09/2025";"19:50:00";"383";"Com vítima";"505,000";"BR-116/MG";"Decrescente";"Colisão traseira";1;0;0;0;0;1;0;0;0;0;1;1;0;0;0
"05/09/2025";"20:20:00";"387";"Sem vítima";"2,000";"BR-493/RJ";"Crescente";"Choque";1;0;0;0;0;0;0;0;0;0;5;0;0;0;0
"05/09/2025";"20:37:00";"390";"Sem vítima";"173,000";"BR-116/RJ";"Crescente";"Colisão traseira";1;0;0;0;0;1;0;0;0;0;2;0;0;0;0
"05/09/2025";"21:00:00";"393";"Sem vítima";"106,000";"BR-493/RJ";"Decrescente";"Capotamento";1;0;0;0;0;0;0;0;0;0;1;0;0;0;0
"05/09/2025";"21:16:00";"395";"Sem vítima";"174,800";"BR-116/RJ";"Crescente";"Colisão traseira";1;0;0;0;0;1;0;0;0;0;6;0;0;0;0
"05/09/2025";"23:26:00";"419";"Com vítima";"416,754";"BR-116/MG";"Crescente";"Atropelamento de animal";0;0;0;1;0;0;0;0;0;0;0;0;1;0;0
"06/09/2025";"00:52:00";"120";"Com vítima";"492,000";"BR-116/MG";"Crescente";"Capotamento";1;0;0;0;0;0;0;0;0;0;0;0;0;1;0
"06/09/2025";"04:04:00";"151";"Com vítima";"182,100";"BR-116/RJ";"Crescente";"Colisão traseira";1;0;0;1;0;0;0;0;0;0;1;0;0;0;1
"06/09/2025";"07:02:00";"165";"Com vítima";"209,374";"BR-116/RJ";"Crescente";"Capotamento";1;0;0;0;0;0;0;0;0;0;1;1;0;0;0
"06/09/2025";"07:06:00";"167";"Com vítima";"645,000";"BR-116/MG";"Decrescente";"Queda de moto";0;0;0;1;0;0;0;0;0;0;0;1;0;0;0
"06/09/2025";"07:14:00";"168";"Sem vítima";"105,000";"BR-493/RJ";"Decrescente";"Saída de pista";1;0;0;0;0;0;0;0;0;0;1;0;0;0;0
"06/09/2025";"07:47:00";"173";"Sem vítima";"185,000";"BR-116/RJ";"Crescente";"Colisão lateral no mesmo sentido";2;0;0;0;0;0;0;0;0;0;2;0;0;0;0
"06/09/2025";"09:58:00";"198";"Com vítima";"141,000";"BR-116/RJ";"Decrescente";"Queda de moto";0;0;0;1;0;0;0;0;0;0;0;1;1;0;0
"06/09/2025";"10:47:00";"205";"Sem vítima";"711,400";"BR-116/MG";"Decrescente";"Colisão traseira";2;0;0;0;0;0;0;0;0;0;2;0;0;0;0
"06/09/2025";"11:57:00";"222";"Com vítima";"98,729";"BR-116/RJ";"Decrescente";"Colisão frontal";2;0;0;0;0;0;0;0;0;0;0;3;2;0;0
"06/09/2025";"13:48:00";"246";"Sem vítima";"90,000";"BR-116/RJ";"Decrescente";"Colisão lateral em sentido contrário";2;0;0;0;0;0;0;0;0;0;3;0;0;0;0
"06/09/2025";"13:52:00";"248";"Com vítima";"174,000";"BR-116/RJ";"Decrescente";"Queda de moto";0;0;0;1;0;0;0;0;0;0;0;1;0;0;0
"06/09/2025";"14:26:00";"254";"Sem vítima";"18,000";"BR-493/RJ";"Crescente";"Colisão transversal";2;0;0;0;0;0;0;0;0;0;5;0;0;0;0
"06/09/2025";"14:59:00";"256";"Sem vítima";"90,000";"BR-116/RJ";"Decrescente";"Choque";0;0;1;0;0;0;0;0;0;0;4;0;0;0;0
"06/09/2025";"15:38:00";"261";"Sem vítima";"99,000";"BR-116/RJ";"Crescente";"Colisão lateral em sentido contrário";4;0;0;0;0;0;0;0;0;0;12;0;0;0;0
"06/09/2025";"16:20:00";"267";"Com vítima";"13,700";"BR-465/RJ";"Crescente";"Colisão transversal";0;1;1;0;0;0;0;0;0;0;1;0;0;0;0
"06/09/2025";"17:03:00";"274";"Com vítima";"142,000";"BR-116/RJ";"Crescente";"Queda de moto";0;0;0;1;0;0;0;0;0;0;0;0;1;0;0
"06/09/2025";"18:36:00";"289";"Com vítima";"690,000";"BR-116/MG";"Crescente";"Colisão traseira";2;0;0;0;0;0;0;0;0;0;0;4;0;0;0
"06/09/2025";"19:20:00";"302";"Sem vítima";"175,000";"BR-116/RJ";"Decrescente";"Colisão lateral no mesmo sentido";2;0;0;0;0;0;0;0;0;0;3;0;0;0;0
"06/09/2025";"20:05:00";"310";"Com vítima";"18,700";"BR-493/RJ";"Decrescente";"Atropelamento de ciclista";0;1;0;1;0;0;0;0;0;0;0;0;0;0;1
"06/09/2025";"20:17:00";"311";"Com vítima";"119,180";"BR-116/RJ";"Decrescente";"Choque";1;0;0;0;1;0;0;0;0;0;1;1;0;0;0
"06/09/2025";"20:59:00";"316";"Sem vítima";"60,275";"BR-493/RJ";"Crescente";"Capotamento";2;0;0;0;0;0;0;0;0;0;2;0;0;0;0
"06/09/2025";"21:40:00";"323";"Com vítima";"410,000";"BR-116/MG";"Decrescente";"Colisão lateral em sentido contrário";0;0;0;2;0;0;0;0;0;0;0;0;2;0;0
"06/09/2025";"22:14:00";"327";"Com vítima";"140,700";"BR-116/RJ";"Decrescente";"Atropelamento de pedestre";0;0;0;0;0;1;0;0;0;0;1;0;0;0;1
"06/09/2025";"23:04:00";"332";"Sem vítima";"703,000";"BR-116/MG";"Crescente";"Colisão lateral em sentido contrário";2;0;0;0;0;0;0;0;0;0;2;0;0;0;0
"07/09/2025";"02:27:00";"34";"Com vítima";"184,000";"BR-116/RJ";"Decrescente";"Queda de moto";0;0;0;1;0;0;0;0;0;0;0;2;0;0;0
"07/09/2025";"03:41:00";"40";"Sem vítima";"107,000";"BR-116/RJ";"Decrescente";"Colisão traseira";2;0;0;0;0;0;0;0;0;0;3;0;0;0;0
"07/09/2025";"06:10:00";"50";"Sem vítima";"129,000";"BR-116/RJ";"Decrescente";"Choque";0;0;0;0;0;0;0;0;0;1;2;0;0;0;0
"07/09/2025";"06:12:00";"49";"Sem vítima";"187,500";"BR-116/RJ";"Decrescente";"Colisão lateral no mesmo sentido";1;0;0;0;0;0;0;0;0;1;3;0;0;0;0
"07/09/2025";"06:53:00";"52";"Sem vítima";"79,000";"BR-116/RJ";"Crescente";"Choque";1;0;0;0;0;0;0;0;0;0;1;0;0;0;0
"07/09/2025";"07:40:00";"56";"Sem vítima";"98,000";"BR-116/RJ";"Crescente";"Capotamento";1;0;0;0;0;0;0;0;0;0;1;0;0;0;0
"07/09/2025";"08:41:00";"60";"Com vítima";"592,795";"BR-116/MG";"Decrescente";"Queda de moto";0;0;0;1;0;0;0;0;0;0;0;0;0;2;0
"07/09/2025";"08:59:00";"67";"Com vítima";"746,000";"BR-116/MG";"Decrescente";"Capotamento";1;0;0;0;0;0;0;0;0;0;0;0;1;0;0
"07/09/2025";"11:36:00";"83";"Com vítima";"173,000";"BR-116/RJ";"Crescente";"Queda de moto";0;0;0;1;0;0;0;0;0;0;0;1;0;0;0
"07/09/2025";"15:48:00";"130";"Sem vítima";"413,000";"BR-116/MG";"Decrescente";"Choque";1;0;0;0;0;0;0;0;0;0;1;0;0;0;0
"07/09/2025";"18:48:00";"171";"Com vítima";"731,950";"BR-116/MG";"Decrescente";"Choque";1;0;0;0;0;0;0;0;0;0;0;0;2;0;0
"07/09/2025";"19:21:00";"181";"Com vítima";"177,000";"BR-116/RJ";"Crescente";"Queda de moto";0;0;0;1;0;0;0;0;0;0;0;1;0;0;0
"07/09/2025";"19:44:00";"184";"Com vítima";"414,000";"BR-116/MG";"Crescente";"Colisão traseira";0;0;1;1;0;0;0;0;0;0;1;0;2;0;0
"07/09/2025";"19:50:00";"185";"Sem vítima";"178,000";"BR-116/RJ";"Crescente";"Colisão traseira";2;0;0;0;0;0;0;0;0;0;2;0;0;0;0
"07/09/2025";"20:09:00";"188";"Sem vítima";"118,000";"BR-116/RJ";"Decrescente";"Atropelamento de animal";1;0;0;0;0;0;0;0;0;0;2;0;0;0;0
"08/09/2025";"00:07:00";"14";"Sem vítima";"100,600";"BR-116/RJ";"Crescente";"Choque";1;0;0;0;0;0;0;0;0;0;5;0;0;0;0
"08/09/2025";"03:13:00";"144";"Sem vítima";"5,980";"BR-465/RJ";"Decrescente";"Choque";1;0;0;0;0;0;0;0;0;0;1;0;0;0;0
"08/09/2025";"03:16:00";"145";"Com vítima";"111,500";"BR-116/RJ";"Decrescente";"Colisão frontal";1;0;0;1;0;0;0;0;0;0;1;1;0;0;0
"08/09/2025";"05:05:00";"159";"Sem vítima";"128,000";"BR-116/RJ";"Crescente";"Colisão lateral no mesmo sentido";2;0;0;0;0;0;0;0;0;0;2;0;0;0;0
"08/09/2025";"09:10:00";"197";"Sem vítima";"19,000";"BR-493/RJ";"Crescente";"Colisão traseira";2;0;0;0;0;0;0;0;0;0;2;0;0;0;0
"08/09/2025";"12:35:00";"227";"Sem vítima";"138,869";"BR-116/RJ";"Crescente";"Choque";1;0;0;0;0;0;0;0;0;0;2;0;0;0;0
"08/09/2025";"12:43:00";"230";"Com vítima";"701,811";"BR-116/MG";"Decrescente";"Colisão transversal";1;0;0;1;0;0;0;0;0;0;1;0;1;0;0
"08/09/2025";"13:42:00";"235";"Sem vítima";"499,264";"BR-116/MG";"Crescente";"Engavetamento";3;0;0;0;0;0;0;0;0;0;3;0;0;0;0
"08/09/2025";"16:31:00";"261";"Sem vítima";"744,191";"BR-116/MG";"Crescente";"Colisão lateral em sentido contrário";1;0;0;0;0;0;0;0;0;1;4;0;0;0;0
"08/09/2025";"16:41:00";"264";"Sem vítima";"134,309";"BR-116/RJ";"Decrescente";"Colisão lateral no mesmo sentido";0;0;0;0;0;2;0;0;0;0;2;0;0;0;0
"08/09/2025";"17:08:00";"267";"Com vítima";"651,260";"BR-116/MG";"Crescente";"Colisão transversal";2;0;0;0;0;0;0;0;0;0;1;1;0;0;0
"08/09/2025";"17:30:00";"269";"Sem vítima";"198,095";"BR-116/RJ";"Decrescente";"Engavetamento";5;0;0;0;0;0;0;0;0;0;5;0;0;0;0
"08/09/2025";"17:36:00";"271";"Com vítima";"417,051";"BR-116/MG";"Decrescente";"Colisão frontal";1;0;0;1;0;0;0;0;0;0;1;1;0;0;0
"08/09/2025";"18:16:00";"275";"Com vítima";"528,000";"BR-116/MG";"Decrescente";"Colisão traseira";1;0;0;1;0;0;0;0;0;0;2;2;0;0;0
"08/09/2025";"22:19:00";"313";"Com vítima";"412,000";"BR-116/MG";"Decrescente";"Colisão traseira";0;0;0;2;0;0;0;0;0;0;1;1;0;0;0
"09/09/2025";"04:15:00";"202";"Sem vítima";"189,000";"BR-116/RJ";"Decrescente";"Choque";1;0;0;0;0;0;0;0;0;1;2;0;0;0;0
"09/09/2025";"06:01:00";"208";"Sem vítima";"137,000";"BR-116/RJ";"Decrescente";"Queda de moto";0;0;0;1;0;0;0;0;0;0;1;0;0;0;0
"09/09/2025";"07:10:00";"213";"Sem vítima";"7,000";"BR-493/RJ";"Decrescente";"Queda de moto";0;0;1;1;0;0;0;0;0;0;2;0;0;0;0
"09/09/2025";"07:49:00";"222";"Com vítima";"188,600";"BR-116/RJ";"Crescente";"Colisão traseira";1;0;0;1;0;0;0;0;0;0;2;0;1;0;0
"09/09/2025";"07:59:00";"224";"Sem vítima";"143,000";"BR-116/RJ";"Crescente";"Choque";1;0;0;0;0;0;0;0;0;0;1;0;0;0;0
"09/09/2025";"08:37:00";"233";"Com vítima";"185,000";"BR-116/RJ";"Decrescente";"Colisão traseira";1;0;0;1;0;0;0;0;0;0;1;1;0;0;0
"09/09/2025";"08:44:00";"234";"Com vítima";"188,000";"BR-116/RJ";"Crescente";"Colisão lateral no mesmo sentido";1;0;0;1;0;0;0;0;0;0;1;1;0;0;0
"09/09/2025";"08:44:00";"235";"Com vítima";"177,500";"BR-116/RJ";"Decrescente";"Queda de moto";0;0;0;1;0;0;0;0;0;0;0;0;1;0;0
"09/09/2025";"09:55:00";"247";"Sem vítima";"112,000";"BR-116/RJ";"Crescente";"Colisão traseira";2;0;0;0;0;0;0;0;0;0;2;0;0;0;0
"09/09/2025";"10:28:00";"249";"Sem vítima";"81,000";"BR-116/RJ";"Decrescente";"Atropelamento de pedestre";1;0;0;0;0;0;0;0;0;0;2;0;0;0;0
"09/09/2025";"10:51:00";"250";"Com vítima";"175,950";"BR-116/RJ";"Decrescente";"Colisão lateral no mesmo sentido";1;0;0;1;0;0;0;0;0;0;1;0;2;0;0
"09/09/2025";"11:04:00";"252";"Com vítima";"24,800";"BR-116/RJ";"Crescente";"Queda de moto";0;0;0;1;0;0;0;0;0;0;0;1;0;0;0
"09/09/2025";"11:40:00";"257";"Sem vítima";"181,000";"BR-116/RJ";"Decrescente";"Engavetamento";4;0;1;0;0;0;0;0;0;0;7;0;0;0;0
"09/09/2025";"12:15:00";"261";"Com vítima";"108,300";"BR-116/RJ";"Decrescente";"Colisão traseira";0;0;0;1;0;1;0;0;0;0;1;0;2;0;0
"09/09/2025";"13:47:00";"270";"Sem vítima";"619,700";"BR-116/MG";"Decrescente";"Tombamento";0;0;1;0;0;0;0;0;0;0;1;0;0;0;0
"09/09/2025";"14:52:00";"285";"Sem vítima";"189,000";"BR-116/RJ";"Decrescente";"Queda de moto";0;0;0;1;0;0;0;0;0;0;2;0;0;0;0
"09/09/2025";"15:39:00";"290";"Sem vítima";"94,000";"BR-493/RJ";"Decrescente";"Capotamento";1;0;0;0;0;0;0;0;0;0;1;0;0;0;0
"09/09/2025";"18:26:00";"319";"Sem vítima";"746,000";"BR-116/MG";"Crescente";"Queda de moto";0;0;0;1;0;0;0;0;0;0;2;0;0;0;0
"09/09/2025";"18:30:00";"326";"Com vítima";"209,835";"BR-116/RJ";"Decrescente";"Atropelamento de animal";1;0;0;0;0;0;0;0;0;0;0;1;0;0;0
"09/09/2025";"22:39:00";"360";"Sem vítima";"108,000";"BR-116/RJ";"Decrescente";"Colisão transversal";1;0;0;0;1;0;0;0;0;0;3;0;0;0;0
"09/09/2025";"22:56:00";"362";"Com vítima";"763,000";"BR-116/MG";"Decrescente";"Colisão transversal";1;0;1;0;0;0;0;0;0;0;0;2;0;0;0
"10/09/2025";"01:53:00";"57";"Sem vítima";"477,130";"BR-116/MG";"Decrescente";"Atropelamento de animal";0;0;0;0;0;1;0;0;0;0;1;0;0;0;0
"10/09/2025";"07:09:00";"71";"Com vítima";"173,000";"BR-116/RJ";"Decrescente";"Colisão lateral no mesmo sentido";1;0;0;1;0;0;0;0;0;0;2;1;1;0;0
"10/09/2025";"09:09:00";"89";"Com vítima";"600,000";"BR-116/MG";"Crescente";"Tombamento";0;0;1;0;0;0;0;0;0;0;0;0;1;0;0
"10/09/2025";"09:38:00";"100";"Sem vítima";"36,000";"BR-116/RJ";"Decrescente";"Atropelamento de animal";1;0;0;0;0;0;0;0;0;0;1;0;0;0;0
"10/09/2025";"14:39:00";"168";"Sem vítima";"0,000";"BR-493/RJ";"Crescente";"Colisão lateral no mesmo sentido";0;0;1;1;0;0;0;0;0;0;2;0;0;0;0
"10/09/2025";"14:51:00";"169";"Sem vítima";"511,000";"BR-116/MG";"Decrescente";"Colisão lateral em sentido contrário";1;0;1;0;0;0;0;0;0;0;3;0;0;0;0
"10/09/2025";"14:55:00";"170";"Com vítima";"181,000";"BR-116/RJ";"Crescente";"Queda de moto";1;0;0;2;0;0;0;0;0;0;2;2;0;0;0
"10/09/2025";"16:51:00";"201";"Com vítima";"415,000";"BR-116/MG";"Decrescente";"Colisão lateral no mesmo sentido";0;0;1;1;0;0;0;0;0;0;1;0;1;0;0
"10/09/2025";"16:55:00";"202";"Sem vítima";"181,000";"BR-116/RJ";"Crescente";"Colisão traseira";0;0;0;0;1;1;0;0;0;0;20;0;0;0;0
"10/09/2025";"17:39:00";"208";"Sem vítima";"190,000";"BR-116/RJ";"Crescente";"Colisão traseira";2;0;0;0;0;0;0;0;0;0;3;0;0;0;0
"10/09/2025";"18:38:00";"218";"Com vítima";"417,350";"BR-116/MG";"Crescente";"Colisão lateral no mesmo sentido";2;0;0;0;0;1;0;0;0;0;1;2;0;0;0
"10/09/2025";"21:07:00";"236";"Com vítima";"636,900";"BR-116/MG";"Crescente";"Queda de moto";0;0;0;1;0;0;0;0;0;0;0;0;0;1;0
"10/09/2025";"22:32:00";"252";"Com vítima";"702,000";"BR-116/MG";"Decrescente";"Colisão traseira";3;0;0;0;0;0;0;0;0;0;0;2;1;0;0
"10/09/2025";"23:39:00";"261";"Com vítima";"5,000";"BR-465/RJ";"Crescente";"Colisão lateral em sentido contrário";1;0;0;1;0;0;0;0;0;0;2;1;0;0;0
"11/09/2025";"02:02:00";"162";"Com vítima";"409,600";"BR-116/MG";"Crescente";"Choque";0;0;0;1;0;0;0;0;0;0;0;0;0;1;0
"11/09/2025";"02:15:00";"164";"Sem vítima";"138,800";"BR-116/RJ";"Decrescente";"Atropelamento de animal";2;0;0;0;0;0;0;0;0;0;2;0;0;0;0
"11/09/2025";"05:36:00";"201";"Sem vítima";"169,000";"BR-116/RJ";"Decrescente";"Colisão traseira";1;0;0;0;0;1;0;0;0;0;2;0;0;0;0
"11/09/2025";"06:56:00";"213";"Com vítima";"3,000";"BR-465/RJ";"Crescente";"Colisão lateral no mesmo sentido";1;0;0;1;0;0;0;0;0;0;2;0;1;0;0
"11/09/2025";"07:08:00";"217";"Sem vítima";"30,900";"BR-116/RJ";"Decrescente";"Colisão traseira";0;0;1;0;1;0;0;0;0;0;8;0;0;0;0
"11/09/2025";"17:28:00";"311";"Sem vítima";"148,000";"BR-116/RJ";"Crescente";"Engavetamento";2;0;1;0;0;0;0;0;0;1;5;0;0;0;0
"11/09/2025";"17:51:00";"315";"Com vítima";"522,700";"BR-116/MG";"Crescente";"Colisão transversal";1;0;0;1;0;0;0;0;0;0;0;1;0;0;1
"11/09/2025";"18:08:00";"319";"Com vítima";"531,000";"BR-116/MG";"Crescente";"Colisão lateral em sentido contrário";2;0;0;0;0;1;0;0;0;0;0;3;0;0;0
"11/09/2025";"21:18:00";"362";"Sem vítima";"50,000";"BR-493/RJ";"Decrescente";"Choque";1;0;0;0;0;0;0;0;0;0;1;0;0;0;0
"12/09/2025";"03:11:00";"188";"Com vítima";"185,600";"BR-116/RJ";"Crescente";"Colisão lateral no mesmo sentido";0;0;1;0;1;0;0;0;0;0;6;1;0;0;0
"12/09/2025";"03:33:00";"209";"Sem vítima";"605,000";"BR-116/MG";"Decrescente";"Colisão traseira";0;0;2;0;0;0;0;0;0;0;2;0;0;0;0
"12/09/2025";"03:55:00";"222";"Sem vítima";"711,900";"BR-116/MG";"Crescente";"Choque";0;0;1;0;0;0;0;0;0;0;1;0;0;0;0
"12/09/2025";"05:05:00";"231";"Sem vítima";"214,000";"BR-116/RJ";"Decrescente";"Colisão lateral no mesmo sentido";2;0;0;0;0;0;0;0;0;0;3;0;0;0;0
"12/09/2025";"07:03:00";"242";"Com vítima";"700,800";"BR-116/MG";"Crescente";"Colisão transversal";1;0;0;1;0;0;0;0;0;0;1;0;0;1;0
"12/09/2025";"13:32:00";"292";"Sem vítima";"63,000";"BR-116/RJ";"Crescente";"Colisão traseira";1;0;1;0;0;0;0;0;0;0;3;0;0;0;0
"12/09/2025";"13:37:00";"294";"Sem vítima";"776,000";"BR-116/MG";"Crescente";"Tombamento";0;0;1;0;0;0;0;0;0;0;1;0;0;0;0
"12/09/2025";"15:09:00";"308";"Sem vítima";"538,000";"BR-116/MG";"Decrescente";"Colisão lateral no mesmo sentido";1;0;0;1;0;0;0;0;0;0;2;0;0;0;0
"12/09/2025";"15:16:00";"310";"Com vítima";"108,000";"BR-116/RJ";"Decrescente";"Colisão lateral no mesmo sentido";1;0;0;1;0;0;0;0;0;0;2;1;0;0;0
"12/09/2025";"16:52:00";"322";"Com vítima";"148,000";"BR-116/RJ";"Crescente";"Queda de moto";0;0;0;1;0;0;0;0;0;0;0;0;1;0;0
"12/09/2025";"17:26:00";"329";"Sem vítima";"114,000";"BR-493/RJ";"Decrescente";"Queda de moto";0;0;0;1;0;0;0;0;0;0;1;0;0;0;0