data;horario;n_da_ocorrencia;tipo_de_ocorrencia;km;trecho;sentido;tipo_de_acidente;automovel;bicicleta;caminhao;moto;onibus;outros;tracao_animal;transporte_de_cargas_especiais;trator_maquinas;utilitarios;ilesos;levemente_feridos;moderadamente_feridos;gravemente_feridos;mortos
"22/09/2025";"15:06:00";"275";"Com vítima";"21,715";"BR-465/RJ";"Decrescente";"Colisão lateral no mesmo sentido";1;0;0;1;0;0;0;0;0;0;1;1;0;0;0
"22/09/2025";"16:10:00";"290";"Com vítima";"112,000";"BR-116/RJ";"Decrescente";"Queda de moto";0;0;0;1;0;0;0;0;0;0;0;1;0;0;0
"22/09/2025";"18:25:00";"318";"Com vítima";"424,590";"BR-116/MG";"Crescente";"Colisão lateral em sentido contrário";0;1;0;0;0;0;0;0;0;0;0;0;0;0;0
"22/09/2025";"18:45:00";"322";"Sem vítima";"5,000";"BR-493/RJ";"Crescente";"Choque";1;0;0;0;0;0;0;0;0;0;1;0;0;0;0
"22/09/2025";"19:47:00";"337";"Sem vítima";"70,000";"BR-493/RJ";"Crescente";"Choque";1;0;0;0;0;0;0;0;0;0;5;0;0;0;0
"22/09/2025";"21:59:00";"361";"Sem vítima";"776,000";"BR-116/MG";"Decrescente";"Saída de pista";0;0;0;0;0;1;0;0;0;0;1;0;0;0;0
"22/09/2025";"23:19:00";"368";"Sem vítima";"583,000";"BR-116/MG";"Crescente";"Tombamento";0;0;1;0;0;0;0;0;0;0;1;0;0;0;0
"22/09/2025";"23:28:00";"369";"Com vítima";"18,000";"BR-465/RJ";"Crescente";"Queda de moto";0;0;0;1;0;0;0;0;0;0;0;0;1;0;0
"23/09/2025";"06:37:00";"269";"Com vítima";"633,893";"BR-116/MG";"Crescente";"Queda de moto";0;0;0;1;0;0;0;0;0;0;0;0;1;1;0
"23/09/2025";"07:18:00";"274";"Sem vítima";"211,600";"BR-116/RJ";"Decrescente";"Saída de pista";1;0;0;0;0;0;0;0;0;0;1;0;0;0;0
"23/09/2025";"08:23:00";"284";"Com vítima";"173,215";"BR-116/RJ";"Decrescente";"Colisão traseira";1;0;0;1;0;0;0;0;0;0;4;1;0;0;0
"23/09/2025";"09:49:00";"300";"Sem vítima";"413,000";"BR-116/MG";"Decrescente";"Engavetamento";2;0;0;0;0;1;0;0;0;0;3;0;0;0;0
"23/09/2025";"11:21:00";"315";"Sem vítima";"172,300";"BR-116/RJ";"Decrescente";"Engavetamento";3;0;0;0;0;0;0;0;0;0;5;0;0;0;0
"23/09/2025";"11:28:00";"317";"Sem vítima";"144,775";"BR-116/RJ";"Crescente";"Colisão traseira";2;0;0;0;0;0;0;0;0;0;3;0;0;0;0
"23/09/2025";"12:26:00";"331";"Com vítima";"171,000";"BR-116/RJ";"Crescente";"Colisão lateral no mesmo sentido";0;0;0;1;0;1;0;0;0;0;1;0;1;0;0
"23/09/2025";"18:43:00";"388";"Com vítima";"182,000";"BR-116/RJ";"Decrescente";"Engavetamento";4;0;0;0;0;0;0;0;0;0;0;7;0;0;0
"23/09/2025";"18:55:00";"391";"Com vítima";"67,402";"BR-493/RJ";"Crescente";"Atropelamento de pedestre";1;1;0;0;0;1;0;0;0;0;1;1;0;0;0
"23/09/2025";"19:44:00";"397";"Sem vítima";"525,000";"BR-116/MG";"Crescente";"Colisão transversal";2;0;0;0;0;0;0;0;0;0;2;0;0;0;0
"23/09/2025";"20:38:00";"406";"Sem vítima";"67,000";"BR-493/RJ";"Crescente";"Colisão traseira";1;0;0;0;0;1;0;0;0;0;3;0;0;0;0
"23/09/2025";"20:42:00";"407";"Sem vítima";"702,000";"BR-116/MG";"Decrescente";"Colisão transversal";2;0;0;0;0;0;0;0;0;0;3;0;0;0;0
"23/09/2025";"22:09:00";"412";"Sem vítima";"791,200";"BR-116/MG";"Crescente";"Atropelamento de animal";0;0;0;0;0;1;0;0;0;0;1;0;0;0;0
"24/09/2025";"05:55:00";"235";"Com vítima";"177,000";"BR-116/RJ";"Decrescente";"Colisão lateral no mesmo sentido";0;0;0;1;0;0;0;0;0;1;1;0;1;0;0
"24/09/2025";"06:19:00";"236";"Com vítima";"195,585";"BR-116/RJ";"Crescente";"Choque";0;0;0;1;0;0;0;0;0;0;0;0;0;0;1
"24/09/2025";"06:28:00";"237";"Com vítima";"146,896";"BR-116/RJ";"Crescente";"Colisão lateral no mesmo sentido";0;0;0;1;1;0;0;0;0;0;1;1;0;0;1
"24/09/2025";"06:38:00";"243";"Com vítima";"137,871";"BR-116/RJ";"Crescente";"Colisão lateral no mesmo sentido";1;0;0;1;0;0;0;0;0;0;1;0;0;0;1
"24/09/2025";"08:28:00";"264";"Com vítima";"524,220";"BR-116/MG";"Decrescente";"Colisão traseira";1;0;0;1;0;0;0;0;0;0;1;2;0;0;0
"24/09/2025";"08:31:00";"265";"Sem vítima";"780,220";"BR-116/MG";"Decrescente";"Saída de pista";0;0;1;0;0;0;0;0;0;0;1;0;0;0;0
"24/09/2025";"10:40:00";"294";"Sem vítima";"510,000";"BR-116/MG";"Decrescente";"Saída de pista";1;0;0;0;0;0;0;0;0;0;1;0;0;0;0
"24/09/2025";"11:28:00";"300";"Sem vítima";"51,180";"BR-493/RJ";"Crescente";"Colisão lateral no mesmo sentido";1;0;1;0;0;0;0;0;0;0;2;0;0;0;0
"24/09/2025";"11:32:00";"301";"Com vítima";"90,000";"BR-116/RJ";"Decrescente";"Colisão traseira";0;0;2;0;0;0;0;0;0;0;3;1;0;0;0
"24/09/2025";"12:04:00";"308";"Com vítima";"145,000";"BR-116/RJ";"Decrescente";"Queda de moto";0;0;0;1;0;0;0;0;0;0;0;1;0;0;0
"24/09/2025";"14:22:00";"334";"Sem vítima";"526,000";"BR-116/MG";"Decrescente";"Colisão lateral em sentido contrário";2;0;0;0;0;0;0;0;0;0;2;0;0;0;0
"24/09/2025";"17:04:00";"359";"Sem vítima";"129,679";"BR-116/RJ";"Decrescente";"Colisão traseira";2;0;0;0;0;0;0;0;0;0;2;0;0;0;0
"24/09/2025";"17:50:00";"368";"Sem vítima";"6,000";"BR-465/RJ";"Crescente";"Colisão traseira";2;0;0;0;0;0;0;0;0;0;4;0;0;0;0
"24/09/2025";"18:13:00";"371";"Sem vítima";"4,000";"BR-493/RJ";"Crescente";"Queda de moto";0;0;0;1;0;0;0;0;0;0;1;0;0;0;0
"24/09/2025";"19:43:00";"387";"Sem vítima";"19,800";"BR-493/RJ";"Decrescente";"Colisão lateral em sentido contrário";2;0;0;0;0;0;0;0;0;0;2;0;0;0;0
"24/09/2025";"20:52:00";"400";"Sem vítima";"707,572";"BR-116/MG";"Crescente";"Saída de pista";0;0;0;0;0;1;0;0;0;0;1;0;0;0;0
"25/09/2025";"00:44:00";"120";"Com vítima";"482,312";"BR-116/MG";"Decrescente";"Atropelamento de pedestre";1;0;0;0;0;0;0;0;0;0;2;0;0;0;1
"25/09/2025";"09:04:00";"222";"Com vítima";"142,000";"BR-116/RJ";"Crescente";"Colisão traseira";0;0;0;0;1;1;0;0;0;0;1;4;1;0;0
"25/09/2025";"12:36:00";"261";"Com vítima";"523,000";"BR-116/MG";"Crescente";"Colisão lateral em sentido contrário";1;0;0;1;0;0;0;0;0;0;1;0;1;0;0
"25/09/2025";"16:15:00";"296";"Sem vítima";"182,700";"BR-116/RJ";"Crescente";"Colisão traseira";2;0;0;0;0;0;0;0;0;0;2;0;0;0;0
"25/09/2025";"17:25:00";"311";"Sem vítima";"414,000";"BR-116/MG";"Decrescente";"Colisão traseira";1;0;1;0;0;0;0;0;0;0;3;0;0;0;0
"25/09/2025";"17:27:00";"313";"Com vítima";"13,670";"BR-493/RJ";"Decrescente";"Choque";0;0;0;1;0;0;0;0;0;0;1;1;0;0;0
"25/09/2025";"17:34:00";"314";"Com vítima";"522,000";"BR-116/MG";"Decrescente";"Colisão traseira";0;0;0;2;0;0;0;0;0;0;1;1;0;0;0
"25/09/2025";"17:36:00";"315";"Com vítima";"173,000";"BR-116/RJ";"Decrescente";"Colisão traseira";0;0;0;1;1;0;0;0;0;0;1;1;0;0;0
"25/09/2025";"18:25:00";"324";"Com vítima";"19,000";"BR-465/RJ";"Decrescente";"Atropelamento de pedestre";0;0;0;1;0;0;0;0;0;0;0;2;0;0;0
"25/09/2025";"18:40:00";"327";"Sem vítima";"414,000";"BR-116/MG";"Decrescente";"Colisão transversal";0;0;0;2;0;0;0;0;0;0;4;0;0;0;0
"25/09/2025";"18:51:00";"329";"Sem vítima";"664,862";"BR-116/MG";"Decrescente";"Tombamento";1;0;0;0;0;0;0;0;0;0;2;0;0;0;0
"25/09/2025";"19:09:00";"334";"Com vítima";"175,000";"BR-116/RJ";"Crescente";"Colisão traseira";1;0;0;1;0;0;0;0;0;0;1;1;0;0;0
"25/09/2025";"19:19:00";"336";"Sem vítima";"145,000";"BR-116/RJ";"Crescente";"Choque";1;0;0;0;0;0;0;0;0;0;1;0;0;0;0
"25/09/2025";"19:49:00";"342";"Com vítima";"5,000";"BR-465/RJ";"Crescente";"Colisão frontal";1;0;0;1;0;0;0;0;0;0;1;1;0;0;0
"25/09/2025";"22:46:00";"365";"Sem vítima";"175,000";"BR-116/RJ";"Crescente";"Engavetamento";2;0;0;1;0;0;0;0;0;0;4;0;0;0;0
"26/09/2025";"04:48:00";"198";"Sem vítima";"214,250";"BR-116/RJ";"Crescente";"Choque";1;0;0;0;0;0;0;0;0;0;3;0;0;0;0
"26/09/2025";"04:57:00";"199";"Sem vítima";"180,340";"BR-116/RJ";"Crescente";"Choque";0;0;0;0;0;1;0;0;0;0;1;0;0;0;0
"26/09/2025";"05:32:00";"201";"Sem vítima";"142,000";"BR-116/RJ";"Decrescente";"Saída de pista";0;0;0;1;0;0;0;0;0;0;1;0;0;0;0
"26/09/2025";"06:26:00";"203";"Sem vítima";"713,587";"BR-116/MG";"Crescente";"Choque";1;0;0;0;0;0;0;0;0;0;1;0;0;0;0
"26/09/2025";"06:46:00";"205";"Sem vítima";"816,000";"BR-116/MG";"Crescente";"Choque";0;0;1;0;0;0;0;0;0;0;1;0;0;0;0
"26/09/2025";"06:50:00";"206";"Sem vítima";"131,000";"BR-116/RJ";"Decrescente";"Saída de pista";1;0;0;0;0;0;0;0;0;0;2;0;0;0;0
"26/09/2025";"06:50:00";"207";"Sem vítima";"660,845";"BR-116/MG";"Crescente";"Choque";1;0;0;0;0;0;0;0;0;0;3;0;0;0;0
"26/09/2025";"08:33:00";"216";"Sem vítima";"563,886";"BR-116/MG";"Crescente";"Queda de moto";0;0;0;1;0;0;0;0;0;0;1;0;0;0;0
"26/09/2025";"09:32:00";"236";"Com vítima";"186,575";"BR-116/RJ";"Decrescente";"Colisão lateral no mesmo sentido";2;0;0;0;0;0;0;0;0;0;1;1;0;0;0
"26/09/2025";"13:54:00";"280";"Com vítima";"15,600";"BR-493/RJ";"Decrescente";"Queda de moto";0;0;0;1;0;0;0;0;0;0;0;1;0;0;0
"26/09/2025";"16:23:00";"304";"Sem vítima";"185,131";"BR-116/RJ";"Decrescente";"Colisão traseira";2;0;0;0;0;0;0;0;0;0;4;0;0;0;0
"26/09/2025";"17:24:00";"318";"Com vítima";"114,000";"BR-116/RJ";"Decrescente";"Colisão traseira";1;0;0;1;0;0;0;0;0;0;1;1;0;0;0
"26/09/2025";"17:30:00";"319";"Sem vítima";"143,000";"BR-116/RJ";"Decrescente";"Engavetamento";3;0;0;0;0;0;0;0;0;0;6;0;0;0;0
"26/09/2025";"17:33:00";"320";"Sem vítima";"96,800";"BR-116/RJ";"Decrescente";"Colisão lateral em sentido contrário";0;0;1;0;0;0;0;0;0;1;2;0;0;0;0
"26/09/2025";"20:03:00";"342";"Sem vítima";"68,000";"BR-116/RJ";"Decrescente";"Atropelamento de animal";1;0;0;0;0;0;0;0;0;0;1;0;0;0;0
"26/09/2025";"20:40:00";"349";"Com vítima";"14,000";"BR-465/RJ";"Crescente";"Queda de moto";0;0;0;1;0;0;0;0;0;0;0;0;1;0;0
"26/09/2025";"20:43:00";"351";"Sem vítima";"96,000";"BR-493/RJ";"Decrescente";"Choque";1;0;0;0;0;0;0;0;0;0;1;0;0;0;0
"26/09/2025";"20:44:00";"352";"Sem vítima";"743,000";"BR-116/MG";"Decrescente";"Colisão frontal";1;0;0;1;0;0;0;0;0;0;2;0;0;0;0
"26/09/2025";"21:04:00";"355";"Com vítima";"15,138";"BR-465/RJ";"Decrescente";"Colisão transversal";1;0;0;1;0;0;0;0;0;0;1;0;1;0;0
"26/09/2025";"21:07:00";"357";"Sem vítima";"4,100";"BR-116/RJ";"Decrescente";"Saída de pista";1;0;0;0;0;0;0;0;0;0;1;0;0;0;0
"26/09/2025";"22:34:00";"365";"Sem vítima";"182,000";"BR-116/RJ";"Crescente";"Colisão lateral no mesmo sentido";0;0;0;2;0;0;0;0;0;0;3;0;0;0;0
"26/09/2025";"23:03:00";"367";"Com vítima";"409,500";"BR-116/MG";"Crescente";"Queda de moto";0;1;0;1;0;0;0;0;0;0;0;1;0;0;0
"26/09/2025";"23:44:00";"371";"Com vítima";"183,566";"BR-116/RJ";"Decrescente";"Atropelamento de pedestre";0;0;0;0;0;1;0;0;0;0;1;0;0;0;1
"27/09/2025";"01:43:00";"17";"Sem vítima";"174,000";"BR-116/RJ";"Crescente";"Capotamento";1;0;0;0;0;0;0;0;0;0;1;0;0;0;0
"27/09/2025";"03:53:00";"28";"Sem vítima";"184,933";"BR-116/RJ";"Decrescente";"Colisão traseira";1;0;0;0;0;1;0;0;0;0;6;0;0;0;0
"27/09/2025";"08:55:00";"57";"Com vítima";"776,867";"BR-116/MG";"Crescente";"Tombamento";0;0;0;0;0;1;0;0;0;0;0;0;1;0;0
"27/09/2025";"08:56:00";"58";"Com vítima";"178,527";"BR-116/RJ";"Crescente";"Colisão lateral no mesmo sentido";1;0;0;1;0;0;0;0;0;0;1;2;0;0;0
"27/09/2025";"09:29:00";"66";"Sem vítima";"497,394";"BR-116/MG";"Decrescente";"Colisão lateral no mesmo sentido";1;0;0;0;0;1;0;0;0;0;2;0;0;0;0
"27/09/2025";"10:13:00";"73";"Sem vítima";"112,700";"BR-493/RJ";"Crescente";"Colisão traseira";0;0;0;0;0;2;0;0;0;0;2;0;0;0;0
"27/09/2025";"11:43:00";"83";"Com vítima";"19,000";"BR-493/RJ";"Crescente";"Atropelamento de ciclista";0;1;0;1;0;0;0;0;0;0;1;0;0;0;0
"27/09/2025";"11:59:00";"85";"Com vítima";"90,000";"BR-116/RJ";"Decrescente";"Colisão frontal";2;0;0;0;0;0;0;0;0;0;0;3;2;0;0
"27/09/2025";"13:02:00";"93";"Sem vítima";"169,000";"BR-116/RJ";"Decrescente";"Choque";1;0;0;0;0;0;0;0;0;0;1;0;0;0;0
"27/09/2025";"14:23:00";"105";"Com vítima";"145,248";"BR-116/RJ";"Crescente";"Engavetamento";2;0;0;1;0;0;0;0;0;0;2;2;0;1;0
"27/09/2025";"16:13:00";"119";"Com vítima";"141,249";"BR-116/RJ";"Crescente";"Colisão lateral no mesmo sentido";0;0;0;1;0;2;0;0;0;0;2;0;1;0;0
"27/09/2025";"16:37:00";"122";"Com vítima";"175,813";"BR-116/RJ";"Crescente";"Colisão lateral no mesmo sentido";0;0;0;2;0;0;0;0;0;0;0;3;1;0;0
"27/09/2025";"17:02:00";"125";"Com vítima";"578,617";"BR-116/MG";"Decrescente";"Queda de moto";0;0;0;1;0;0;0;0;0;0;1;1;0;0;0
"27/09/2025";"17:47:00";"136";"Sem vítima";"508,266";"BR-116/MG";"Decrescente";"Colisão traseira";1;0;1;0;0;0;0;0;0;0;3;0;0;0;0
"27/09/2025";"18:52:00";"143";"Sem vítima";"5,000";"BR-493/RJ";"Crescente";"Saída de pista";1;0;0;0;0;0;0;0;0;0;2;0;0;0;0
"27/09/2025";"20:14:00";"151";"Com vítima";"733,200";"BR-116/MG";"Decrescente";"Colisão frontal";1;0;0;1;0;0;0;0;0;0;4;0;0;1;0
"27/09/2025";"20:41:00";"153";"Sem vítima";"183,616";"BR-116/RJ";"Crescente";"Colisão traseira";1;0;1;0;0;0;0;0;0;0;2;0;0;0;0
"27/09/2025";"22:52:00";"168";"Com vítima";"2,000";"BR-493/RJ";"Decrescente";"Colisão lateral em sentido contrário";2;0;0;0;0;0;0;0;0;0;2;1;0;0;0
"27/09/2025";"22:59:00";"169";"Com vítima";"80,000";"BR-116/RJ";"Crescente";"Atropelamento de ciclista";1;1;0;0;0;0;0;0;0;0;1;0;1;0;0
"28/09/2025";"00:02:00";"1";"Com vítima";"194,474";"BR-116/RJ";"Decrescente";"Engavetamento";3;0;0;0;0;1;0;0;0;0;6;2;0;0;0
"28/09/2025";"04:27:00";"26";"Com vítima";"17,000";"BR-493/RJ";"Decrescente";"Colisão lateral em sentido contrário";1;0;0;1;0;0;0;0;0;0;3;0;0;1;0
"28/09/2025";"05:32:00";"31";"Com vítima";"148,000";"BR-116/RJ";"Crescente";"Choque";1;0;0;0;0;0;0;0;0;0;0;1;0;0;0
"28/09/2025";"08:15:00";"48";"Com vítima";"178,585";"BR-116/RJ";"Decrescente";"Queda de moto";0;0;0;1;0;0;0;0;0;0;0;1;0;0;0
"28/09/2025";"09:51:00";"61";"Sem vítima";"486,802";"BR-116/MG";"Decrescente";"Saída de pista";1;0;0;0;0;0;0;0;0;0;1;0;0;0;0
"28/09/2025";"10:33:00";"67";"Sem vítima";"0,000";"BR-493/RJ";"Crescente";"Colisão lateral no mesmo sentido";1;0;0;1;0;0;0;0;0;0;2;0;0;0;0
"28/09/2025";"12:23:00";"90";"Com vítima";"19,000";"BR-116/RJ";"Decrescente";"Capotamento";1;0;0;0;0;0;0;0;0;0;1;3;0;0;0
"28/09/2025";"12:33:00";"93";"Sem vítima";"174,473";"BR-116/RJ";"Decrescente";"Engavetamento";3;0;0;0;0;0;0;0;0;0;3;0;0;0;0
"28/09/2025";"15:09:00";"118";"Com vítima";"96,742";"BR-493/RJ";"Crescente";"Tombamento";0;0;0;0;0;1;0;0;0;0;0;1;0;0;0
"28/09/2025";"18:04:00";"144";"Com vítima";"93,000";"BR-116/RJ";"Crescente";"Colisão lateral em sentido contrário";3;0;0;0;0;0;0;0;0;0;5;3;0;0;0
"28/09/2025";"18:37:00";"148";"Com vítima";"171,000";"BR-116/RJ";"Crescente";"Colisão traseira";2;0;0;0;0;0;0;0;0;0;1;2;0;0;0
"28/09/2025";"18:38:00";"150";"Sem vítima";"132,000";"BR-116/RJ";"Crescente";"Colisão traseira";2;0;0;0;0;0;0;0;0;0;2;0;0;0;0
"28/09/2025";"18:40:00";"151";"Sem vítima";"580,000";"BR-116/MG";"Crescente";"Saída de pista";1;0;0;0;0;0;0;0;0;0;1;0;0;0;0
"28/09/2025";"18:59:00";"152";"Com vítima";"571,000";"BR-116/MG";"Crescente";"Saída de pista";1;0;0;0;0;1;0;0;0;0;4;0;1;0;0
"28/09/2025";"19:16:00";"154";"Com vítima";"501,000";"BR-116/MG";"Crescente";"Colisão traseira";1;0;0;1;0;0;0;0;0;0;1;0;1;0;0
"28/09/2025";"19:30:00";"156";"Sem vítima";"48,000";"BR-116/RJ";"Decrescente";"Atropelamento de animal";1;0;0;0;0;0;0;0;0;0;1;0;0;0;0
"28/09/2025";"21:34:00";"171";"Com vítima";"195,000";"BR-116/RJ";"Decrescente";"Colisão lateral no mesmo sentido";1;0;0;0;0;1;0;0;0;0;1;1;0;0;0
"28/09/2025";"21:44:00";"174";"Com vítima";"169,000";"BR-116/RJ";"Crescente";"Atropelamento de pedestre";0;0;0;1;0;0;0;0;0;0;0;1;1;0;0
"28/09/2025";"21:47:00";"175";"Sem vítima";"173,000";"BR-116/RJ";"Crescente";"Colisão traseira";1;0;0;1;0;0;0;0;0;0;2;0;0;0;0
"28/09/2025";"22:03:00";"177";"Com vítima";"770,000";"BR-116/MG";"Decrescente";"Tombamento";0;0;1;0;0;0;0;0;0;0;0;1;0;0;0
"28/09/2025";"22:34:00";"180";"Sem vítima";"114,000";"BR-116/RJ";"Crescente";"Capotamento";1;0;0;0;0;0;0;0;0;0;1;0;0;0;0
"29/09/2025";"00:00:00";"1";"Com vítima";"17,100";"BR-465/RJ";"Crescente";"Capotamento";1;0;0;0;0;0;0;0;0;0;0;1;0;0;0
"29/09/2025";"01:39:00";"10";"Sem vítima";"87,000";"BR-493/RJ";"Crescente";"Atropelamento de animal";0;0;1;0;0;0;0;0;0;0;2;0;0;0;0
"29/09/2025";"03:54:00";"14";"Com vítima";"112,000";"BR-116/RJ";"Decrescente";"Saída de pista";0;0;0;1;0;0;0;0;0;0;0;2;0;0;0
"29/09/2025";"06:06:00";"20";"Sem vítima";"117,000";"BR-116/RJ";"Crescente";"Choque";1;0;0;0;0;0;0;0;0;0;1;0;0;0;0
"29/09/2025";"06:37:00";"26";"Com vítima";"29,900";"BR-116/RJ";"Decrescente";"Colisão lateral no mesmo sentido";1;0;0;1;0;0;0;0;0;0;1;1;0;0;0
"29/09/2025";"08:28:00";"49";"Sem vítima";"180,800";"BR-116/RJ";"Crescente";"Engavetamento";2;0;0;0;1;0;0;0;0;0;3;0;0;0;0
"29/09/2025";"08:30:00";"50";"Sem vítima";"186,000";"BR-116/RJ";"Decrescente";"Colisão lateral no mesmo sentido";1;0;1;0;0;0;0;0;0;0;2;0;0;0;0
"29/09/2025";"08:42:00";"52";"Sem vítima";"180,227";"BR-116/RJ";"Crescente";"Colisão traseira";0;0;0;1;0;1;0;0;0;0;4;0;0;0;0
"29/09/2025";"09:02:00";"57";"Com vítima";"699,200";"BR-116/MG";"Decrescente";"Colisão lateral no mesmo sentido";0;0;1;1;0;0;0;0;0;0;1;1;0;0;0
"29/09/2025";"10:25:00";"78";"Com vítima";"200,000";"BR-116/RJ";"Crescente";"Queda de moto";0;0;0;1;0;0;0;0;0;0;0;0;1;0;0
"29/09/2025";"11:02:00";"90";"Sem vítima";"118,000";"BR-116/RJ";"Decrescente";"Queda de moto";0;0;0;1;0;0;0;0;0;0;1;0;0;0;0
"29/09/2025";"11:59:00";"104";"Com vítima";"98,000";"BR-116/RJ";"Decrescente";"Colisão frontal";0;0;2;0;0;0;0;0;0;0;1;0;1;0;0
"29/09/2025";"14:30:00";"131";"Com vítima";"116,000";"BR-116/RJ";"Crescente";"Queda de moto";0;0;0;1;0;0;0;0;0;0;0;1;0;0;0
"29/09/2025";"14:57:00";"135";"Sem vítima";"19,000";"BR-493/RJ";"Decrescente";"Colisão traseira";1;0;0;0;0;0;0;0;0;1;2;0;0;0;0
"29/09/2025";"14:57:00";"140";"Com vítima";"23,000";"BR-493/RJ";"Decrescente";"Colisão traseira";2;0;0;0;0;0;0;0;0;0;1;1;0;0;0
"29/09/2025";"15:55:00";"144";"Com vítima";"20,000";"BR-465/RJ";"Decrescente";"Engavetamento";2;0;0;0;0;0;0;0;0;0;0;1;1;0;0
"29/09/2025";"16:36:00";"149";"Com vítima";"205,548";"BR-116/RJ";"Crescente";"Choque";1;0;1;0;0;0;0;0;0;0;1;0;0;1;0
"29/09/2025";"17:07:00";"155";"Com vítima";"522,170";"BR-116/MG";"Decrescente";"Colisão lateral no mesmo sentido";1;0;0;1;0;0;0;0;0;0;1;0;1;0;0
"29/09/2025";"17:47:00";"170";"Com vítima";"183,229";"BR-116/RJ";"Crescente";"Colisão lateral no mesmo sentido";1;0;1;0;0;0;0;0;0;0;1;2;0;0;0
"29/09/2025";"17:50:00";"171";"Sem vítima";"521,000";"BR-116/MG";"Decrescente";"Engavetamento";4;0;0;0;0;0;0;0;0;0;7;0;0;0;0
"29/09/2025";"18:47:00";"179";"Sem vítima";"519,472";"BR-116/MG";"Crescente";"Colisão traseira";2;0;0;0;0;0;0;0;0;0;2;0;0;0;0
"29/09/2025";"19:20:00";"188";"Com vítima";"176,000";"BR-116/RJ";"Crescente";"Queda de moto";0;0;0;1;0;0;0;0;0;0;0;1;0;0;0
"29/09/2025";"20:02:00";"198";"Sem vítima";"684,000";"BR-116/MG";"Decrescente";"Atropelamento de animal";0;0;0;0;0;0;0;0;0;1;1;0;0;0;0
"29/09/2025";"21:10:00";"204";"Com vítima";"105,000";"BR-493/RJ";"Decrescente";"Choque";1;0;0;0;0;0;0;0;0;0;0;2;0;0;0
"30/09/2025";"06:59:00";"167";"Com vítima";"186,000";"BR-116/RJ";"Decrescente";"Colisão lateral no mesmo sentido";0;0;0;1;0;1;0;0;0;0;1;1;0;0;0
"30/09/2025";"07:05:00";"169";"Com vítima";"146,000";"BR-116/RJ";"Crescente";"Colisão traseira";1;0;0;1;0;0;0;0;0;0;1;1;0;0;0
"30/09/2025";"08:40:00";"194";"Sem vítima";"94,000";"BR-116/RJ";"Decrescente";"Colisão traseira";1;0;0;0;0;0;0;0;0;1;2;0;0;0;0
"30/09/2025";"10:26:00";"225";"Com vítima";"417,000";"BR-116/MG";"Crescente";"Colisão lateral no mesmo sentido";0;0;1;1;0;0;0;0;0;0;1;2;0;0;0
"30/09/2025";"11:08:00";"236";"Sem vítima";"170,369";"BR-116/RJ";"Decrescente";"Engavetamento";1;0;1;1;0;0;0;0;0;0;3;0;0;0;0
"30/09/2025";"12:33:00";"251";"Com vítima";"5,600";"BR-465/RJ";"Decrescente";"Colisão lateral no mesmo sentido";1;0;0;1;0;0;0;0;0;0;1;0;1;0;0
"30/09/2025";"16:50:00";"299";"Sem vítima";"19,000";"BR-493/RJ";"Decrescente";"Colisão transversal";0;0;0;2;0;0;0;0;0;0;2;0;0;0;0
"30/09/2025";"17:04:00";"303";"Sem vítima";"18,000";"BR-493/RJ";"Crescente";"Colisão traseira";1;0;1;0;0;0;0;0;0;0;3;0;0;0;0
"30/09/2025";"17:51:00";"309";"Sem vítima";"19,000";"BR-493/RJ";"Decrescente";"Colisão lateral no mesmo sentido";1;0;0;0;0;1;0;0;0;0;3;0;0;0;0
"30/09/2025";"18:28:00";"317";"Com vítima";"584,800";"BR-116/MG";"Decrescente";"Colisão lateral em sentido contrário";1;0;0;1;0;0;0;0;0;0;1;1;0;1;0
"30/09/2025";"23:59:00";"362";"Com vítima";"774,150";"BR-116/MG";"Crescente";"Tombamento";0;0;1;0;0;0;0;0;0;0;0;0;1;0;0
"01/10/2025";"07:06:00";"170";"Sem vítima";"409,000";"BR-116/MG";"Crescente";"Colisão traseira";2;0;0;0;0;0;0;0;0;0;2;0;0;0;0
"01/10/2025";"08:26:00";"183";"Sem vítima";"184,592";"BR-116/RJ";"Decrescente";"Engavetamento";3;0;0;0;0;0;0;0;0;0;3;0;0;0;0
"01/10/2025";"09:11:00";"189";"Sem vítima";"639,000";"BR-116/MG";"Decrescente";"Choque";0;0;0;0;0;1;0;0;0;0;1;0;0;0;0
"01/10/2025";"09:19:00";"190";"Com vítima";"15,311";"BR-493/RJ";"Crescente";"Colisão lateral no mesmo sentido";0;0;0;1;0;1;0;0;0;0;1;0;1;0;0
"01/10/2025";"12:30:00";"227";"Com vítima";"765,000";"BR-116/MG";"Crescente";"Colisão transversal";0;0;0;1;0;1;0;0;0;0;1;2;0;0;0