data;horario;n_da_ocorrencia;tipo_de_ocorrencia;km;trecho;sentido;tipo_de_acidente;automovel;bicicleta;caminhao;moto;onibus;outros;tracao_animal;transporte_de_cargas_especiais;trator_maquinas;utilitarios;ilesos;levemente_feridos;moderadamente_feridos;gravemente_feridos;mortos
"01/10/2025";"15:45:00";"266";"Sem vítima";"548,000";"BR-116/MG";"Crescente";"Colisão lateral no mesmo sentido";1;0;0;0;0;1;0;0;0;0;2;0;0;0;0
"01/10/2025";"17:49:00";"290";"Com vítima";"413,000";"BR-116/MG";"Decrescente";"Colisão lateral no mesmo sentido";0;0;0;2;0;0;0;0;0;0;1;0;2;0;0
"01/10/2025";"18:33:00";"298";"Com vítima";"524,000";"BR-116/MG";"Decrescente";"Colisão lateral no mesmo sentido";1;1;0;0;0;0;0;0;0;0;2;0;0;0;0
"01/10/2025";"19:00:00";"305";"Com vítima";"411,000";"BR-116/MG";"Decrescente";"Colisão traseira";1;0;0;1;0;0;0;0;0;0;1;0;1;0;0
"01/10/2025";"19:32:00";"314";"Com vítima";"605,000";"BR-116/MG";"Decrescente";"Colisão traseira";2;0;0;0;0;0;0;0;0;0;2;0;1;0;0
"01/10/2025";"22:34:00";"333";"Sem vítima";"204,200";"BR-116/RJ";"Crescente";"Tombamento";0;0;0;0;0;1;0;0;0;0;1;0;0;0;0
"02/10/2025";"01:02:00";"16";"Com vítima";"169,000";"BR-116/RJ";"Decrescente";"Capotamento";0;0;0;0;0;0;0;0;0;1;0;0;1;0;0
"02/10/2025";"04:41:00";"20";"Sem vítima";"16,800";"BR-465/RJ";"Decrescente";"Atropelamento de animal";0;0;0;1;0;0;0;0;0;0;1;0;0;0;0
"02/10/2025";"08:14:00";"41";"Com vítima";"147,351";"BR-116/RJ";"Crescente";"Engavetamento";1;0;0;1;1;0;0;0;0;0;2;1;0;0;0
"02/10/2025";"09:28:00";"56";"Sem vítima";"414,000";"BR-116/MG";"Decrescente";"Engavetamento";2;0;0;0;0;0;0;0;0;0;3;0;0;0;0
"02/10/2025";"12:04:00";"88";"Sem vítima";"183,200";"BR-116/RJ";"Crescente";"Colisão traseira";1;0;0;0;1;0;0;0;0;0;3;0;0;0;0
"02/10/2025";"12:34:00";"92";"Com vítima";"182,900";"BR-116/RJ";"Crescente";"Atropelamento de pedestre";0;0;0;1;0;0;0;0;0;0;1;1;0;0;0
"02/10/2025";"14:06:00";"105";"Com vítima";"174,175";"BR-116/RJ";"Decrescente";"Engavetamento";1;0;0;2;0;0;0;0;0;0;1;2;1;0;0
"02/10/2025";"16:44:00";"134";"Com vítima";"22,000";"BR-465/RJ";"Decrescente";"Atropelamento de pedestre";0;0;0;1;0;0;0;0;0;0;1;1;0;0;0
"02/10/2025";"16:44:00";"135";"Sem vítima";"456,772";"BR-116/MG";"Decrescente";"Colisão frontal";2;0;0;0;0;0;0;0;0;0;2;0;0;0;0
"02/10/2025";"16:44:00";"136";"Sem vítima";"73,364";"BR-493/RJ";"Decrescente";"Queda de moto";0;0;0;1;0;0;0;0;0;0;1;0;0;0;0
"02/10/2025";"19:26:00";"160";"Sem vítima";"69,000";"BR-493/RJ";"Decrescente";"Saída de pista";1;0;0;0;0;0;0;0;0;0;1;0;0;0;0
"02/10/2025";"20:05:00";"167";"Com vítima";"80,000";"BR-116/RJ";"Decrescente";"Colisão transversal";1;0;0;1;0;0;0;0;0;0;2;1;0;0;0
"02/10/2025";"20:07:00";"168";"Com vítima";"698,000";"BR-116/MG";"Decrescente";"Colisão lateral no mesmo sentido";0;1;0;1;0;0;0;0;0;0;1;0;0;0;0
"02/10/2025";"20:27:00";"170";"Com vítima";"139,000";"BR-116/RJ";"Decrescente";"Colisão traseira";0;0;1;1;0;0;0;0;0;0;0;1;1;0;0
"02/10/2025";"22:42:00";"190";"Com vítima";"79,500";"BR-493/RJ";"Crescente";"Choque";0;0;0;0;1;1;0;0;0;0;1;1;0;1;0
"03/10/2025";"02:12:00";"100";"Sem vítima";"204,000";"BR-116/RJ";"Decrescente";"Atropelamento de animal";1;0;0;0;0;0;0;0;0;0;1;0;0;0;0
"03/10/2025";"06:41:00";"117";"Com vítima";"146,000";"BR-116/RJ";"Crescente";"Colisão lateral no mesmo sentido";0;0;0;1;1;0;0;0;0;0;1;1;0;1;0
"03/10/2025";"06:42:00";"118";"Com vítima";"93,000";"BR-116/RJ";"Decrescente";"Queda de moto";0;0;0;1;0;0;0;0;0;0;1;1;0;0;0
"03/10/2025";"07:06:00";"123";"Sem vítima";"536,000";"BR-116/MG";"Crescente";"Saída de pista";1;0;0;0;0;0;0;0;0;0;1;0;0;0;0
"03/10/2025";"08:44:00";"142";"Com vítima";"22,000";"BR-493/RJ";"Crescente";"Queda de moto";0;0;0;1;0;0;0;0;0;0;0;1;0;0;0
"03/10/2025";"09:30:00";"156";"Sem vítima";"414,000";"BR-116/MG";"Decrescente";"Colisão traseira";1;0;0;0;0;0;0;0;0;1;2;0;0;0;0
"03/10/2025";"10:31:00";"165";"Sem vítima";"175,000";"BR-116/RJ";"Crescente";"Choque";0;0;1;0;0;0;0;0;0;0;1;0;0;0;0
"03/10/2025";"10:49:00";"170";"Com vítima";"561,000";"BR-116/MG";"Crescente";"Colisão traseira";0;0;1;1;0;0;0;0;0;0;1;0;0;1;0
"03/10/2025";"13:24:00";"197";"Com vítima";"172,750";"BR-116/RJ";"Crescente";"Colisão traseira";1;0;0;1;0;0;0;0;0;0;1;1;0;0;0
"03/10/2025";"13:26:00";"198";"Sem vítima";"81,000";"BR-116/RJ";"Decrescente";"Colisão traseira";1;0;0;1;0;0;0;0;0;0;2;0;0;0;0
"03/10/2025";"15:16:00";"217";"Sem vítima";"716,000";"BR-116/MG";"Crescente";"Colisão traseira";1;0;0;0;0;0;0;0;0;1;3;0;0;0;0
"03/10/2025";"15:20:00";"218";"Com vítima";"0,900";"BR-465/RJ";"Decrescente";"Colisão transversal";2;0;0;0;1;0;0;0;0;0;1;1;1;0;0
"03/10/2025";"17:50:00";"261";"Com vítima";"174,000";"BR-116/RJ";"Crescente";"Colisão lateral no mesmo sentido";1;0;0;1;0;0;0;0;0;0;3;1;0;0;0
"03/10/2025";"18:21:00";"268";"Sem vítima";"111,000";"BR-116/RJ";"Decrescente";"Colisão frontal";1;1;0;0;0;0;0;0;0;0;2;0;0;0;0
"03/10/2025";"18:25:00";"269";"Com vítima";"534,000";"BR-116/MG";"Crescente";"Queda de moto";0;0;0;1;0;0;0;0;0;0;0;2;0;0;0
"03/10/2025";"18:45:00";"275";"Com vítima";"762,000";"BR-116/MG";"Decrescente";"Colisão transversal";1;0;0;1;0;0;0;0;0;0;1;1;0;0;0
"03/10/2025";"20:20:00";"299";"Sem vítima";"16,000";"BR-116/RJ";"Decrescente";"Saída de pista";0;0;0;0;0;0;0;0;0;1;1;0;0;0;0
"03/10/2025";"21:07:00";"305";"Com vítima";"96,000";"BR-493/RJ";"Crescente";"Queda de moto";0;0;0;1;0;0;0;0;0;0;0;0;1;0;0
"03/10/2025";"21:10:00";"307";"Com vítima";"96,000";"BR-493/RJ";"Crescente";"Queda de moto";0;0;0;1;0;0;0;0;0;0;0;1;0;0;0
"03/10/2025";"21:10:00";"308";"Com vítima";"416,000";"BR-116/MG";"Decrescente";"Colisão lateral em sentido contrário";1;0;0;1;0;0;0;0;0;0;1;2;0;0;0
"03/10/2025";"21:48:00";"312";"Com vítima";"530,378";"BR-116/MG";"Decrescente";"Colisão traseira";1;0;1;1;0;0;0;0;0;0;2;1;0;0;0
"04/10/2025";"01:50:00";"133";"Sem vítima";"583,000";"BR-116/MG";"Crescente";"Choque";1;0;0;0;0;0;0;0;0;0;1;0;0;0;0
"04/10/2025";"03:04:00";"145";"Com vítima";"14,000";"BR-465/RJ";"Decrescente";"Queda de moto";0;0;0;1;0;0;0;0;0;0;1;1;0;0;0
"04/10/2025";"06:12:00";"151";"Sem vítima";"90,000";"BR-116/RJ";"Decrescente";"Saída de pista";1;0;0;0;0;0;0;0;0;0;4;0;0;0;0
"04/10/2025";"08:07:00";"162";"Com vítima";"173,000";"BR-116/RJ";"Decrescente";"Colisão traseira";1;0;0;1;0;0;0;0;0;0;1;0;1;0;0
"04/10/2025";"08:19:00";"164";"Sem vítima";"96,000";"BR-116/RJ";"Decrescente";"Choque";0;0;1;0;0;1;0;0;0;0;2;0;0;0;0
"04/10/2025";"11:16:00";"200";"Sem vítima";"212,900";"BR-116/RJ";"Crescente";"Colisão traseira";1;0;1;0;0;0;0;0;0;0;2;0;0;0;0
"04/10/2025";"12:48:00";"219";"Sem vítima";"201,739";"BR-116/RJ";"Crescente";"Choque";1;0;0;0;0;1;0;0;0;0;2;0;0;0;0
"04/10/2025";"13:46:00";"228";"Com vítima";"13,670";"BR-493/RJ";"Decrescente";"Choque";0;0;0;1;0;0;0;0;0;0;1;1;0;0;0
"04/10/2025";"14:28:00";"236";"Com vítima";"147,000";"BR-116/RJ";"Decrescente";"Colisão frontal";1;0;0;1;0;0;0;0;0;0;2;0;1;0;0
"04/10/2025";"15:04:00";"241";"Com vítima";"638,000";"BR-116/MG";"Crescente";"Queda de moto";0;0;0;1;0;0;0;0;0;0;0;0;0;0;2
"04/10/2025";"15:36:00";"247";"Sem vítima";"180,200";"BR-116/RJ";"Crescente";"Choque";1;0;0;0;0;0;0;0;0;0;1;0;0;0;0
"04/10/2025";"17:43:00";"265";"Com vítima";"14,389";"BR-465/RJ";"Decrescente";"Queda de moto";0;0;0;1;0;0;0;0;0;0;0;0;1;0;0
"04/10/2025";"18:46:00";"276";"Com vítima";"144,285";"BR-116/RJ";"Decrescente";"Colisão lateral no mesmo sentido";1;0;0;1;0;0;0;0;0;0;1;1;0;0;0
"04/10/2025";"19:07:00";"281";"Sem vítima";"21,000";"BR-465/RJ";"Crescente";"Colisão lateral no mesmo sentido";1;0;0;0;0;1;0;0;0;0;2;0;0;0;0
"04/10/2025";"19:25:00";"284";"Com vítima";"129,591";"BR-116/RJ";"Crescente";"Queda de moto";0;0;0;1;0;0;0;0;0;0;0;1;1;0;0
"04/10/2025";"19:50:00";"291";"Com vítima";"528,000";"BR-116/MG";"Decrescente";"Colisão lateral no mesmo sentido";1;0;0;1;0;0;0;0;0;0;0;2;0;1;0
"04/10/2025";"20:26:00";"297";"Sem vítima";"129,591";"BR-116/RJ";"Crescente";"Colisão lateral no mesmo sentido";1;0;1;0;0;0;0;0;0;0;2;0;0;0;0
"04/10/2025";"23:02:00";"325";"Com vítima";"21,000";"BR-465/RJ";"Decrescente";"Colisão traseira";1;0;0;1;0;0;0;0;0;0;1;0;1;0;0
"04/10/2025";"23:49:00";"327";"Com vítima";"200,850";"BR-116/RJ";"Crescente";"Atropelamento de ciclista";0;1;0;0;1;0;0;0;0;0;1;0;0;0;0
"05/10/2025";"00:02:00";"2";"Sem vítima";"16,000";"BR-493/RJ";"Crescente";"Atropelamento de animal";0;0;0;0;0;0;0;0;0;1;1;0;0;0;0
"05/10/2025";"00:18:00";"3";"Com vítima";"175,800";"BR-116/RJ";"Crescente";"Colisão traseira";2;0;0;0;0;0;0;0;0;0;0;5;0;0;0
"05/10/2025";"02:16:00";"26";"Com vítima";"185,050";"BR-116/RJ";"Crescente";"Colisão traseira";0;0;0;1;1;0;0;0;0;0;3;1;0;0;0
"05/10/2025";"06:15:00";"48";"Sem vítima";"192,000";"BR-116/RJ";"Crescente";"Colisão traseira";1;0;0;0;0;1;0;0;0;0;2;0;0;0;0
"05/10/2025";"07:50:00";"60";"Sem vítima";"662,000";"BR-116/MG";"Decrescente";"Choque";0;0;0;0;0;1;0;0;0;0;1;0;0;0;0
"05/10/2025";"08:28:00";"63";"Com vítima";"534,374";"BR-116/MG";"Crescente";"Colisão lateral em sentido contrário";1;0;0;1;0;0;0;0;0;0;5;0;0;0;1
"05/10/2025";"10:13:00";"77";"Sem vítima";"191,000";"BR-116/RJ";"Decrescente";"Queda de moto";0;0;1;1;0;0;0;0;0;0;3;0;0;0;0
"05/10/2025";"10:51:00";"83";"Com vítima";"184,000";"BR-116/RJ";"Crescente";"Colisão lateral no mesmo sentido";2;0;0;1;0;0;0;0;0;0;6;1;1;0;0
"05/10/2025";"11:55:00";"96";"Com vítima";"133,000";"BR-116/RJ";"Decrescente";"Queda de moto";0;0;0;1;0;0;0;0;0;0;0;2;0;0;0
"05/10/2025";"12:37:00";"102";"Com vítima";"16,000";"BR-493/RJ";"Decrescente";"Queda de moto";0;0;0;1;0;0;0;0;0;0;0;2;0;0;0
"05/10/2025";"15:22:00";"127";"Com vítima";"754,500";"BR-116/MG";"Crescente";"Colisão frontal";1;0;0;1;0;0;0;0;0;0;0;1;0;0;1
"05/10/2025";"16:28:00";"139";"Com vítima";"126,000";"BR-116/RJ";"Crescente";"Queda de moto";0;0;0;1;0;0;0;0;0;0;0;1;0;0;0
"05/10/2025";"17:04:00";"141";"Sem vítima";"182,000";"BR-116/RJ";"Crescente";"Colisão traseira";2;0;0;0;0;0;0;0;0;0;5;0;0;0;0
"05/10/2025";"17:46:00";"144";"Com vítima";"99,000";"BR-493/RJ";"Decrescente";"Colisão traseira";2;0;0;0;0;0;0;0;0;0;1;4;0;0;0
"05/10/2025";"18:27:00";"149";"Com vítima";"662,000";"BR-116/MG";"Crescente";"Atropelamento de animal";1;0;0;0;0;0;0;0;0;0;0;3;0;0;0
"05/10/2025";"18:41:00";"158";"Sem vítima";"173,000";"BR-116/RJ";"Crescente";"Colisão lateral no mesmo sentido";4;0;0;0;0;0;0;0;0;0;7;0;0;0;0
"05/10/2025";"20:28:00";"177";"Sem vítima";"63,000";"BR-116/RJ";"Decrescente";"Saída de pista";1;0;0;0;0;0;0;0;0;0;1;0;0;0;0
"05/10/2025";"20:39:00";"179";"Com vítima";"21,420";"BR-465/RJ";"Decrescente";"Colisão lateral no mesmo sentido";1;0;0;1;0;0;0;0;0;0;0;2;0;0;0
"05/10/2025";"20:46:00";"181";"Sem vítima";"98,000";"BR-116/RJ";"Decrescente";"Colisão traseira";2;0;0;0;0;0;0;0;0;0;2;0;0;0;0
"05/10/2025";"20:47:00";"182";"Com vítima";"177,000";"BR-116/RJ";"Crescente";"Colisão lateral no mesmo sentido";0;0;0;2;0;0;0;0;0;0;0;2;1;0;0
"05/10/2025";"20:59:00";"183";"Com vítima";"176,500";"BR-116/RJ";"Crescente";"Colisão traseira";1;0;0;0;0;0;0;0;0;1;0;2;0;0;0
"05/10/2025";"21:25:00";"189";"Sem vítima";"412,000";"BR-116/MG";"Decrescente";"Colisão lateral no mesmo sentido";1;0;0;2;0;0;0;0;0;0;3;0;0;0;0
"05/10/2025";"22:16:00";"194";"Com vítima";"11,000";"BR-465/RJ";"Decrescente";"Atropelamento de pedestre";1;0;0;0;0;0;0;0;0;0;1;1;0;0;0
"06/10/2025";"05:26:00";"123";"Sem vítima";"185,185";"BR-116/RJ";"Decrescente";"Engavetamento";2;0;0;0;0;0;0;0;0;1;3;0;0;0;0
"06/10/2025";"08:36:00";"148";"Com vítima";"539,603";"BR-116/MG";"Crescente";"Queda de moto";0;0;0;1;0;0;0;0;0;0;0;1;0;0;0
"06/10/2025";"09:18:00";"157";"Sem vítima";"144,840";"BR-116/RJ";"Crescente";"Engavetamento";2;0;0;0;0;1;0;0;0;0;4;0;0;0;0
"06/10/2025";"11:02:00";"182";"Com vítima";"22,552";"BR-493/RJ";"Decrescente";"Colisão lateral no mesmo sentido";1;0;0;1;0;0;0;0;0;0;1;1;0;0;0
"06/10/2025";"13:33:00";"210";"Com vítima";"539,515";"BR-116/MG";"Decrescente";"Colisão frontal";1;0;0;0;1;0;0;0;0;0;1;9;1;1;1
"06/10/2025";"16:20:00";"245";"Sem vítima";"102,000";"BR-116/RJ";"Crescente";"Choque";1;0;0;0;0;0;0;0;0;0;1;0;0;0;0
"06/10/2025";"17:02:00";"257";"Com vítima";"200,400";"BR-116/RJ";"Decrescente";"Colisão transversal";1;0;0;1;0;0;0;0;0;0;1;0;1;0;0
"06/10/2025";"18:09:00";"268";"Sem vítima";"140,000";"BR-116/RJ";"Decrescente";"Saída de pista";1;0;0;0;1;0;0;0;0;0;6;0;0;0;0
"06/10/2025";"19:18:00";"284";"Sem vítima";"578,000";"BR-116/MG";"Decrescente";"Capotamento";1;0;0;0;0;0;0;0;0;0;1;0;0;0;0
"06/10/2025";"19:34:00";"287";"Com vítima";"195,000";"BR-116/RJ";"Decrescente";"Atropelamento de pedestre";0;0;0;1;0;0;0;0;0;0;0;1;1;0;0
"07/10/2025";"04:28:00";"201";"Sem vítima";"82,000";"BR-493/RJ";"Decrescente";"Saída de pista";0;0;1;0;0;0;0;0;0;0;2;0;0;0;0
"07/10/2025";"05:12:00";"206";"Sem vítima";"96,000";"BR-493/RJ";"Decrescente";"Queda de moto";0;0;0;0;0;1;0;0;0;0;1;0;0;0;0
"07/10/2025";"06:51:00";"219";"Com vítima";"534,458";"BR-116/MG";"Decrescente";"Tombamento";0;0;0;1;0;1;0;0;0;0;1;0;0;0;1
"07/10/2025";"07:16:00";"222";"Com vítima";"112,000";"BR-116/RJ";"Crescente";"Queda de moto";0;0;0;1;0;0;0;0;0;0;0;0;1;0;0
"07/10/2025";"07:16:00";"223";"Sem vítima";"198,400";"BR-116/RJ";"Crescente";"Saída de pista";1;0;0;0;0;0;0;0;0;0;1;0;0;0;0
"07/10/2025";"09:24:00";"243";"Com vítima";"605,700";"BR-116/MG";"Crescente";"Colisão frontal";2;0;0;0;0;0;0;0;0;0;0;2;0;0;0
"07/10/2025";"11:06:00";"260";"Sem vítima";"13,670";"BR-493/RJ";"Crescente";"Colisão lateral no mesmo sentido";0;0;0;0;1;1;0;0;0;0;2;0;0;0;0
"07/10/2025";"11:25:00";"267";"Sem vítima";"187,000";"BR-116/RJ";"Decrescente";"Colisão traseira";2;0;0;0;0;0;0;0;0;0;2;0;0;0;0
"07/10/2025";"17:23:00";"348";"Com vítima";"410,976";"BR-116/MG";"Crescente";"Colisão lateral no mesmo sentido";1;0;0;1;0;0;0;0;0;0;1;1;0;0;0
"07/10/2025";"17:47:00";"353";"Com vítima";"169,000";"BR-116/RJ";"Crescente";"Engavetamento";0;0;1;1;1;0;0;0;0;0;2;0;1;0;0
"07/10/2025";"18:04:00";"355";"Com vítima";"93,000";"BR-116/RJ";"Decrescente";"Colisão lateral no mesmo sentido";2;0;0;0;0;0;0;0;0;0;1;1;0;0;0
"07/10/2025";"18:24:00";"359";"Com vítima";"417,000";"BR-116/MG";"Decrescente";"Colisão transversal";0;0;1;1;0;0;0;0;0;0;1;0;1;0;0
"07/10/2025";"18:38:00";"361";"Com vítima";"22,000";"BR-493/RJ";"Decrescente";"Colisão traseira";1;0;1;0;0;0;0;0;0;0;2;1;0;0;0
"07/10/2025";"23:32:00";"394";"Sem vítima";"695,000";"BR-116/MG";"Decrescente";"Capotamento";1;0;0;0;0;0;0;0;0;0;1;0;0;0;0
"07/10/2025";"23:41:00";"396";"Com vítima";"69,000";"BR-493/RJ";"Decrescente";"Capotamento";1;0;0;0;0;0;0;0;0;0;0;0;1;0;0
"08/10/2025";"05:50:00";"192";"Com vítima";"174,000";"BR-116/RJ";"Decrescente";"Colisão lateral no mesmo sentido";2;0;0;1;0;0;0;0;0;0;2;0;0;1;0
"08/10/2025";"07:10:00";"199";"Sem vítima";"170,000";"BR-116/RJ";"Decrescente";"Colisão lateral no mesmo sentido";1;0;0;1;0;0;0;0;0;0;2;0;0;0;0
"08/10/2025";"09:15:00";"219";"Com vítima";"142,000";"BR-116/RJ";"Crescente";"Colisão traseira";2;0;0;0;0;0;0;0;0;0;1;3;1;0;0
"08/10/2025";"10:30:00";"231";"Sem vítima";"129,000";"BR-116/RJ";"Decrescente";"Colisão traseira";0;0;1;0;1;0;0;0;0;0;2;0;0;0;0
"08/10/2025";"11:40:00";"239";"Com vítima";"66,000";"BR-116/RJ";"Crescente";"Colisão traseira";2;0;0;0;0;0;0;0;0;0;1;2;0;0;0
"08/10/2025";"14:04:00";"264";"Com vítima";"181,890";"BR-116/RJ";"Crescente";"Queda de moto";0;0;0;1;0;1;0;0;0;0;1;1;0;0;0
"08/10/2025";"14:55:00";"275";"Sem vítima";"413,000";"BR-116/MG";"Crescente";"Colisão traseira";1;0;0;0;0;0;0;0;0;1;2;0;0;0;0
"08/10/2025";"15:07:00";"276";"Com vítima";"113,000";"BR-116/RJ";"Decrescente";"Capotamento";1;0;0;0;0;0;0;0;0;0;0;1;0;0;0
"08/10/2025";"16:06:00";"288";"Sem vítima";"119,000";"BR-116/RJ";"Decrescente";"Choque";1;0;0;0;0;0;0;0;0;0;1;0;0;0;0
"08/10/2025";"17:11:00";"306";"Sem vítima";"3,750";"BR-493/RJ";"Decrescente";"Colisão traseira";1;0;0;0;1;0;0;0;0;0;2;0;0;0;0
"08/10/2025";"17:17:00";"307";"Sem vítima";"103,000";"BR-116/RJ";"Decrescente";"Colisão lateral no mesmo sentido";1;0;0;0;0;1;0;0;0;0;2;0;0;0;0
"08/10/2025";"17:25:00";"312";"Sem vítima";"8,000";"BR-465/RJ";"Crescente";"Colisão traseira";2;0;0;0;0;0;0;0;0;0;2;0;0;0;0
"08/10/2025";"18:18:00";"322";"Sem vítima";"2,000";"BR-465/RJ";"Decrescente";"Colisão transversal";2;0;0;0;0;0;0;0;0;0;2;0;0;0;0
"08/10/2025";"18:46:00";"329";"Com vítima";"187,000";"BR-116/RJ";"Crescente";"Capotamento";1;0;0;0;0;0;0;0;0;0;0;1;0;0;0
"08/10/2025";"20:33:00";"348";"Sem vítima";"171,000";"BR-116/RJ";"Crescente";"Colisão lateral no mesmo sentido";2;0;0;0;0;0;0;0;0;0;3;0;0;0;0
"08/10/2025";"20:37:00";"350";"Com vítima";"139,904";"BR-116/RJ";"Crescente";"Saída de pista";1;0;0;0;0;0;0;0;0;0;0;2;0;0;0
"08/10/2025";"20:46:00";"353";"Com vítima";"169,900";"BR-116/RJ";"Crescente";"Choque";0;0;1;0;0;0;0;0;0;0;0;1;0;0;0
"08/10/2025";"22:57:00";"366";"Sem vítima";"52,476";"BR-493/RJ";"Decrescente";"Choque";0;0;1;0;0;0;0;0;0;0;1;0;0;0;0
"09/10/2025";"00:45:00";"115";"Com vítima";"443,000";"BR-116/MG";"Decrescente";"Saída de pista";1;0;0;0;0;0;0;0;0;0;0;2;1;0;0
"09/10/2025";"04:11:00";"180";"Sem vítima";"58,673";"BR-116/RJ";"Crescente";"Atropelamento de animal";0;0;0;1;0;0;0;0;0;0;1;0;0;0;0
"09/10/2025";"07:46:00";"206";"Sem vítima";"148,000";"BR-116/RJ";"Decrescente";"Queda de moto";0;0;0;1;0;0;0;0;0;0;1;0;0;0;0
"09/10/2025";"07:55:00";"208";"Sem vítima";"176,000";"BR-116/RJ";"Crescente";"Choque";1;0;0;0;0;0;0;0;0;0;1;0;0;0;0
"09/10/2025";"08:06:00";"210";"Com vítima";"585,000";"BR-116/MG";"Crescente";"Colisão lateral no mesmo sentido";1;0;0;1;0;0;0;0;0;0;1;1;0;0;0
"09/10/2025";"09:14:00";"231";"Com vítima";"109,661";"BR-493/RJ";"Decrescente";"Colisão lateral em sentido contrário";1;0;1;0;1;0;0;0;0;0;45;2;0;0;0
"09/10/2025";"09:56:00";"238";"Sem vítima";"213,000";"BR-116/RJ";"Crescente";"Colisão lateral no mesmo sentido";1;0;0;0;0;1;0;0;0;0;2;0;0;0;0
"09/10/2025";"11:09:00";"252";"Com vítima";"815,502";"BR-116/MG";"Crescente";"Acidentes de outra natureza";0;0;0;1;0;1;0;0;0;0;1;1;0;0;0
"09/10/2025";"11:22:00";"255";"Sem vítima";"181,700";"BR-116/RJ";"Crescente";"Colisão traseira";1;0;0;1;0;0;0;0;0;0;2;0;0;0;0
"09/10/2025";"11:43:00";"258";"Sem vítima";"730,439";"BR-116/MG";"Crescente";"Colisão lateral em sentido contrário";0;0;0;0;0;2;0;0;0;0;2;0;0;0;0
"09/10/2025";"14:30:00";"293";"Com vítima";"697,000";"BR-116/MG";"Decrescente";"Choque";1;0;0;0;0;0;0;0;0;0;0;1;0;0;0
"09/10/2025";"16:42:00";"306";"Sem vítima";"416,500";"BR-116/MG";"Crescente";"Colisão traseira";0;0;0;2;0;0;0;0;0;0;2;0;0;0;0
"09/10/2025";"17:24:00";"313";"Com vítima";"40,275";"BR-116/RJ";"Decrescente";"Colisão frontal";1;0;0;1;0;0;0;0;0;0;1;1;0;0;0
"09/10/2025";"19:05:00";"326";"Com vítima";"586,000";"BR-116/MG";"Crescente";"Atropelamento de pedestre";0;0;0;0;0;1;0;0;0;0;1;0;0;1;0
"09/10/2025";"19:26:00";"328";"Com vítima";"16,000";"BR-465/RJ";"Crescente";"Atropelamento de animal";1;0;0;0;0;0;1;0;0;0;0;2;0;0;0
"09/10/2025";"20:06:00";"334";"Sem vítima";"63,000";"BR-493/RJ";"Crescente";"Saída de pista";0;0;0;0;0;1;0;0;0;0;1;0;0;0;0
"10/10/2025";"08:29:00";"204";"Sem vítima";"779,000";"BR-116/MG";"Decrescente";"Acidentes de outra natureza";0;0;1;0;0;0;0;0;0;1;2;0;0;0;0
"10/10/2025";"10:26:00";"227";"Sem vítima";"59,302";"BR-493/RJ";"Decrescente";"Saída de pista";1;0;0;0;0;0;0;0;0;0;1;0;0;0;0
"10/10/2025";"12:46:00";"252";"Sem vítima";"555,397";"BR-116/MG";"Decrescente";"Colisão lateral em sentido contrário";1;0;1;0;0;0;0;0;0;0;5;0;0;0;0
"10/10/2025";"14:01:00";"260";"Com vítima";"18,000";"BR-465/RJ";"Crescente";"Colisão transversal";1;0;0;0;0;1;0;0;0;0;1;0;2;0;0
"10/10/2025";"16:33:00";"295";"Sem vítima";"458,658";"BR-116/MG";"Decrescente";"Colisão traseira";1;0;0;1;0;0;0;0;0;0;2;0;0;0;0
"10/10/2025";"16:38:00";"296";"Com vítima";"147,311";"BR-116/RJ";"Crescente";"Colisão lateral no mesmo sentido";1;0;0;1;0;0;0;0;0;0;1;0;1;0;0
"10/10/2025";"16:51:00";"298";"Com vítima";"141,969";"BR-116/RJ";"Decrescente";"Colisão frontal";1;0;0;1;0;0;0;0;0;0;1;1;0;0;0
"10/10/2025";"18:29:00";"320";"Com vítima";"0,000";"BR-493/RJ";"Crescente";"Choque";1;0;0;0;0;0;0;0;0;0;0;1;0;0;0
"10/10/2025";"19:18:00";"332";"Sem vítima";"767,850";"BR-116/MG";"Decrescente";"Colisão traseira";2;0;0;0;0;0;0;0;0;0;2;0;0;0;0
"10/10/2025";"19:53:00";"340";"Sem vítima";"183,000";"BR-116/RJ";"Crescente";"Colisão lateral no mesmo sentido";2;0;0;1;0;0;0;0;0;0;4;0;0;0;0
"10/10/2025";"20:35:00";"348";"Sem vítima";"127,000";"BR-116/RJ";"Decrescente";"Queda de moto";0;0;0;1;0;0;0;0;0;0;1;0;0;0;0