data;horario;n_da_ocorrencia;tipo_de_ocorrencia;km;trecho;sentido;tipo_de_acidente;automovel;bicicleta;caminhao;moto;onibus;outros;tracao_animal;transporte_de_cargas_especiais;trator_maquinas;utilitarios;ilesos;levemente_feridos;moderadamente_feridos;gravemente_feridos;mortos
"10/10/2025";"20:41:00";"351";"Sem vítima";"107,000";"BR-493/RJ";"Decrescente";"Colisão lateral no mesmo sentido";1;0;1;0;0;0;0;0;0;0;2;0;0;0;0
"10/10/2025";"21:02:00";"353";"Com vítima";"9,000";"BR-465/RJ";"Crescente";"Colisão frontal";1;0;0;1;0;0;0;0;0;0;1;0;1;0;0
"10/10/2025";"21:09:00";"354";"Sem vítima";"51,000";"BR-493/RJ";"Crescente";"Choque";1;0;0;0;0;0;0;0;0;0;1;0;0;0;0
"10/10/2025";"23:36:00";"368";"Sem vítima";"110,000";"BR-116/RJ";"Crescente";"Saída de pista";1;0;0;0;0;0;0;0;0;0;1;0;0;0;0
"11/10/2025";"00:31:00";"16";"Sem vítima";"78,500";"BR-116/RJ";"Decrescente";"Saída de pista";1;0;0;0;0;0;0;0;0;0;1;0;0;0;0
"11/10/2025";"02:14:00";"90";"Com vítima";"175,000";"BR-116/RJ";"Crescente";"Colisão traseira";2;0;0;0;0;0;0;0;0;0;0;2;0;0;0
"11/10/2025";"05:34:00";"129";"Sem vítima";"409,000";"BR-116/MG";"Crescente";"Colisão traseira";2;0;0;0;0;0;0;0;0;0;2;0;0;0;0
"11/10/2025";"05:37:00";"130";"Sem vítima";"176,200";"BR-116/RJ";"Decrescente";"Choque";1;0;0;0;0;0;0;0;0;0;1;0;0;0;0
"11/10/2025";"06:24:00";"135";"Sem vítima";"631,000";"BR-116/MG";"Decrescente";"Capotamento";1;0;0;0;0;0;0;0;0;0;1;0;0;0;0
"11/10/2025";"07:04:00";"142";"Com vítima";"95,200";"BR-493/RJ";"Crescente";"Capotamento";1;0;0;0;0;0;0;0;0;0;0;1;0;0;0
"11/10/2025";"08:58:00";"163";"Sem vítima";"201,600";"BR-116/RJ";"Decrescente";"Colisão traseira";2;0;0;0;0;0;0;0;0;0;4;0;0;0;0
"11/10/2025";"09:00:00";"168";"Com vítima";"146,000";"BR-116/RJ";"Decrescente";"Colisão traseira";2;0;1;0;0;0;0;0;0;0;2;1;0;0;0
"11/10/2025";"09:01:00";"165";"Sem vítima";"176,000";"BR-116/RJ";"Decrescente";"Engavetamento";3;0;0;0;0;0;0;0;0;0;3;0;0;0;0
"11/10/2025";"09:22:00";"171";"Com vítima";"176,000";"BR-116/RJ";"Decrescente";"Queda de moto";0;0;0;1;0;0;0;0;0;0;1;1;0;0;0
"11/10/2025";"10:37:00";"178";"Sem vítima";"146,000";"BR-116/RJ";"Decrescente";"Colisão lateral no mesmo sentido";0;0;0;2;0;0;0;0;0;0;2;0;0;0;0
"11/10/2025";"11:14:00";"183";"Com vítima";"415,725";"BR-116/MG";"Decrescente";"Colisão transversal";1;0;0;1;0;0;0;0;0;0;1;1;0;0;0
"11/10/2025";"12:29:00";"197";"Com vítima";"177,000";"BR-116/RJ";"Crescente";"Colisão traseira";1;0;0;1;0;0;0;0;0;0;1;2;0;0;0
"11/10/2025";"12:44:00";"199";"Sem vítima";"177,000";"BR-116/RJ";"Crescente";"Colisão traseira";2;0;0;0;0;0;0;0;0;0;2;0;0;0;0
"11/10/2025";"13:54:00";"212";"Sem vítima";"187,000";"BR-116/RJ";"Decrescente";"Colisão traseira";2;0;0;0;0;0;0;0;0;0;4;0;0;0;0
"11/10/2025";"14:59:00";"225";"Sem vítima";"52,000";"BR-493/RJ";"Decrescente";"Saída de pista";1;0;0;0;0;0;0;0;0;0;2;0;0;0;0
"11/10/2025";"18:25:00";"253";"Com vítima";"184,000";"BR-116/RJ";"Crescente";"Colisão lateral em sentido contrário";0;0;0;2;0;0;0;0;0;0;3;1;0;0;0
"11/10/2025";"18:29:00";"254";"Com vítima";"70,000";"BR-116/RJ";"Crescente";"Atropelamento de pedestre";0;0;0;0;0;1;0;0;0;0;1;0;1;0;0
"11/10/2025";"18:35:00";"255";"Sem vítima";"22,000";"BR-493/RJ";"Crescente";"Colisão traseira";1;0;0;1;0;0;0;0;0;0;2;0;0;0;0
"11/10/2025";"19:42:00";"261";"Com vítima";"80,000";"BR-116/RJ";"Decrescente";"Atropelamento de ciclista";0;1;0;0;0;1;0;0;0;0;1;0;0;0;0
"11/10/2025";"19:46:00";"262";"Com vítima";"19,000";"BR-493/RJ";"Crescente";"Colisão traseira";2;0;0;0;0;0;0;0;0;0;0;3;0;0;0
"11/10/2025";"20:01:00";"266";"Sem vítima";"20,000";"BR-465/RJ";"Crescente";"Colisão lateral no mesmo sentido";1;0;0;1;0;0;0;0;0;0;4;0;0;0;0
"11/10/2025";"20:23:00";"270";"Sem vítima";"30,000";"BR-116/RJ";"Decrescente";"Choque";1;0;0;0;0;0;0;0;0;0;1;0;0;0;0
"11/10/2025";"20:24:00";"271";"Sem vítima";"198,000";"BR-116/RJ";"Decrescente";"Choque";1;0;0;0;0;0;0;0;0;0;1;0;0;0;0
"11/10/2025";"20:50:00";"279";"Com vítima";"193,900";"BR-116/RJ";"Decrescente";"Saída de pista";1;0;0;0;0;0;0;0;0;0;0;0;1;0;0
"11/10/2025";"22:45:00";"299";"Sem vítima";"29,000";"BR-116/RJ";"Decrescente";"Choque";1;0;0;0;0;0;0;0;0;0;1;0;0;0;0
"11/10/2025";"22:56:00";"304";"Sem vítima";"129,000";"BR-116/RJ";"Decrescente";"Choque";1;0;0;0;0;0;0;0;0;0;3;0;0;0;0
"12/10/2025";"01:20:00";"16";"Com vítima";"715,000";"BR-116/MG";"Crescente";"Colisão lateral em sentido contrário";1;0;1;0;0;0;0;0;0;0;1;0;0;1;0
"12/10/2025";"03:45:00";"55";"Sem vítima";"495,000";"BR-116/MG";"Crescente";"Choque";1;0;0;0;0;0;0;0;0;0;1;0;0;0;0
"12/10/2025";"03:48:00";"56";"Sem vítima";"177,000";"BR-116/RJ";"Crescente";"Choque";1;0;0;0;0;0;0;0;0;0;2;0;0;0;0
"12/10/2025";"05:59:00";"64";"Sem vítima";"139,179";"BR-116/RJ";"Decrescente";"Capotamento";1;0;0;0;0;0;0;0;0;0;5;0;0;0;0
"12/10/2025";"06:22:00";"66";"Com vítima";"20,462";"BR-493/RJ";"Crescente";"Atropelamento de pedestre";0;0;0;0;0;1;0;0;0;0;1;0;0;0;1
"12/10/2025";"07:10:00";"70";"Com vítima";"64,805";"BR-493/RJ";"Crescente";"Choque";1;0;0;0;0;0;0;0;0;0;6;2;0;0;0
"12/10/2025";"09:17:00";"90";"Com vítima";"769,337";"BR-116/MG";"Decrescente";"Acidentes de outra natureza";1;0;0;0;0;0;0;0;0;0;4;1;0;0;0
"12/10/2025";"10:27:00";"96";"Com vítima";"75,844";"BR-116/RJ";"Crescente";"Colisão lateral em sentido contrário";0;0;0;1;0;0;0;0;0;1;4;0;0;0;1
"12/10/2025";"11:38:00";"102";"Com vítima";"180,267";"BR-116/RJ";"Decrescente";"Choque";1;0;0;0;0;0;0;0;0;0;0;0;1;0;0
"12/10/2025";"15:52:00";"136";"Com vítima";"69,000";"BR-116/RJ";"Crescente";"Capotamento";1;0;0;0;0;0;0;0;0;0;1;2;0;0;0
"12/10/2025";"16:25:00";"143";"Com vítima";"101,180";"BR-116/RJ";"Crescente";"Queda de moto";0;0;0;1;0;0;0;0;0;0;0;1;0;0;0
"12/10/2025";"16:39:00";"146";"Sem vítima";"488,700";"BR-116/MG";"Crescente";"Engavetamento";3;0;0;0;0;0;0;0;0;1;6;0;0;0;0
"12/10/2025";"16:50:00";"149";"Com vítima";"81,000";"BR-493/RJ";"Decrescente";"Choque";1;0;0;0;0;0;0;0;0;0;0;0;1;1;0
"12/10/2025";"18:38:00";"166";"Sem vítima";"17,000";"BR-465/RJ";"Crescente";"Colisão traseira";2;0;0;0;0;0;0;0;0;0;2;0;0;0;0
"12/10/2025";"18:54:00";"172";"Sem vítima";"147,000";"BR-116/RJ";"Decrescente";"Colisão traseira";1;0;0;1;0;0;0;0;0;0;3;0;0;0;0
"12/10/2025";"19:09:00";"178";"Com vítima";"540,100";"BR-116/MG";"Decrescente";"Colisão traseira";1;0;0;1;0;0;0;0;0;0;1;0;1;0;0
"12/10/2025";"19:11:00";"179";"Com vítima";"119,100";"BR-116/RJ";"Crescente";"Engavetamento";3;0;0;0;0;0;0;0;0;0;4;4;0;0;0
"12/10/2025";"19:19:00";"181";"Com vítima";"183,000";"BR-116/RJ";"Crescente";"Colisão lateral no mesmo sentido";1;0;0;1;0;0;0;0;0;0;1;1;0;0;0
"13/10/2025";"01:02:00";"32";"Sem vítima";"142,000";"BR-116/RJ";"Crescente";"Tombamento";1;0;0;0;0;0;0;0;0;0;1;0;0;0;0
"13/10/2025";"05:49:00";"123";"Sem vítima";"175,000";"BR-116/RJ";"Decrescente";"Engavetamento";3;0;0;0;0;0;0;0;0;0;4;0;0;0;0
"13/10/2025";"08:52:00";"150";"Sem vítima";"725,465";"BR-116/MG";"Decrescente";"Tombamento";0;0;1;0;0;0;0;0;0;0;2;0;0;0;0
"13/10/2025";"09:31:00";"155";"Sem vítima";"778,477";"BR-116/MG";"Decrescente";"Choque";1;0;0;0;0;0;0;0;0;0;3;0;0;0;0
"13/10/2025";"10:57:00";"176";"Com vítima";"22,700";"BR-493/RJ";"Decrescente";"Atropelamento de pedestre";0;1;0;1;0;0;0;0;0;0;0;1;0;0;0
"13/10/2025";"12:34:00";"194";"Com vítima";"212,000";"BR-116/RJ";"Decrescente";"Engavetamento";2;0;1;0;0;1;0;0;0;0;7;0;1;0;0
"13/10/2025";"16:04:00";"230";"Com vítima";"601,663";"BR-116/MG";"Crescente";"Colisão frontal";0;0;1;0;0;1;0;0;0;1;0;3;0;0;1
"13/10/2025";"16:45:00";"233";"Sem vítima";"655,665";"BR-116/MG";"Decrescente";"Colisão lateral no mesmo sentido";0;0;2;0;0;0;0;0;0;0;2;0;0;0;0
"13/10/2025";"18:31:00";"251";"Sem vítima";"87,287";"BR-493/RJ";"Crescente";"Capotamento";1;0;0;0;0;0;0;0;0;0;1;0;0;0;0
"13/10/2025";"19:29:00";"259";"Com vítima";"453,000";"BR-116/MG";"Crescente";"Queda de moto";0;0;0;1;0;0;0;0;0;0;0;0;1;0;0
"13/10/2025";"20:34:00";"273";"Com vítima";"81,000";"BR-116/RJ";"Decrescente";"Atropelamento de pedestre";1;0;0;0;0;0;0;0;0;0;0;3;0;0;0
"13/10/2025";"23:23:00";"294";"Com vítima";"15,134";"BR-465/RJ";"Decrescente";"Queda de moto";1;0;0;1;0;0;0;0;0;0;2;0;1;0;0
"14/10/2025";"05:46:00";"173";"Sem vítima";"97,000";"BR-493/RJ";"Crescente";"Choque";0;0;0;0;0;0;0;0;0;1;1;0;0;0;0
"14/10/2025";"06:08:00";"174";"Sem vítima";"681,000";"BR-116/MG";"Crescente";"Capotamento";1;0;0;0;0;0;0;0;0;0;3;0;0;0;0
"14/10/2025";"07:15:00";"180";"Sem vítima";"18,000";"BR-493/RJ";"Decrescente";"Colisão lateral em sentido contrário";1;0;0;0;0;1;0;0;0;0;2;0;0;0;0
"14/10/2025";"07:30:00";"184";"Sem vítima";"15,700";"BR-465/RJ";"Crescente";"Colisão traseira";1;0;0;0;1;0;0;0;0;0;2;0;0;0;0
"14/10/2025";"07:36:00";"186";"Sem vítima";"55,000";"BR-116/RJ";"Decrescente";"Choque";0;0;0;0;0;0;0;0;0;1;1;0;0;0;0
"14/10/2025";"09:51:00";"204";"Sem vítima";"595,000";"BR-116/MG";"Decrescente";"Saída de pista";1;0;0;0;0;0;0;0;0;0;1;0;0;0;0
"14/10/2025";"12:04:00";"225";"Com vítima";"146,700";"BR-116/RJ";"Crescente";"Queda de moto";0;0;0;1;0;0;0;0;0;0;0;1;0;1;0
"14/10/2025";"13:07:00";"242";"Com vítima";"173,000";"BR-116/RJ";"Decrescente";"Engavetamento";3;0;0;0;0;0;0;0;0;0;0;5;0;0;0
"14/10/2025";"15:51:00";"263";"Com vítima";"144,000";"BR-116/RJ";"Decrescente";"Tombamento";0;0;1;0;0;0;0;0;0;0;0;1;0;0;0
"14/10/2025";"16:16:00";"265";"Com vítima";"145,000";"BR-116/RJ";"Crescente";"Queda de moto";0;0;0;1;0;0;0;0;0;0;1;1;0;0;0
"14/10/2025";"16:54:00";"277";"Com vítima";"414,000";"BR-116/MG";"Decrescente";"Colisão lateral no mesmo sentido";0;1;0;1;0;0;0;0;0;0;0;1;0;0;0
"14/10/2025";"19:16:00";"298";"Com vítima";"765,000";"BR-116/MG";"Decrescente";"Queda de moto";0;0;0;1;0;0;0;0;0;0;0;1;0;0;0
"14/10/2025";"21:25:00";"319";"Com vítima";"6,350";"BR-493/RJ";"Crescente";"Colisão lateral no mesmo sentido";1;0;0;1;0;0;0;0;0;0;1;2;0;0;0
"14/10/2025";"22:34:00";"323";"Com vítima";"93,000";"BR-116/RJ";"Crescente";"Choque";1;0;0;0;0;0;0;0;0;0;0;1;0;0;0
"14/10/2025";"23:35:00";"326";"Com vítima";"187,605";"BR-116/RJ";"Crescente";"Colisão traseira";1;0;1;0;0;0;0;0;0;0;1;1;1;0;0
"14/10/2025";"23:43:00";"329";"Com vítima";"783,700";"BR-116/MG";"Decrescente";"Tombamento";0;0;0;0;0;1;0;0;0;0;0;0;1;0;0
"15/10/2025";"03:46:00";"144";"Com vítima";"169,800";"BR-116/RJ";"Crescente";"Colisão lateral no mesmo sentido";0;0;0;1;0;1;0;0;0;0;1;1;0;0;0
"15/10/2025";"07:31:00";"197";"Sem vítima";"185,200";"BR-116/RJ";"Decrescente";"Engavetamento";3;0;0;0;0;0;0;0;0;0;3;0;0;0;0
"15/10/2025";"07:54:00";"202";"Sem vítima";"195,300";"BR-116/RJ";"Decrescente";"Colisão traseira";1;0;1;0;0;0;0;0;0;0;2;0;0;0;0
"15/10/2025";"08:05:00";"206";"Com vítima";"184,129";"BR-116/RJ";"Decrescente";"Colisão traseira";1;0;0;1;0;0;0;0;0;0;1;1;0;0;0
"15/10/2025";"08:12:00";"208";"Com vítima";"187,300";"BR-116/RJ";"Decrescente";"Colisão lateral no mesmo sentido";1;0;0;1;0;0;0;0;0;0;1;2;0;0;0
"15/10/2025";"09:23:00";"226";"Sem vítima";"521,825";"BR-116/MG";"Crescente";"Engavetamento";3;0;0;0;0;0;0;0;0;0;4;0;0;0;0
"15/10/2025";"09:42:00";"233";"Com vítima";"186,007";"BR-116/RJ";"Decrescente";"Colisão traseira";1;0;0;1;0;0;0;0;0;0;1;1;1;0;0
"15/10/2025";"16:23:00";"297";"Com vítima";"20,500";"BR-465/RJ";"Crescente";"Colisão transversal";1;0;0;1;0;0;0;0;0;0;1;2;0;0;0
"15/10/2025";"16:30:00";"301";"Sem vítima";"553,343";"BR-116/MG";"Crescente";"Saída de pista";1;0;0;0;0;0;0;0;0;0;1;0;0;0;0
"15/10/2025";"16:40:00";"304";"Com vítima";"201,907";"BR-116/RJ";"Crescente";"Capotamento";1;0;0;0;0;0;0;0;0;0;0;1;0;0;0
"15/10/2025";"22:13:00";"352";"Com vítima";"172,000";"BR-116/RJ";"Crescente";"Colisão lateral no mesmo sentido";1;0;0;1;0;0;0;0;0;0;1;1;1;0;0
"15/10/2025";"22:24:00";"356";"Sem vítima";"116,000";"BR-116/RJ";"Decrescente";"Atropelamento de animal";1;0;0;0;0;0;0;0;0;0;1;0;0;0;0
"15/10/2025";"22:49:00";"360";"Sem vítima";"143,000";"BR-116/RJ";"Decrescente";"Colisão lateral no mesmo sentido";2;0;0;0;0;0;0;0;0;0;5;0;0;0;0
"16/10/2025";"00:11:00";"5";"Com vítima";"24,000";"BR-116/RJ";"Crescente";"Capotamento";0;0;0;0;0;0;0;0;0;1;0;0;1;0;0
"16/10/2025";"06:12:00";"190";"Com vítima";"117,873";"BR-493/RJ";"Crescente";"Acidentes de outra natureza";1;0;0;0;0;0;0;0;0;0;0;1;0;0;0
"16/10/2025";"06:21:00";"193";"Com vítima";"534,573";"BR-116/MG";"Decrescente";"Tombamento";0;0;0;0;0;1;0;0;0;0;0;0;0;1;0
"16/10/2025";"06:27:00";"194";"Com vítima";"600,240";"BR-116/MG";"Decrescente";"Colisão transversal";0;0;0;1;0;1;0;0;0;0;1;0;1;0;0
"16/10/2025";"06:53:00";"197";"Com vítima";"182,500";"BR-116/RJ";"Crescente";"Queda de moto";0;0;0;1;0;0;0;0;0;0;0;2;0;0;0
"16/10/2025";"13:01:00";"254";"Com vítima";"702,000";"BR-116/MG";"Decrescente";"Colisão transversal";1;0;0;1;0;0;0;0;0;0;1;0;1;1;0
"16/10/2025";"14:50:00";"268";"Com vítima";"649,204";"BR-116/MG";"Crescente";"Choque";1;0;0;0;0;0;0;0;0;0;0;1;0;0;0
"16/10/2025";"16:54:00";"294";"Com vítima";"505,564";"BR-116/MG";"Decrescente";"Colisão traseira";0;0;0;1;0;0;0;0;0;1;1;1;0;0;0
"16/10/2025";"17:58:00";"301";"Com vítima";"506,000";"BR-116/MG";"Crescente";"Colisão traseira";2;0;0;0;0;0;0;0;0;0;1;1;0;0;0
"16/10/2025";"18:26:00";"306";"Sem vítima";"596,000";"BR-116/MG";"Crescente";"Colisão traseira";2;0;0;0;0;0;0;0;0;0;3;0;0;0;0
"16/10/2025";"19:19:00";"323";"Com vítima";"622,000";"BR-116/MG";"Decrescente";"Colisão lateral em sentido contrário";1;0;0;1;0;0;0;0;0;0;1;1;0;0;0
"16/10/2025";"22:03:00";"345";"Com vítima";"5,000";"BR-465/RJ";"Crescente";"Colisão frontal";0;0;0;1;0;0;0;0;0;1;1;0;0;1;0
"17/10/2025";"01:22:00";"135";"Sem vítima";"709,000";"BR-116/MG";"Decrescente";"Choque";1;0;0;0;0;0;0;0;0;0;1;0;0;0;0
"17/10/2025";"02:00:00";"137";"Sem vítima";"174,000";"BR-116/RJ";"Decrescente";"Choque";1;0;0;0;0;0;0;0;0;0;1;0;0;0;0
"17/10/2025";"08:48:00";"205";"Com vítima";"115,660";"BR-116/RJ";"Crescente";"Queda de moto";0;0;0;1;0;0;0;0;0;0;0;0;0;1;0
"17/10/2025";"09:22:00";"188";"Com vítima";"702,000";"BR-116/MG";"Decrescente";"Colisão lateral no mesmo sentido";1;0;0;1;0;0;0;0;0;0;1;0;1;0;0
"17/10/2025";"09:55:00";"213";"Com vítima";"182,000";"BR-116/RJ";"Crescente";"Colisão lateral no mesmo sentido";1;0;0;2;0;0;0;0;0;0;4;2;0;0;0
"17/10/2025";"11:28:00";"228";"Com vítima";"203,800";"BR-116/RJ";"Crescente";"Choque";0;0;0;0;1;0;0;0;0;0;0;1;0;0;0
"17/10/2025";"11:49:00";"235";"Sem vítima";"426,000";"BR-116/MG";"Crescente";"Atropelamento de animal";1;0;0;0;0;0;0;0;0;0;2;0;0;0;0
"17/10/2025";"12:45:00";"248";"Com vítima";"136,826";"BR-116/RJ";"Decrescente";"Queda de moto";0;0;0;1;0;0;0;0;0;0;0;1;0;0;0
"17/10/2025";"14:18:00";"263";"Com vítima";"183,000";"BR-116/RJ";"Crescente";"Colisão lateral no mesmo sentido";1;0;0;1;0;0;0;0;0;0;5;0;1;0;0
"17/10/2025";"15:56:00";"285";"Sem vítima";"174,000";"BR-116/RJ";"Decrescente";"Colisão traseira";2;0;0;0;0;0;0;0;0;0;6;0;0;0;0
"17/10/2025";"16:26:00";"289";"Com vítima";"137,779";"BR-116/RJ";"Decrescente";"Colisão lateral no mesmo sentido";1;0;1;0;0;0;0;0;0;0;1;1;0;0;0
"17/10/2025";"16:53:00";"295";"Com vítima";"536,000";"BR-116/MG";"Decrescente";"Colisão lateral em sentido contrário";1;0;0;1;0;0;0;0;0;0;1;0;1;0;0
"17/10/2025";"16:58:00";"298";"Com vítima";"81,665";"BR-116/RJ";"Crescente";"Colisão transversal";0;0;0;1;0;1;0;0;0;0;1;0;1;0;0
"17/10/2025";"19:17:00";"321";"Com vítima";"174,025";"BR-116/RJ";"Crescente";"Colisão lateral no mesmo sentido";2;0;0;1;0;0;0;0;0;0;3;0;0;1;0
"17/10/2025";"19:39:00";"329";"Com vítima";"417,000";"BR-116/MG";"Decrescente";"Colisão lateral no mesmo sentido";2;0;0;0;0;0;0;0;0;0;0;3;1;0;0
"17/10/2025";"20:16:00";"334";"Com vítima";"7,439";"BR-465/RJ";"Decrescente";"Colisão traseira";0;0;0;1;0;0;1;0;0;0;0;0;1;0;0
"17/10/2025";"20:24:00";"338";"Com vítima";"106,000";"BR-116/RJ";"Crescente";"Colisão lateral em sentido contrário";1;0;0;1;0;0;0;0;0;0;1;0;2;0;0
"17/10/2025";"20:36:00";"340";"Com vítima";"631,000";"BR-116/MG";"Crescente";"Colisão lateral em sentido contrário";1;0;0;0;0;0;0;0;0;0;1;0;1;0;0
"17/10/2025";"22:14:00";"354";"Com vítima";"665,000";"BR-116/MG";"Decrescente";"Queda de moto";0;0;0;1;0;0;0;0;0;0;0;1;0;1;0
"17/10/2025";"22:21:00";"358";"Com vítima";"172,600";"BR-116/RJ";"Crescente";"Queda de moto";0;0;0;1;0;0;0;0;0;0;0;1;0;0;0
"18/10/2025";"00:53:00";"64";"Sem vítima";"641,000";"BR-116/MG";"Crescente";"Choque";1;0;0;0;0;0;0;0;0;0;1;0;0;0;0
"18/10/2025";"03:08:00";"109";"Com vítima";"558,000";"BR-116/MG";"Decrescente";"Capotamento";1;0;0;0;0;0;0;0;0;0;0;1;1;0;0
"18/10/2025";"05:57:00";"143";"Sem vítima";"582,000";"BR-116/MG";"Decrescente";"Choque";1;0;0;0;0;0;0;0;0;0;1;0;0;0;0
"18/10/2025";"07:03:00";"147";"Sem vítima";"510,000";"BR-116/MG";"Decrescente";"Choque";1;0;0;0;0;0;0;0;0;0;1;0;0;0;0
"18/10/2025";"07:52:00";"154";"Com vítima";"5,900";"BR-465/RJ";"Crescente";"Colisão lateral no mesmo sentido";1;0;0;1;0;0;0;0;0;0;2;1;0;0;0
"18/10/2025";"10:02:00";"174";"Sem vítima";"651,000";"BR-116/MG";"Decrescente";"Engavetamento";1;0;0;0;0;2;0;0;0;0;7;0;0;0;0
"18/10/2025";"13:14:00";"210";"Com vítima";"52,000";"BR-493/RJ";"Decrescente";"Choque";0;0;0;1;0;0;0;0;0;0;0;1;0;0;0
"18/10/2025";"13:16:00";"211";"Sem vítima";"802,000";"BR-116/MG";"Decrescente";"Colisão traseira";1;0;0;0;0;1;0;0;0;0;2;0;0;0;0
"18/10/2025";"14:37:00";"231";"Com vítima";"739,000";"BR-116/MG";"Decrescente";"Queda de moto";0;0;0;1;0;0;0;0;0;0;0;1;0;0;0
"18/10/2025";"16:03:00";"245";"Com vítima";"62,800";"BR-116/RJ";"Decrescente";"Capotamento";1;0;0;0;0;0;0;0;0;0;0;3;1;0;0
"18/10/2025";"18:48:00";"274";"Sem vítima";"50,000";"BR-116/RJ";"Decrescente";"Colisão traseira";1;0;0;0;0;1;0;0;0;0;2;0;0;0;0
"18/10/2025";"19:06:00";"278";"Com vítima";"524,000";"BR-116/MG";"Decrescente";"Colisão lateral no mesmo sentido";0;0;1;1;0;0;0;0;0;0;1;2;0;0;0
"18/10/2025";"19:44:00";"283";"Sem vítima";"19,438";"BR-465/RJ";"Crescente";"Engavetamento";3;0;0;0;0;0;0;0;0;0;3;0;0;0;0
"18/10/2025";"19:51:00";"286";"Com vítima";"815,000";"BR-116/MG";"Decrescente";"Colisão transversal";1;0;1;0;0;0;0;0;0;0;1;0;0;2;0
"18/10/2025";"19:55:00";"288";"Sem vítima";"185,000";"BR-116/RJ";"Decrescente";"Saída de pista";1;0;0;0;0;0;0;0;0;0;4;0;0;0;0
"18/10/2025";"21:09:00";"294";"Sem vítima";"171,456";"BR-116/RJ";"Crescente";"Choque";1;0;0;0;0;0;0;0;0;0;1;0;0;0;0
"18/10/2025";"21:33:00";"298";"Com vítima";"527,000";"BR-116/MG";"Decrescente";"Atropelamento de ciclista";0;1;0;1;0;0;0;0;0;0;1;0;0;0;0
"18/10/2025";"22:48:00";"305";"Sem vítima";"96,711";"BR-493/RJ";"Crescente";"Saída de pista";1;0;0;0;0;0;0;0;0;0;2;0;0;0;0
"18/10/2025";"23:31:00";"315";"Sem vítima";"95,500";"BR-493/RJ";"Crescente";"Saída de pista";1;0;0;0;0;0;0;0;0;0;1;0;0;0;0
"19/10/2025";"01:12:00";"48";"Sem vítima";"415,000";"BR-116/MG";"Decrescente";"Colisão traseira";1;0;0;1;0;0;0;0;0;0;2;0;0;0;0
"19/10/2025";"01:13:00";"49";"Sem vítima";"183,800";"BR-116/RJ";"Crescente";"Colisão transversal";2;0;0;0;0;0;0;0;0;0;2;0;0;0;0
"19/10/2025";"02:11:00";"63";"Com vítima";"413,000";"BR-116/MG";"Crescente";"Choque";0;0;0;1;0;0;0;0;0;0;0;1;0;0;0
"19/10/2025";"02:12:00";"64";"Sem vítima";"117,000";"BR-116/RJ";"Crescente";"Queda de moto";0;0;0;1;0;0;0;0;0;0;1;0;0;0;0
"19/10/2025";"05:12:00";"78";"Sem vítima";"812,397";"BR-116/MG";"Crescente";"Colisão traseira";1;0;0;0;1;0;0;0;0;0;2;0;0;0;0
"19/10/2025";"10:43:00";"117";"Com vítima";"79,116";"BR-116/RJ";"Decrescente";"Colisão lateral em sentido contrário";1;0;0;0;0;0;0;0;0;1;0;0;1;1;0
"19/10/2025";"10:52:00";"118";"Sem vítima";"704,000";"BR-116/MG";"Crescente";"Colisão lateral em sentido contrário";2;0;0;0;0;0;0;0;0;0;4;0;0;0;0
"19/10/2025";"12:56:00";"140";"Com vítima";"805,000";"BR-116/MG";"Decrescente";"Choque";1;0;0;0;0;0;0;0;0;0;0;0;0;1;0
"19/10/2025";"13:53:00";"149";"Sem vítima";"20,000";"BR-465/RJ";"Crescente";"Colisão frontal";1;0;0;1;0;0;0;0;0;0;2;0;0;0;0
"19/10/2025";"14:44:00";"159";"Sem vítima";"79,172";"BR-116/RJ";"Decrescente";"Colisão lateral em sentido contrário";2;0;0;0;0;0;0;0;0;0;5;0;0;0;0
"19/10/2025";"15:13:00";"162";"Com vítima";"423,000";"BR-116/MG";"Decrescente";"Colisão frontal";0;0;0;2;0;0;0;0;0;0;1;0;1;0;0
"19/10/2025";"15:45:00";"167";"Com vítima";"99,504";"BR-116/RJ";"Decrescente";"Choque";1;0;0;0;0;0;0;0;0;0;0;2;0;0;0
"19/10/2025";"16:11:00";"170";"Sem vítima";"70,000";"BR-116/RJ";"Crescente";"Choque";1;0;0;0;0;0;0;0;0;0;1;0;0;0;0
"19/10/2025";"18:35:00";"185";"Sem vítima";"420,000";"BR-116/MG";"Decrescente";"Atropelamento de animal";1;0;0;0;0;0;0;0;0;0;1;0;0;0;0
"19/10/2025";"19:26:00";"200";"Com vítima";"67,409";"BR-493/RJ";"Crescente";"Atropelamento de pedestre";1;0;0;0;0;0;0;0;0;0;1;0;0;1;0