data;horario;n_da_ocorrencia;tipo_de_ocorrencia;km;trecho;sentido;tipo_de_acidente;automovel;bicicleta;caminhao;moto;onibus;outros;tracao_animal;transporte_de_cargas_especiais;trator_maquinas;utilitarios;ilesos;levemente_feridos;moderadamente_feridos;gravemente_feridos;mortos
"19/10/2025";"19:39:00";"204";"Sem vítima";"89,738";"BR-116/RJ";"Crescente";"Choque";0;0;0;1;0;0;0;0;0;0;1;0;0;0;0
"19/10/2025";"21:05:00";"213";"Sem vítima";"172,020";"BR-116/RJ";"Decrescente";"Engavetamento";3;0;0;0;0;0;0;0;0;0;5;0;0;0;0
"19/10/2025";"21:12:00";"214";"Sem vítima";"197,821";"BR-116/RJ";"Crescente";"Atropelamento de animal";1;0;0;0;0;1;0;0;0;0;2;0;0;0;0
"19/10/2025";"21:41:00";"218";"Sem vítima";"490,000";"BR-116/MG";"Crescente";"Atropelamento de animal";1;0;0;0;0;0;0;0;0;0;1;0;0;0;0
"20/10/2025";"00:59:00";"93";"Sem vítima";"770,000";"BR-116/MG";"Decrescente";"Choque";1;0;0;0;0;0;0;0;0;0;1;0;0;0;0
"20/10/2025";"01:42:00";"95";"Com vítima";"179,411";"BR-116/RJ";"Decrescente";"Atropelamento de pedestre";1;0;0;0;0;0;0;0;0;0;1;0;0;0;1
"20/10/2025";"09:00:00";"136";"Sem vítima";"6,362";"BR-493/RJ";"Decrescente";"Colisão transversal";1;0;0;1;0;0;0;0;0;0;5;0;0;0;0
"20/10/2025";"09:08:00";"138";"Sem vítima";"413,270";"BR-116/MG";"Decrescente";"Colisão traseira";1;0;0;0;0;1;0;0;0;0;2;0;0;0;0
"20/10/2025";"10:55:00";"162";"Sem vítima";"81,548";"BR-493/RJ";"Crescente";"Choque";1;0;0;0;0;0;0;0;0;0;1;0;0;0;0
"20/10/2025";"11:12:00";"165";"Sem vítima";"411,977";"BR-116/MG";"Crescente";"Colisão traseira";1;0;0;0;0;1;0;0;0;0;2;0;0;0;0
"20/10/2025";"11:25:00";"167";"Sem vítima";"72,903";"BR-493/RJ";"Crescente";"Saída de pista";0;0;1;0;0;0;0;0;0;0;2;0;0;0;0
"20/10/2025";"11:33:00";"169";"Com vítima";"412,230";"BR-116/MG";"Crescente";"Atropelamento de pedestre";1;0;0;0;0;0;0;0;0;0;1;1;0;0;0
"20/10/2025";"13:15:00";"194";"Sem vítima";"101,000";"BR-116/RJ";"Crescente";"Choque";1;0;0;0;0;0;0;0;0;0;2;0;0;0;0
"20/10/2025";"14:03:00";"205";"Com vítima";"20,000";"BR-493/RJ";"Decrescente";"Queda de moto";0;0;0;0;0;1;0;0;0;0;0;1;0;0;0
"20/10/2025";"16:51:00";"246";"Com vítima";"91,176";"BR-116/RJ";"Crescente";"Tombamento";1;0;0;0;0;0;0;0;0;0;0;1;0;0;0
"20/10/2025";"17:19:00";"249";"Sem vítima";"742,000";"BR-116/MG";"Decrescente";"Colisão lateral em sentido contrário";1;0;0;0;1;0;0;0;0;0;8;0;0;0;0
"20/10/2025";"18:04:00";"255";"Sem vítima";"172,050";"BR-116/RJ";"Decrescente";"Engavetamento";3;0;0;0;0;0;0;0;0;0;4;0;0;0;0
"20/10/2025";"19:37:00";"267";"Com vítima";"119,000";"BR-116/RJ";"Decrescente";"Atropelamento de pedestre";1;0;0;0;0;0;0;0;0;0;1;0;1;0;0
"20/10/2025";"23:05:00";"292";"Sem vítima";"64,000";"BR-493/RJ";"Decrescente";"Choque";0;0;0;0;0;1;0;0;0;0;1;0;0;0;0
"21/10/2025";"03:30:00";"133";"Sem vítima";"203,000";"BR-116/RJ";"Decrescente";"Atropelamento de animal";1;0;0;0;0;0;0;0;0;0;1;0;0;0;0
"21/10/2025";"06:57:00";"168";"Sem vítima";"469,840";"BR-116/MG";"Decrescente";"Colisão lateral no mesmo sentido";0;0;2;0;0;0;0;0;0;0;2;0;0;0;0
"21/10/2025";"07:44:00";"175";"Com vítima";"522,736";"BR-116/MG";"Decrescente";"Atropelamento de pedestre";1;1;0;0;0;0;0;0;0;0;1;0;0;0;0
"21/10/2025";"08:40:00";"188";"Sem vítima";"0,809";"BR-465/RJ";"Crescente";"Choque";0;0;1;0;0;0;0;0;0;0;3;0;0;0;0
"21/10/2025";"10:01:00";"197";"Com vítima";"184,900";"BR-116/RJ";"Decrescente";"Queda de moto";0;0;0;1;0;0;0;0;0;0;0;1;0;0;0
"21/10/2025";"10:43:00";"207";"Com vítima";"412,743";"BR-116/MG";"Decrescente";"Colisão traseira";1;0;0;1;0;0;0;0;0;0;1;1;0;0;0
"21/10/2025";"10:47:00";"208";"Com vítima";"181,953";"BR-116/RJ";"Crescente";"Colisão lateral no mesmo sentido";1;0;0;1;0;0;0;0;0;0;2;0;1;0;0
"21/10/2025";"11:55:00";"220";"Sem vítima";"85,800";"BR-116/RJ";"Crescente";"Tombamento";1;0;0;0;0;0;0;0;0;0;1;0;0;0;0
"21/10/2025";"14:00:00";"239";"Sem vítima";"138,214";"BR-116/RJ";"Crescente";"Colisão lateral no mesmo sentido";1;0;1;0;0;0;0;0;0;0;3;0;0;0;0
"21/10/2025";"14:47:00";"248";"Sem vítima";"420,861";"BR-116/MG";"Crescente";"Colisão transversal";2;0;0;0;0;0;0;0;0;0;2;0;0;0;0
"21/10/2025";"16:08:00";"260";"Sem vítima";"190,838";"BR-116/RJ";"Crescente";"Tombamento";0;0;0;0;0;0;0;0;0;1;1;0;0;0;0
"21/10/2025";"18:34:00";"284";"Com vítima";"0,630";"BR-465/RJ";"Crescente";"Colisão lateral no mesmo sentido";1;0;0;0;0;1;0;0;0;0;1;3;0;0;0
"21/10/2025";"18:44:00";"285";"Sem vítima";"174,000";"BR-116/RJ";"Decrescente";"Engavetamento";3;0;0;0;0;0;0;0;0;0;6;0;0;0;0
"21/10/2025";"21:05:00";"307";"Sem vítima";"96,000";"BR-493/RJ";"Crescente";"Saída de pista";0;0;0;0;0;1;0;0;0;0;1;0;0;0;0
"21/10/2025";"21:33:00";"311";"Sem vítima";"776,600";"BR-116/MG";"Decrescente";"Capotamento";1;0;0;0;0;0;0;0;0;0;1;0;0;0;0
"21/10/2025";"21:55:00";"313";"Com vítima";"81,000";"BR-493/RJ";"Crescente";"Saída de pista";1;0;0;0;0;0;0;0;0;0;0;0;1;0;0
"21/10/2025";"22:53:00";"320";"Com vítima";"115,000";"BR-116/RJ";"Decrescente";"Atropelamento de pedestre";0;0;0;1;0;0;0;0;0;0;1;0;0;1;0
"22/10/2025";"04:21:00";"147";"Sem vítima";"201,000";"BR-116/RJ";"Crescente";"Saída de pista";1;0;0;0;0;0;0;0;0;0;1;0;0;0;0
"22/10/2025";"06:41:00";"176";"Com vítima";"483,752";"BR-116/MG";"Decrescente";"Colisão frontal";0;0;0;1;0;1;0;0;0;0;2;0;0;0;2
"22/10/2025";"07:07:00";"180";"Sem vítima";"145,000";"BR-116/RJ";"Crescente";"Engavetamento";2;0;0;0;0;1;0;0;0;1;5;0;0;0;0
"22/10/2025";"07:56:00";"189";"Sem vítima";"184,000";"BR-116/RJ";"Crescente";"Colisão frontal";1;0;0;1;0;0;0;0;0;0;3;0;0;0;0
"22/10/2025";"08:18:00";"191";"Sem vítima";"178,000";"BR-116/RJ";"Crescente";"Queda de moto";0;0;0;1;0;0;0;0;0;0;2;0;0;0;0
"22/10/2025";"08:43:00";"195";"Sem vítima";"182,000";"BR-116/RJ";"Crescente";"Colisão traseira";1;0;0;0;0;1;0;0;0;0;2;0;0;0;0
"22/10/2025";"09:41:00";"206";"Sem vítima";"169,200";"BR-116/RJ";"Crescente";"Colisão traseira";1;0;0;1;0;0;0;0;0;0;3;0;0;0;0
"22/10/2025";"10:20:00";"221";"Sem vítima";"147,000";"BR-116/RJ";"Decrescente";"Choque";0;0;1;0;0;0;0;0;0;0;3;0;0;0;0
"22/10/2025";"17:05:00";"287";"Sem vítima";"83,000";"BR-116/RJ";"Decrescente";"Colisão traseira";1;0;0;1;0;0;0;0;0;0;2;0;0;0;0
"22/10/2025";"19:06:00";"306";"Sem vítima";"176,018";"BR-116/RJ";"Decrescente";"Colisão lateral no mesmo sentido";1;0;0;1;0;0;0;0;0;0;3;0;0;0;0
"22/10/2025";"19:20:00";"308";"Sem vítima";"97,000";"BR-493/RJ";"Crescente";"Saída de pista";1;0;0;0;0;0;0;0;0;0;2;0;0;0;0
"22/10/2025";"20:14:00";"321";"Com vítima";"636,000";"BR-116/MG";"Crescente";"Capotamento";1;0;0;0;0;0;0;0;0;0;0;0;1;0;0
"22/10/2025";"20:38:00";"326";"Sem vítima";"88,000";"BR-493/RJ";"Decrescente";"Atropelamento de animal";1;0;0;0;0;0;0;0;0;0;3;0;0;0;0
"22/10/2025";"23:53:00";"348";"Com vítima";"545,000";"BR-116/MG";"Decrescente";"Choque";1;0;0;0;0;0;0;0;0;0;0;1;0;0;0
"23/10/2025";"00:58:00";"99";"Com vítima";"123,000";"BR-116/RJ";"Crescente";"Colisão traseira";0;0;1;0;0;1;0;0;0;0;1;1;0;0;0
"23/10/2025";"01:16:00";"119";"Sem vítima";"184,865";"BR-116/RJ";"Decrescente";"Tombamento";1;0;0;0;0;0;0;0;0;0;1;0;0;0;0
"23/10/2025";"07:08:00";"200";"Com vítima";"524,000";"BR-116/MG";"Crescente";"Colisão traseira";0;0;0;1;0;1;0;0;0;0;1;0;1;0;0
"23/10/2025";"07:13:00";"202";"Com vítima";"0,300";"BR-465/RJ";"Crescente";"Queda de moto";0;0;0;1;0;0;0;0;0;0;0;1;0;0;0
"23/10/2025";"07:56:00";"207";"Com vítima";"682,000";"BR-116/MG";"Crescente";"Colisão lateral no mesmo sentido";0;0;0;1;0;0;0;0;0;0;0;1;0;0;0
"23/10/2025";"11:20:00";"248";"Com vítima";"19,000";"BR-493/RJ";"Crescente";"Colisão lateral no mesmo sentido";0;0;0;1;0;1;0;0;0;0;1;0;1;0;0
"23/10/2025";"13:12:00";"266";"Sem vítima";"182,000";"BR-116/RJ";"Crescente";"Colisão traseira";1;0;1;0;0;0;0;0;0;0;2;0;0;0;0
"23/10/2025";"13:19:00";"268";"Sem vítima";"22,000";"BR-493/RJ";"Crescente";"Colisão traseira";1;0;0;0;0;1;0;0;0;0;2;0;0;0;0
"23/10/2025";"16:09:00";"291";"Sem vítima";"4,654";"BR-465/RJ";"Decrescente";"Colisão traseira";3;0;0;0;0;0;0;0;0;0;3;0;0;0;0
"23/10/2025";"16:16:00";"295";"Sem vítima";"174,000";"BR-116/RJ";"Decrescente";"Colisão lateral no mesmo sentido";1;0;0;1;0;0;0;0;0;0;3;0;0;0;0
"23/10/2025";"16:50:00";"302";"Com vítima";"80,000";"BR-116/RJ";"Decrescente";"Tombamento";0;0;1;1;0;0;0;0;0;0;0;2;0;0;0
"23/10/2025";"19:18:00";"334";"Com vítima";"13,035";"BR-465/RJ";"Decrescente";"Atropelamento de ciclista";0;1;0;1;0;0;0;0;0;0;1;0;0;0;0
"23/10/2025";"22:35:00";"370";"Com vítima";"93,200";"BR-116/RJ";"Crescente";"Choque";0;0;1;0;0;0;0;0;0;0;0;1;1;0;0
"24/10/2025";"02:14:00";"151";"Sem vítima";"469,000";"BR-116/MG";"Crescente";"Saída de pista";1;0;0;0;0;0;0;0;0;0;2;0;0;0;0
"24/10/2025";"06:06:00";"172";"Com vítima";"186,800";"BR-116/RJ";"Decrescente";"Engavetamento";1;0;1;1;0;0;0;0;0;0;2;1;1;0;0
"24/10/2025";"06:12:00";"173";"Sem vítima";"14,000";"BR-493/RJ";"Decrescente";"Colisão lateral no mesmo sentido";1;0;0;1;0;0;0;0;0;0;2;0;0;0;0
"24/10/2025";"06:20:00";"175";"Com vítima";"188,200";"BR-116/RJ";"Decrescente";"Colisão lateral no mesmo sentido";1;0;0;1;0;0;0;0;0;0;1;1;0;0;0
"24/10/2025";"06:58:00";"179";"Sem vítima";"204,670";"BR-116/RJ";"Decrescente";"Colisão traseira";0;0;1;0;0;1;0;0;0;0;2;0;0;0;0
"24/10/2025";"09:17:00";"211";"Com vítima";"15,300";"BR-465/RJ";"Decrescente";"Colisão traseira";1;0;0;1;0;0;0;0;0;0;1;0;1;0;0
"24/10/2025";"13:49:00";"242";"Com vítima";"171,937";"BR-116/RJ";"Decrescente";"Colisão traseira";1;0;0;0;0;0;0;0;0;1;2;1;0;0;0
"24/10/2025";"16:27:00";"276";"Com vítima";"410,520";"BR-116/MG";"Decrescente";"Colisão transversal";0;0;0;2;0;0;0;0;0;0;0;1;1;0;0
"24/10/2025";"18:25:00";"297";"Com vítima";"1,000";"BR-465/RJ";"Crescente";"Colisão traseira";0;0;0;1;0;1;0;0;0;0;1;1;1;0;0
"24/10/2025";"19:22:00";"311";"Com vítima";"412,000";"BR-116/MG";"Decrescente";"Colisão lateral no mesmo sentido";1;0;0;1;0;0;0;0;0;0;1;1;0;0;0
"24/10/2025";"20:24:00";"317";"Sem vítima";"183,000";"BR-116/RJ";"Decrescente";"Tombamento";0;0;0;0;1;0;0;0;0;1;2;0;0;0;0
"24/10/2025";"21:56:00";"331";"Com vítima";"82,000";"BR-116/RJ";"Crescente";"Atropelamento de pedestre";0;0;0;0;0;1;0;0;0;0;1;0;1;0;0
"24/10/2025";"22:53:00";"338";"Com vítima";"698,000";"BR-116/MG";"Crescente";"Tombamento";0;0;1;0;0;0;0;0;0;0;0;0;0;1;0
"25/10/2025";"01:51:00";"82";"Com vítima";"549,000";"BR-116/MG";"Decrescente";"Queda de moto";0;0;0;1;0;0;0;0;0;0;1;1;0;0;0
"25/10/2025";"04:57:00";"153";"Sem vítima";"187,538";"BR-116/RJ";"Crescente";"Choque";1;0;0;0;0;0;0;0;0;0;2;0;0;0;0
"25/10/2025";"05:18:00";"156";"Com vítima";"148,000";"BR-116/RJ";"Crescente";"Queda de moto";0;0;0;1;0;0;0;0;0;0;0;1;0;0;0
"25/10/2025";"06:33:00";"165";"Sem vítima";"94,878";"BR-493/RJ";"Decrescente";"Saída de pista";1;0;0;0;0;0;0;0;0;0;3;0;0;0;0
"25/10/2025";"06:54:00";"169";"Sem vítima";"172,000";"BR-116/RJ";"Decrescente";"Engavetamento";3;0;0;0;0;0;0;0;0;0;3;0;0;0;0
"25/10/2025";"09:10:00";"193";"Sem vítima";"172,000";"BR-116/RJ";"Decrescente";"Engavetamento";3;0;0;0;0;0;0;0;0;0;5;0;0;0;0
"25/10/2025";"10:51:00";"211";"Sem vítima";"539,581";"BR-116/MG";"Crescente";"Tombamento";0;0;0;0;0;1;0;0;0;0;1;0;0;0;0
"25/10/2025";"12:45:00";"239";"Sem vítima";"175,593";"BR-116/RJ";"Decrescente";"Colisão traseira";1;0;0;0;0;1;0;0;0;0;3;0;0;0;0
"25/10/2025";"13:45:00";"249";"Sem vítima";"774,000";"BR-116/MG";"Decrescente";"Colisão lateral em sentido contrário";0;0;0;0;0;2;0;0;0;0;2;0;0;0;0
"25/10/2025";"15:15:00";"266";"Com vítima";"421,000";"BR-116/MG";"Decrescente";"Queda de moto";0;0;0;1;0;0;0;0;0;0;0;1;0;0;0
"25/10/2025";"16:08:00";"278";"Sem vítima";"421,000";"BR-116/MG";"Crescente";"Colisão transversal";2;0;0;0;0;0;0;0;0;0;2;0;0;0;0
"25/10/2025";"19:49:00";"315";"Sem vítima";"96,000";"BR-493/RJ";"Crescente";"Tombamento";0;0;1;0;0;0;0;0;0;0;1;0;0;0;0
"25/10/2025";"20:40:00";"317";"Com vítima";"70,000";"BR-116/RJ";"Decrescente";"Atropelamento de pedestre";1;0;0;0;0;0;0;0;0;0;1;0;1;0;0
"25/10/2025";"21:02:00";"320";"Sem vítima";"17,000";"BR-493/RJ";"Crescente";"Choque";1;0;0;0;0;0;0;0;0;0;1;0;0;0;0
"26/10/2025";"02:47:00";"24";"Com vítima";"503,000";"BR-116/MG";"Decrescente";"Capotamento";2;0;0;0;0;0;0;0;0;0;1;1;0;0;0
"26/10/2025";"04:14:00";"33";"Sem vítima";"450,270";"BR-116/MG";"Decrescente";"Saída de pista";1;0;0;0;0;0;0;0;0;0;1;0;0;0;0
"26/10/2025";"06:04:00";"39";"Com vítima";"412,201";"BR-116/MG";"Crescente";"Choque";0;0;0;1;0;1;0;0;0;0;1;0;2;0;0
"26/10/2025";"07:05:00";"43";"Sem vítima";"568,443";"BR-116/MG";"Crescente";"Acidentes de outra natureza";1;0;0;0;0;0;0;0;0;0;1;0;0;0;0
"26/10/2025";"08:18:00";"51";"Com vítima";"193,329";"BR-116/RJ";"Decrescente";"Colisão traseira";2;0;0;0;0;0;0;0;0;0;2;0;1;0;0
"26/10/2025";"08:22:00";"52";"Com vítima";"477,788";"BR-116/MG";"Decrescente";"Colisão lateral no mesmo sentido";1;0;0;1;0;0;0;0;0;0;2;1;0;0;0
"26/10/2025";"09:17:00";"59";"Com vítima";"123,000";"BR-116/RJ";"Crescente";"Capotamento";1;0;0;0;0;0;0;0;0;0;1;1;0;0;0
"26/10/2025";"13:51:00";"108";"Com vítima";"108,752";"BR-116/RJ";"Crescente";"Colisão lateral no mesmo sentido";1;0;0;1;0;0;0;0;0;0;1;2;0;0;0
"26/10/2025";"14:40:00";"115";"Com vítima";"81,642";"BR-116/RJ";"Decrescente";"Colisão transversal";1;0;0;0;0;0;0;0;0;1;1;1;0;0;0
"26/10/2025";"15:55:00";"127";"Sem vítima";"52,345";"BR-493/RJ";"Decrescente";"Colisão transversal";1;0;0;0;0;1;0;0;0;0;2;0;0;0;0
"26/10/2025";"17:29:00";"145";"Com vítima";"176,000";"BR-116/RJ";"Decrescente";"Queda de moto";0;0;0;1;0;0;0;0;0;0;1;0;1;0;0
"26/10/2025";"18:38:00";"161";"Com vítima";"177,000";"BR-116/RJ";"Decrescente";"Colisão lateral no mesmo sentido";1;0;0;1;0;0;0;0;0;0;1;2;0;0;0
"26/10/2025";"20:00:00";"175";"Com vítima";"530,000";"BR-116/MG";"Decrescente";"Engavetamento";3;0;0;0;0;0;0;0;0;0;3;0;1;0;0
"26/10/2025";"20:53:00";"182";"Com vítima";"72,000";"BR-116/RJ";"Decrescente";"Capotamento";1;0;0;0;0;0;0;0;0;0;0;1;0;0;0
"26/10/2025";"21:53:00";"194";"Sem vítima";"76,000";"BR-493/RJ";"Crescente";"Atropelamento de animal";1;0;0;0;0;0;0;0;0;0;1;0;0;0;0
"26/10/2025";"22:36:00";"202";"Sem vítima";"411,000";"BR-116/MG";"Decrescente";"Colisão lateral no mesmo sentido";2;0;0;0;0;0;0;0;0;0;2;0;0;0;0
"26/10/2025";"23:07:00";"208";"Com vítima";"4,912";"BR-465/RJ";"Crescente";"Colisão traseira";0;0;0;2;0;0;0;0;0;0;1;2;0;0;0
"26/10/2025";"23:10:00";"210";"Com vítima";"186,000";"BR-116/RJ";"Decrescente";"Colisão traseira";2;0;0;0;0;0;0;0;0;0;0;4;0;0;0
"27/10/2025";"04:55:00";"100";"Sem vítima";"110,000";"BR-116/RJ";"Decrescente";"Colisão traseira";1;0;0;0;0;0;0;0;0;1;3;0;0;0;0
"27/10/2025";"08:20:00";"160";"Sem vítima";"170,000";"BR-116/RJ";"Crescente";"Saída de pista";1;0;0;0;0;0;0;0;0;0;1;0;0;0;0
"27/10/2025";"08:52:00";"170";"Sem vítima";"145,000";"BR-116/RJ";"Decrescente";"Colisão traseira";0;0;0;1;0;0;0;0;0;1;2;0;0;0;0
"27/10/2025";"11:43:00";"202";"Sem vítima";"99,827";"BR-116/RJ";"Decrescente";"Tombamento";1;0;0;0;0;0;0;0;0;0;1;0;0;0;0
"27/10/2025";"12:18:00";"205";"Com vítima";"703,800";"BR-116/MG";"Decrescente";"Saída de pista";0;0;0;1;0;0;0;0;0;0;0;1;0;0;0
"27/10/2025";"18:40:00";"281";"Com vítima";"169,200";"BR-116/RJ";"Crescente";"Colisão lateral no mesmo sentido";0;0;1;1;0;0;0;0;0;0;1;3;0;0;0
"27/10/2025";"19:10:00";"287";"Com vítima";"144,000";"BR-116/RJ";"Crescente";"Colisão traseira";1;0;0;0;1;0;0;0;0;0;1;0;1;0;0
"27/10/2025";"21:34:00";"306";"Sem vítima";"96,900";"BR-493/RJ";"Crescente";"Choque";1;0;0;0;0;0;0;0;0;0;1;0;0;0;0
"28/10/2025";"05:13:00";"174";"Com vítima";"85,133";"BR-493/RJ";"Crescente";"Colisão traseira";1;0;0;1;0;0;0;0;0;0;1;0;0;0;1
"28/10/2025";"06:45:00";"182";"Com vítima";"695,000";"BR-116/MG";"Decrescente";"Queda de moto";0;0;0;1;0;0;0;0;0;0;0;0;1;0;0
"28/10/2025";"08:49:00";"197";"Sem vítima";"110,000";"BR-116/RJ";"Crescente";"Colisão lateral em sentido contrário";2;0;0;0;0;0;0;0;0;0;7;0;0;0;0
"28/10/2025";"08:51:00";"198";"Sem vítima";"143,000";"BR-116/RJ";"Crescente";"Queda de moto";0;0;0;1;0;0;0;0;0;0;1;0;0;0;0
"28/10/2025";"12:23:00";"237";"Com vítima";"8,000";"BR-493/RJ";"Crescente";"Colisão frontal";1;0;0;0;0;1;0;0;0;0;1;0;0;0;1
"28/10/2025";"14:32:00";"254";"Com vítima";"38,582";"BR-116/RJ";"Decrescente";"Colisão frontal";2;0;0;0;0;0;0;0;0;0;0;2;0;0;1
"28/10/2025";"15:23:00";"262";"Com vítima";"181,000";"BR-116/RJ";"Decrescente";"Queda de moto";0;0;0;1;0;0;0;0;0;0;0;0;2;0;0
"28/10/2025";"16:36:00";"280";"Com vítima";"525,000";"BR-116/MG";"Decrescente";"Colisão traseira";1;0;0;1;0;0;0;0;0;0;1;0;0;1;0
"28/10/2025";"17:30:00";"291";"Sem vítima";"13,900";"BR-465/RJ";"Crescente";"Colisão lateral no mesmo sentido";0;0;0;1;0;0;0;0;0;1;2;0;0;0;0
"29/10/2025";"07:42:00";"152";"Com vítima";"183,000";"BR-116/RJ";"Crescente";"Colisão transversal";1;0;0;1;0;0;0;0;0;0;1;1;0;0;0
"29/10/2025";"11:07:00";"184";"Com vítima";"701,000";"BR-116/MG";"Decrescente";"Colisão lateral no mesmo sentido";1;0;0;1;0;0;0;0;0;0;1;1;0;0;0
"29/10/2025";"18:31:00";"261";"Com vítima";"762,000";"BR-116/MG";"Crescente";"Colisão traseira";1;0;1;0;0;0;0;0;0;0;0;4;0;0;0
"30/10/2025";"00:49:00";"78";"Com vítima";"4,000";"BR-465/RJ";"Decrescente";"Queda de moto";0;0;0;1;0;0;0;0;0;0;0;1;0;0;0
"30/10/2025";"13:23:00";"208";"Com vítima";"42,261";"BR-116/RJ";"Decrescente";"Colisão transversal";1;0;0;1;0;0;0;0;0;0;1;0;1;0;0
"30/10/2025";"14:34:00";"218";"Com vítima";"55,000";"BR-493/RJ";"Decrescente";"Saída de pista";1;0;0;0;0;0;0;0;0;0;0;1;0;0;0
"30/10/2025";"15:08:00";"220";"Sem vítima";"212,000";"BR-116/RJ";"Decrescente";"Saída de pista";1;0;0;0;0;0;0;0;0;0;2;0;0;0;0
"30/10/2025";"16:41:00";"232";"Sem vítima";"24,800";"BR-493/RJ";"Decrescente";"Colisão traseira";0;0;1;0;0;1;0;0;0;0;2;0;0;0;0
"30/10/2025";"17:02:00";"235";"Com vítima";"714,430";"BR-116/MG";"Decrescente";"Choque";1;0;0;0;0;0;0;0;0;0;2;1;0;0;0
"30/10/2025";"17:04:00";"236";"Sem vítima";"762,181";"BR-116/MG";"Decrescente";"Choque";0;0;1;0;0;0;0;0;0;0;1;0;0;0;0
"30/10/2025";"17:49:00";"245";"Sem vítima";"97,000";"BR-116/RJ";"Decrescente";"Saída de pista";1;0;0;0;0;0;0;0;0;0;2;0;0;0;0
"30/10/2025";"18:14:00";"246";"Sem vítima";"90,000";"BR-116/RJ";"Decrescente";"Saída de pista";1;0;0;0;0;0;0;0;0;0;1;0;0;0;0
"30/10/2025";"18:50:00";"252";"Sem vítima";"411,700";"BR-116/MG";"Decrescente";"Queda de moto";1;0;0;1;0;0;0;0;0;0;2;0;0;0;0
"30/10/2025";"19:05:00";"254";"Com vítima";"52,000";"BR-493/RJ";"Crescente";"Capotamento";1;0;0;0;0;0;0;0;0;0;1;1;0;0;0
"30/10/2025";"19:39:00";"257";"Sem vítima";"192,000";"BR-116/RJ";"Crescente";"Colisão lateral no mesmo sentido";1;0;0;0;0;1;0;0;0;0;2;0;0;0;0
"30/10/2025";"23:47:00";"285";"Sem vítima";"6,000";"BR-493/RJ";"Decrescente";"Atropelamento de animal";1;0;0;0;0;0;0;0;0;0;1;0;0;0;0
"30/10/2025";"23:50:00";"287";"Sem vítima";"412,000";"BR-116/MG";"Decrescente";"Colisão lateral em sentido contrário";1;0;0;1;0;0;0;0;0;0;2;0;0;0;0
"31/10/2025";"03:56:00";"120";"Sem vítima";"200,800";"BR-116/RJ";"Crescente";"Colisão traseira";0;0;0;0;0;1;0;0;0;1;3;0;0;0;0
"31/10/2025";"06:42:00";"145";"Sem vítima";"803,000";"BR-116/MG";"Decrescente";"Capotamento";1;0;0;0;0;0;0;0;0;0;2;0;0;0;0
"31/10/2025";"07:52:00";"152";"Com vítima";"0,300";"BR-493/RJ";"Decrescente";"Queda de moto";0;0;0;1;0;0;0;0;0;0;0;1;0;0;0
"31/10/2025";"08:39:00";"157";"Sem vítima";"705,000";"BR-116/MG";"Crescente";"Colisão lateral em sentido contrário";2;0;0;0;0;0;0;0;0;0;2;0;0;0;0
"31/10/2025";"12:08:00";"197";"Sem vítima";"5,090";"BR-465/RJ";"Crescente";"Colisão traseira";1;0;1;0;0;1;0;0;0;0;3;0;0;0;0
"31/10/2025";"14:19:00";"215";"Com vítima";"663,000";"BR-116/MG";"Decrescente";"Colisão frontal";1;0;1;2;0;0;0;0;0;0;1;2;0;2;1
"31/10/2025";"14:19:00";"216";"Com vítima";"421,000";"BR-116/MG";"Decrescente";"Colisão transversal";1;0;0;1;0;0;0;0;0;0;1;0;1;0;0
"31/10/2025";"15:41:00";"228";"Com vítima";"170,500";"BR-116/RJ";"Crescente";"Queda de moto";1;0;0;0;0;0;0;0;0;0;0;0;0;1;0
"31/10/2025";"17:22:00";"239";"Com vítima";"66,800";"BR-116/RJ";"Crescente";"Queda de moto";0;0;0;1;0;0;0;0;0;0;0;0;1;0;0
"31/10/2025";"17:26:00";"240";"Sem vítima";"641,000";"BR-116/MG";"Decrescente";"Capotamento";1;0;0;0;0;0;0;0;0;0;1;0;0;0;0
"31/10/2025";"17:32:00";"241";"Sem vítima";"410,000";"BR-116/MG";"Decrescente";"Engavetamento";3;0;0;0;0;0;0;0;0;0;3;0;0;0;0
"31/10/2025";"18:36:00";"244";"Com vítima";"748,500";"BR-116/MG";"Decrescente";"Capotamento";1;0;0;0;0;0;0;0;0;0;0;3;1;0;0
"31/10/2025";"18:40:00";"272";"Com vítima";"748,500";"BR-116/MG";"Decrescente";"Colisão lateral no mesmo sentido";2;0;0;0;0;0;0;0;0;0;3;1;0;0;0
"31/10/2025";"22:52:00";"288";"Com vítima";"55,000";"BR-493/RJ";"Crescente";"Colisão traseira";2;0;0;0;0;0;0;0;0;0;0;3;0;0;0